id,sex,year,t0,t1,t2,t3,t4,A10,A30,MAX,KKZ,KKZT,Officer,DAPAR,TZADAK,MAVDAK1,MAVDAK2,REJECTED,EXCEL,GRADE,SOCIO_TIRONUT,SOCIO_PIKUD
11679526,1,2015,0.01348,0.01366,0.01335,0.01335,0.94616,1,1,0.94616,1,2,1,60.0,26.0,,93.0,0,0,75,0.0,
11679551,1,2015,0.01256,0.01254,0.28654,0.01347,0.67489,2,1,0.67489,1,2,1,60.0,24.0,,92.0,0,0,74,,
11786800,1,2015,0.01862,0.29409,0.01822,0.01833,0.65074,2,1,0.65074,1,2,1,60.0,25.0,4.0,,0,0,77,16.0,19.0
11788493,1,2015,0.30144,0.01134,0.01116,0.01112,0.66494,2,2,0.66494,1,2,1,70.0,34.0,6.0,,0,0,81,92.0,59.0
11789026,1,2015,0.00989,0.96135,0.00957,0.00960,0.00959,1,1,0.96135,1,2,1,60.0,33.0,4.0,,0,0,80,,
11789799,1,2015,0.01727,0.93229,0.01686,0.01667,0.01691,1,1,0.93229,1,2,1,60.0,33.0,5.0,,0,0,78,43.0,
11842960,1,2015,0.89055,0.08317,0.00870,0.00870,0.00888,1,1,0.89055,1,2,1,70.0,28.0,5.0,,0,0,78,47.0,
11843726,0,2015,0.17541,0.15238,0.09371,0.31201,0.26650,4,1,0.31201,1,2,0,60.0,,3.0,,0,0,0,18.0,
11844279,0,2015,0.01337,0.86380,0.01346,0.09592,0.01345,1,1,0.86380,1,2,1,60.0,,6.0,,0,0,75,,9.0
11844334,0,2015,0.26824,0.54575,0.01336,0.01348,0.15916,3,1,0.54575,1,2,1,50.0,,5.0,,0,0,85,70.0,78.0
11844485,1,2015,0.01115,0.01117,0.01113,0.01115,0.95539,1,1,0.95539,1,2,1,50.0,28.0,6.0,,0,0,84,6.0,8.0
11844524,1,2015,0.11266,0.83778,0.00615,0.03716,0.00625,2,1,0.83778,1,2,1,50.0,33.0,6.0,,0,0,80,63.0,
11845560,1,2015,0.83943,0.00675,0.00681,0.14022,0.00679,2,1,0.83943,1,2,1,60.0,26.0,4.0,,0,0,73,14.0,3.0
11846582,0,2015,0.01006,0.89240,0.01018,0.01006,0.07730,1,1,0.89240,1,2,1,60.0,,3.0,,0,0,79,13.0,
11847450,1,2015,0.11962,0.00780,0.65740,0.00778,0.20740,3,1,0.65740,1,2,1,80.0,32.0,7.0,,0,0,83,9.0,
11848534,0,2015,0.02225,0.91084,0.02234,0.02222,0.02235,1,1,0.91084,1,2,1,60.0,,3.0,,0,0,83,15.0,27.0
11849127,0,2015,0.00957,0.00968,0.13703,0.00953,0.83419,2,1,0.83419,1,2,1,60.0,,6.0,,0,0,79,16.0,17.0
11850045,0,2015,0.00776,0.20529,0.00774,0.45473,0.32448,3,2,0.45473,1,2,1,60.0,,3.0,,0,0,75,40.0,
11850054,0,2015,0.00774,0.00794,0.06027,0.00773,0.91632,1,1,0.91632,1,2,1,80.0,,4.0,,0,0,77,15.0,
11850150,0,2015,0.07641,0.01019,0.84130,0.06185,0.01026,1,1,0.84130,1,2,1,50.0,,3.0,,0,0,78,,9.0
11850191,0,2015,0.00698,0.00715,0.20387,0.00694,0.77506,2,1,0.77506,1,2,1,90.0,,5.0,,0,0,74,38.0,15.0
11850222,1,2015,0.01079,0.01076,0.12757,0.01054,0.84034,2,1,0.84034,1,2,1,60.0,28.0,4.0,,0,0,83,8.0,0.0
11850461,1,2015,0.01501,0.94166,0.01451,0.01437,0.01445,1,1,0.94166,1,2,1,30.0,25.0,4.0,,0,0,81,,
11850593,0,2015,0.00785,0.00797,0.57438,0.00785,0.40194,2,2,0.57438,1,2,1,70.0,,5.0,,0,0,79,,16.0
11850719,0,2015,0.07187,0.21258,0.00840,0.69863,0.00852,2,1,0.69863,1,2,1,60.0,,5.0,,0,0,84,31.0,16.0
11850772,0,2015,0.00839,0.00849,0.00853,0.96607,0.00852,1,1,0.96607,1,2,1,80.0,,6.0,,0,1,82,,17.0
11851243,1,2015,0.00804,0.50292,0.47295,0.00801,0.00808,2,2,0.50292,1,2,1,60.0,28.0,5.0,,0,0,82,,21.0
11851780,0,2015,0.14354,0.83112,0.00839,0.00850,0.00845,2,1,0.83112,1,2,1,70.0,,5.0,,0,0,82,5.0,
11852504,1,2015,0.02860,0.88465,0.02886,0.02914,0.02875,1,1,0.88465,1,2,1,70.0,38.0,4.0,,0,0,80,31.0,
11852664,1,2015,0.91478,0.00811,0.06094,0.00801,0.00815,1,1,0.91478,1,2,1,80.0,31.0,5.0,,0,0,77,38.0,
11852758,1,2015,0.01853,0.45040,0.01831,0.01842,0.49434,2,2,0.49434,1,2,1,60.0,33.0,4.0,,0,0,77,18.0,4.0
11853002,1,2015,0.36662,0.03452,0.03334,0.03334,0.53217,2,2,0.53217,1,2,1,70.0,33.0,5.0,,0,0,81,52.0,
11853536,0,2015,0.00881,0.81600,0.00876,0.00874,0.15770,2,1,0.81600,1,2,1,60.0,,,,0,0,76,74.0,80.0
11853853,1,2015,0.24852,0.02011,0.69068,0.02010,0.02059,2,1,0.69068,1,2,1,60.0,30.0,4.0,,0,0,71,9.0,
11854357,1,2015,0.00873,0.96499,0.00874,0.00881,0.00874,1,1,0.96499,1,2,1,70.0,32.0,4.0,,0,0,81,57.0,
11854371,0,2015,0.16533,0.80702,0.00919,0.00928,0.00918,2,1,0.80702,1,2,1,80.0,,8.0,,0,0,80,,41.0
11855610,1,2015,0.09535,0.85823,0.01544,0.01544,0.01554,1,1,0.85823,1,2,1,70.0,26.0,5.0,,0,0,79,,
11856399,0,2015,0.00915,0.36394,0.00915,0.60862,0.00913,2,2,0.60862,1,2,1,70.0,,4.0,,0,0,75,25.0,
11856578,1,2015,0.01064,0.41170,0.07681,0.01079,0.49006,2,2,0.49006,1,2,1,70.0,28.0,5.0,,0,0,78,9.0,29.0
11857664,0,2015,0.08583,0.01124,0.74314,0.14855,0.01124,2,1,0.74314,1,2,1,40.0,,,94.0,0,0,77,36.0,27.0
11923662,1,2015,0.00756,0.00746,0.33350,0.64395,0.00754,2,2,0.64395,1,2,1,80.0,25.0,,92.0,0,0,81,0.0,
11925375,1,2015,0.00820,0.16479,0.16543,0.00809,0.65350,3,1,0.65350,1,2,1,30.0,33.0,,93.0,0,0,82,,14.0
11927180,1,2015,0.78300,0.01379,0.01374,0.01335,0.17611,2,1,0.78300,1,2,1,90.0,35.0,,93.0,0,0,78,,
11937144,1,2015,0.00670,0.00675,0.11863,0.00698,0.86094,2,1,0.86094,1,2,1,60.0,27.0,,93.0,0,0,80,64.0,40.0
11941586,1,2015,0.00808,0.00805,0.00806,0.05201,0.92380,1,1,0.92380,1,2,1,70.0,31.0,,94.0,0,0,83,47.0,
11941639,0,2015,0.00664,0.97371,0.00667,0.00648,0.00651,1,1,0.97371,1,2,1,50.0,,,93.0,0,0,76,,
11943652,1,2015,0.49371,0.38483,0.04054,0.04037,0.04056,2,2,0.49371,1,2,1,50.0,32.0,,93.0,0,0,76,33.0,0.0
11945645,1,2015,0.29914,0.66729,0.01123,0.01114,0.01119,2,1,0.66729,1,2,1,50.0,25.0,,93.0,0,0,75,2.0,
11946372,1,2015,0.00743,0.00766,0.00742,0.00759,0.96990,1,1,0.96990,1,2,1,60.0,16.0,5.0,,0,0,78,11.0,9.0
11947768,1,2015,0.01435,0.86567,0.01438,0.01435,0.09124,1,1,0.86567,1,2,1,50.0,24.0,,93.0,0,0,81,0.0,10.0
11952234,1,2015,0.00817,0.00825,0.29210,0.68305,0.00843,2,1,0.68305,1,2,1,80.0,29.0,,95.0,0,0,80,,
11953175,1,2015,0.01280,0.49019,0.06050,0.01306,0.42345,2,2,0.49019,1,2,1,50.0,24.0,,92.0,0,0,64,5.0,0.0
11953824,1,2015,0.10719,0.00792,0.00777,0.00779,0.86933,2,1,0.86933,1,2,1,60.0,30.0,,93.0,0,1,90,64.0,
11955358,0,2015,0.00883,0.16997,0.73845,0.07376,0.00899,2,1,0.73845,1,2,1,60.0,,,93.0,0,0,70,2.0,
11968081,1,2015,0.01285,0.01259,0.01268,0.01255,0.94932,1,1,0.94932,1,2,1,70.0,24.0,,93.0,0,0,66,12.0,
11994591,0,2015,0.00880,0.00902,0.00878,0.25024,0.72315,2,1,0.72315,1,2,1,50.0,,,94.0,0,0,81,54.0,
11994715,1,2015,0.01192,0.69209,0.01179,0.01208,0.27211,2,1,0.69209,1,2,1,50.0,30.0,,93.0,0,0,81,19.0,
11997100,1,2015,0.00977,0.00976,0.17309,0.25197,0.55542,3,1,0.55542,1,2,0,90.0,32.0,4.0,,0,0,0,5.0,
12000628,1,2015,0.00762,0.96987,0.00750,0.00742,0.00758,1,1,0.96987,1,2,1,80.0,31.0,,94.0,0,0,89,,
12005761,0,2015,0.00721,0.12965,0.84858,0.00717,0.00738,2,1,0.84858,1,2,1,80.0,,4.0,,0,0,75,17.0,12.0
12034880,1,2015,0.29110,0.00885,0.06105,0.00877,0.63023,2,1,0.63023,1,2,1,50.0,24.0,,93.0,0,0,86,0.0,4.0
12036887,1,2015,0.12388,0.02009,0.02007,0.81586,0.02009,2,1,0.81586,1,2,1,70.0,29.0,,93.0,0,0,86,9.0,
12037587,1,2015,0.02245,0.02245,0.02225,0.02226,0.91059,1,1,0.91059,1,2,1,50.0,28.0,,93.0,0,0,81,77.0,
12040187,0,2015,0.31025,0.10858,0.00757,0.32445,0.24915,4,2,0.32445,1,2,1,50.0,,,93.0,0,0,80,50.0,
12041354,1,2015,0.01178,0.26768,0.60137,0.01191,0.10726,3,1,0.60137,1,2,1,80.0,27.0,,93.0,0,0,81,,
12042664,1,2015,0.08607,0.01010,0.01013,0.01036,0.88334,1,1,0.88334,1,2,1,60.0,25.0,,94.0,0,0,77,4.0,
12044894,0,2015,0.54324,0.43135,0.00846,0.00837,0.00858,2,2,0.54324,1,2,1,50.0,,,93.0,0,0,72,,
12048131,1,2015,0.07337,0.89918,0.00911,0.00916,0.00918,1,1,0.89918,1,2,1,60.0,26.0,4.0,,0,0,76,45.0,
12056345,1,2015,0.06872,0.90938,0.00748,0.00721,0.00721,1,1,0.90938,1,2,1,80.0,25.0,,92.0,0,0,76,3.0,
12062922,0,2015,0.00717,0.00726,0.00729,0.00724,0.97103,1,1,0.97103,1,2,1,70.0,,,95.0,0,0,82,4.0,
12067593,1,2015,0.23052,0.01062,0.01055,0.73697,0.01134,2,1,0.73697,1,2,1,30.0,26.0,,92.0,0,0,69,10.0,5.0
12072243,1,2015,0.01367,0.10946,0.78284,0.08038,0.01365,2,1,0.78284,1,2,1,60.0,28.0,,93.0,0,0,79,3.0,
12072247,0,2015,0.71828,0.07508,0.01049,0.18572,0.01043,2,1,0.71828,1,2,1,60.0,,,93.0,0,0,86,,
12072918,0,2015,0.00784,0.96885,0.00777,0.00777,0.00776,1,1,0.96885,1,2,1,40.0,,,93.0,0,0,77,29.0,
12074766,1,2015,0.00806,0.96768,0.00804,0.00812,0.00810,1,1,0.96768,1,2,1,90.0,33.0,3.0,,0,0,72,29.0,
12078989,1,2015,0.01115,0.01118,0.95526,0.01112,0.01128,1,1,0.95526,1,2,1,90.0,26.0,,94.0,0,0,73,,
12079216,1,2015,0.10368,0.00735,0.71326,0.00728,0.16842,3,1,0.71326,1,2,1,80.0,22.0,,92.0,0,0,76,,
12158625,0,2015,0.14299,0.77489,0.00742,0.06707,0.00762,2,1,0.77489,1,2,0,30.0,,,93.0,0,0,0,,
12219362,1,2015,0.00877,0.00903,0.10416,0.00872,0.86932,2,1,0.86932,1,2,1,50.0,28.0,,93.0,0,0,83,12.0,5.0
12219399,0,2015,0.00695,0.38378,0.59502,0.00699,0.00726,2,2,0.59502,1,2,1,60.0,,,95.0,0,0,80,17.0,
12227242,1,2015,0.88060,0.09318,0.00871,0.00872,0.00880,1,1,0.88060,1,2,1,70.0,19.0,,93.0,0,0,78,,
12227565,1,2015,0.52352,0.41605,0.02016,0.02000,0.02027,2,2,0.52352,1,2,1,60.0,25.0,,94.0,0,0,78,8.0,
12232039,1,2015,0.71398,0.00709,0.18203,0.00694,0.08996,2,1,0.71398,1,2,1,50.0,35.0,,94.0,0,1,89,10.0,
12235755,0,2015,0.06177,0.00712,0.71269,0.12070,0.09772,2,1,0.71269,1,2,1,50.0,,,93.0,0,0,78,58.0,
12247001,1,2015,0.01070,0.37618,0.59170,0.01072,0.01069,2,2,0.59170,1,2,1,60.0,23.0,3.0,,0,0,82,53.0,65.0
12247002,1,2015,0.35321,0.33408,0.00889,0.00871,0.29511,3,2,0.35321,1,2,1,80.0,22.0,2.0,,0,0,83,11.0,5.0
12247358,0,2015,0.12713,0.00815,0.35776,0.00803,0.49892,3,2,0.49892,1,2,1,70.0,,5.0,,0,0,81,17.0,
12248885,1,2015,0.00819,0.00838,0.16204,0.81301,0.00838,2,1,0.81301,1,2,1,90.0,23.0,3.0,,0,0,86,35.0,
12249707,0,2015,0.00812,0.15785,0.00803,0.00814,0.81786,2,1,0.81786,1,2,1,50.0,,3.0,,0,0,84,47.0,41.0
12250295,0,2015,0.81962,0.00867,0.00839,0.00837,0.15496,2,1,0.81962,1,2,1,80.0,,6.0,,0,0,81,23.0,18.0
12250732,1,2015,0.92010,0.00926,0.00921,0.05216,0.00928,1,1,0.92010,1,2,1,80.0,26.0,4.0,,0,0,76,0.0,0.0
12251848,1,2015,0.52014,0.00854,0.00840,0.00841,0.45451,2,2,0.52014,1,2,1,60.0,29.0,5.0,,0,0,76,46.0,
12253212,1,2015,0.15271,0.00829,0.13828,0.00811,0.69262,3,1,0.69262,1,2,1,60.0,30.0,5.0,,0,0,76,0.0,0.0
12254605,1,2015,0.59443,0.33042,0.02502,0.02502,0.02510,2,2,0.59443,1,2,1,60.0,30.0,4.0,,0,0,70,2.0,
12254925,1,2015,0.87192,0.01088,0.01075,0.01056,0.09588,1,1,0.87192,1,2,0,70.0,27.0,2.0,,0,0,0,0.0,27.0
12254939,0,2015,0.01056,0.82727,0.01058,0.01057,0.14102,2,1,0.82727,1,2,1,60.0,,6.0,,0,0,79,,
12255022,0,2015,0.12747,0.69408,0.16277,0.00781,0.00787,3,1,0.69408,1,2,1,80.0,,5.0,,0,0,79,,10.0
12255040,1,2015,0.44867,0.41062,0.00915,0.12233,0.00924,3,2,0.44867,1,2,1,80.0,25.0,3.0,,0,0,84,19.0,
12255302,1,2015,0.01010,0.91289,0.00963,0.05774,0.00965,1,1,0.91289,1,2,1,50.0,28.0,5.0,,0,0,76,43.0,
12256136,1,2015,0.05531,0.00747,0.92233,0.00744,0.00744,1,1,0.92233,1,2,0,90.0,28.0,3.0,,0,0,0,20.0,
12257093,0,2015,0.68364,0.15094,0.00959,0.00955,0.14628,3,1,0.68364,1,2,1,50.0,,4.0,,0,0,74,17.0,11.0
12258744,0,2015,0.30178,0.50102,0.05569,0.00839,0.13313,3,2,0.50102,1,2,1,80.0,,4.0,,0,0,82,45.0,25.0
12258813,1,2015,0.01057,0.48222,0.06715,0.35686,0.08320,2,2,0.48222,1,2,1,90.0,30.0,6.0,,0,0,77,29.0,
12258827,1,2015,0.20875,0.32661,0.07360,0.24848,0.14256,4,1,0.32661,1,2,1,60.0,25.0,5.0,,0,0,71,,0.0
12259006,1,2015,0.00744,0.52080,0.15589,0.00773,0.30813,3,2,0.52080,1,2,1,40.0,28.0,6.0,,0,0,81,0.0,0.0
12259231,1,2015,0.30883,0.00846,0.10702,0.00835,0.56735,3,2,0.56735,1,2,1,90.0,28.0,5.0,,0,0,77,0.0,
12261265,0,2015,0.06008,0.24274,0.68410,0.00649,0.00658,2,1,0.68410,1,2,1,60.0,,3.0,,0,0,78,56.0,
12261340,0,2015,0.01292,0.36789,0.59379,0.01278,0.01263,2,2,0.59379,1,2,1,60.0,,6.0,,0,0,82,62.0,
12262219,0,2015,0.57020,0.11519,0.00717,0.07181,0.23562,3,1,0.57020,1,2,1,50.0,,4.0,,0,0,74,60.0,
12263044,1,2015,0.58142,0.01044,0.07886,0.01002,0.31925,2,2,0.58142,1,2,1,60.0,32.0,4.0,,0,0,76,9.0,
12264687,1,2015,0.16081,0.77856,0.02002,0.02001,0.02060,2,1,0.77856,1,2,1,60.0,32.0,4.0,,0,0,76,0.0,40.0
12267022,1,2015,0.46403,0.00926,0.04950,0.39960,0.07760,2,2,0.46403,1,2,1,50.0,30.0,3.0,,0,0,72,0.0,0.0
12267054,0,2015,0.21497,0.60734,0.05290,0.03129,0.09350,2,1,0.60734,1,2,1,60.0,,4.0,,0,0,78,44.0,54.0
12267097,0,2015,0.00795,0.08339,0.10660,0.00780,0.79426,2,1,0.79426,1,2,1,70.0,,4.0,,0,0,69,29.0,74.0
12267340,0,2015,0.72421,0.00809,0.00803,0.25151,0.00817,2,1,0.72421,1,2,1,80.0,,5.0,,0,0,83,74.0,
12268734,1,2015,0.03334,0.03340,0.03337,0.86654,0.03336,1,1,0.86654,1,2,1,60.0,32.0,5.0,,0,0,79,20.0,44.0
12268863,0,2015,0.35756,0.18732,0.04853,0.26861,0.13798,4,1,0.35756,1,2,1,70.0,,7.0,,0,0,83,,45.0
12269237,0,2015,0.00726,0.33032,0.45974,0.08556,0.11712,3,2,0.45974,1,2,1,40.0,,,94.0,0,0,87,23.0,79.0
12269459,1,2015,0.20939,0.28224,0.04730,0.31863,0.14244,4,1,0.31863,1,2,1,70.0,31.0,5.0,,0,0,82,5.0,
12269905,1,2015,0.12133,0.38451,0.00702,0.00696,0.48019,3,2,0.48019,1,2,1,80.0,22.0,2.0,,0,0,70,3.0,
12270584,1,2015,0.28789,0.01556,0.01593,0.36378,0.31684,3,2,0.36378,1,2,1,50.0,25.0,4.0,,0,0,73,24.0,17.0
12270622,0,2015,0.12154,0.00739,0.85653,0.00723,0.00732,2,1,0.85653,1,2,1,70.0,,4.0,,0,0,68,37.0,
12271349,1,2015,0.57918,0.24652,0.15928,0.00742,0.00760,3,1,0.57918,1,2,1,70.0,26.0,4.0,,0,0,82,23.0,
12271384,0,2015,0.01070,0.13949,0.40261,0.01076,0.43644,3,2,0.43644,1,2,1,60.0,,4.0,,0,0,66,40.0,
12271475,0,2015,0.00841,0.40761,0.23899,0.33662,0.00837,3,2,0.40761,1,2,1,60.0,,4.0,,0,0,77,,69.0
12271771,0,2015,0.70839,0.22610,0.05003,0.00772,0.00777,2,1,0.70839,1,2,1,70.0,,5.0,,0,0,79,10.0,0.0
12271977,1,2015,0.52556,0.01441,0.09762,0.08323,0.27918,2,1,0.52556,1,2,1,80.0,27.0,,93.0,0,0,77,18.0,
12273690,0,2015,0.00793,0.35846,0.07759,0.42649,0.12953,3,2,0.42649,1,2,1,50.0,,6.0,,0,0,74,3.0,50.0
12275241,0,2015,0.34686,0.01275,0.01260,0.01269,0.61510,2,2,0.61510,1,2,1,60.0,,7.0,,0,0,76,,
12275398,1,2015,0.14203,0.70184,0.13877,0.00835,0.00901,3,1,0.70184,1,2,1,80.0,30.0,5.0,,0,0,67,72.0,19.0
12275784,1,2015,0.07988,0.85464,0.05053,0.00743,0.00752,1,1,0.85464,1,2,1,60.0,28.0,4.0,,0,0,77,,
12275894,1,2015,0.01370,0.79283,0.16622,0.01346,0.01380,2,1,0.79283,1,2,1,80.0,25.0,3.0,,0,0,70,,
12276491,0,2015,0.06131,0.00784,0.06226,0.57612,0.29246,2,1,0.57612,1,2,1,60.0,,4.0,,0,0,74,10.0,
12276823,1,2015,0.41148,0.09656,0.01545,0.01542,0.46110,2,2,0.46110,1,2,1,70.0,24.0,4.0,,0,0,77,14.0,
12277546,1,2015,0.25596,0.26849,0.00773,0.39722,0.07060,3,1,0.39722,1,2,1,90.0,34.0,7.0,,0,0,82,18.0,
12278351,1,2015,0.24635,0.00788,0.10099,0.13091,0.51387,4,1,0.51387,1,2,1,70.0,27.0,4.0,,0,0,77,6.0,22.0
12278631,1,2015,0.00965,0.56985,0.00958,0.40126,0.00966,2,2,0.56985,1,2,1,60.0,21.0,3.0,,0,0,80,,
12279276,0,2015,0.00878,0.68221,0.09114,0.00880,0.20908,2,1,0.68221,1,2,1,50.0,,5.0,,0,0,79,86.0,75.0
12279671,1,2015,0.80790,0.02908,0.00891,0.00877,0.14533,2,1,0.80790,1,2,1,70.0,26.0,3.0,,0,0,74,,36.0
12313649,0,2015,0.02035,0.80136,0.02053,0.02006,0.13770,2,1,0.80136,1,2,1,60.0,,,94.0,0,0,77,,
12806318,0,2015,0.03361,0.86547,0.03368,0.03336,0.03387,1,1,0.86547,1,2,1,60.0,,5.0,,0,0,80,11.0,
12809700,1,2015,0.02888,0.02936,0.02864,0.02871,0.88440,1,1,0.88440,1,2,1,40.0,26.0,3.0,,0,0,74,2.0,42.0
12809743,1,2015,0.53326,0.00791,0.00772,0.05112,0.39999,2,2,0.53326,1,2,1,70.0,25.0,5.0,,0,0,84,,
12810077,1,2015,0.06831,0.19443,0.13064,0.01113,0.59550,3,1,0.59550,1,2,1,50.0,32.0,4.0,,0,0,85,0.0,0.0
12810331,0,2015,0.01265,0.39999,0.01256,0.01253,0.56227,2,2,0.56227,1,2,0,70.0,,5.0,,0,0,0,40.0,5.0
12810608,1,2015,0.00780,0.21147,0.00773,0.00771,0.76529,2,1,0.76529,1,2,1,70.0,34.0,6.0,,0,0,88,,
12811579,0,2015,0.81174,0.16089,0.00915,0.00910,0.00912,2,1,0.81174,1,2,1,50.0,,4.0,,0,0,81,27.0,9.0
12811947,1,2015,0.01015,0.84144,0.06907,0.01010,0.06925,1,1,0.84144,1,2,0,70.0,27.0,3.0,,0,0,0,19.0,
12812728,0,2015,0.08925,0.00694,0.33268,0.06644,0.50469,2,2,0.50469,1,2,1,70.0,,6.0,,0,0,81,55.0,25.0
12813068,0,2015,0.16824,0.30657,0.31637,0.12919,0.07962,4,2,0.31637,1,2,1,90.0,,7.0,,0,1,85,,
12813626,1,2015,0.00654,0.00665,0.56150,0.16012,0.26519,3,1,0.56150,1,2,1,80.0,36.0,5.0,,0,0,83,,
12813779,1,2015,0.15076,0.43833,0.00846,0.39378,0.00868,3,2,0.43833,1,2,1,60.0,31.0,5.0,,0,0,71,35.0,28.0
12813908,0,2015,0.42580,0.22932,0.01345,0.01347,0.31796,3,2,0.42580,1,2,1,70.0,,5.0,,0,0,84,,50.0
12814356,0,2015,0.00877,0.26953,0.12142,0.00885,0.59142,3,1,0.59142,1,2,1,60.0,,5.0,,0,0,87,,14.0
12816780,0,2015,0.20255,0.13671,0.00841,0.47526,0.17707,4,1,0.47526,1,2,1,90.0,,4.0,,0,0,80,77.0,41.0
12816819,1,2015,0.01262,0.11510,0.01268,0.50140,0.35820,3,2,0.50140,1,2,1,50.0,29.0,3.0,,0,0,77,0.0,0.0
12819005,1,2015,0.12378,0.18899,0.53244,0.06233,0.09246,3,1,0.53244,1,2,1,80.0,27.0,4.0,,0,0,76,0.0,
13584510,1,2015,0.01691,0.01710,0.47322,0.23790,0.25487,3,1,0.47322,1,2,1,60.0,24.0,,93.0,0,0,73,0.0,
13591063,0,2015,0.00812,0.75535,0.00813,0.09987,0.12854,2,1,0.75535,1,2,1,60.0,,3.0,,0,0,67,,
13656095,1,2015,0.00887,0.33395,0.17335,0.47510,0.00873,3,2,0.47510,1,2,1,70.0,32.0,,93.0,0,0,78,6.0,
13675385,1,2015,0.00958,0.33416,0.39827,0.24855,0.00945,3,2,0.39827,1,2,1,80.0,33.0,,93.0,0,0,78,28.0,
13678587,1,2015,0.22640,0.26130,0.23228,0.01026,0.26976,4,0,0.26976,1,2,1,50.0,31.0,,93.0,0,0,73,14.0,
13680303,0,2015,0.01829,0.60925,0.33531,0.01820,0.01896,2,2,0.60925,1,2,1,70.0,,,93.0,0,0,82,26.0,
13687582,1,2015,0.54201,0.20230,0.15906,0.00649,0.09014,3,1,0.54201,1,2,1,80.0,26.0,,92.0,0,0,80,,
13694747,1,2015,0.00959,0.00964,0.43292,0.00958,0.53827,2,2,0.53827,1,2,1,70.0,30.0,,93.0,0,0,84,70.0,
13700833,1,2015,0.39607,0.22577,0.08169,0.00915,0.28732,3,1,0.39607,1,2,0,80.0,24.0,3.0,,0,0,0,10.0,
13701287,1,2015,0.00819,0.71413,0.00812,0.00814,0.26142,2,1,0.71413,1,2,1,50.0,31.0,4.0,,0,0,85,51.0,
13702405,1,2015,0.00847,0.00845,0.00842,0.18031,0.79435,2,1,0.79435,1,2,1,60.0,24.0,5.0,,0,0,79,3.0,3.0
13703403,0,2015,0.04289,0.00759,0.00748,0.64729,0.29474,2,1,0.64729,1,2,1,90.0,,8.0,,0,1,90,15.0,
13703442,1,2015,0.62428,0.16619,0.05447,0.14751,0.00755,3,1,0.62428,1,2,1,70.0,32.0,7.0,,0,0,89,63.0,52.0
13707673,1,2015,0.01345,0.25223,0.01357,0.40970,0.31105,3,2,0.40970,1,2,1,80.0,29.0,5.0,,0,0,78,13.0,0.0
13708191,0,2015,0.21155,0.17788,0.00700,0.09615,0.50742,3,1,0.50742,1,2,1,70.0,,5.0,,0,0,88,64.0,
13708706,1,2015,0.00790,0.47404,0.34277,0.00771,0.16759,3,2,0.47404,1,2,1,60.0,33.0,8.0,,0,0,85,,
13709353,1,2015,0.18270,0.15314,0.27019,0.01253,0.38144,4,1,0.38144,1,2,1,50.0,33.0,,93.0,0,0,80,0.0,0.0
13713681,1,2015,0.00720,0.17114,0.00703,0.71421,0.10043,3,1,0.71421,1,2,1,60.0,26.0,4.0,,0,0,74,27.0,
13717233,1,2015,0.09278,0.52939,0.01459,0.34878,0.01445,2,2,0.52939,1,2,1,40.0,31.0,5.0,,0,0,82,,
13717406,1,2015,0.28355,0.19477,0.04901,0.24575,0.22692,4,0,0.28355,1,2,1,70.0,30.0,6.0,,0,0,85,36.0,
13724351,1,2015,0.05415,0.00745,0.15154,0.41620,0.37067,3,2,0.41620,1,2,1,60.0,31.0,5.0,,0,1,88,77.0,
13726910,1,2015,0.00844,0.96644,0.00837,0.00836,0.00838,1,1,0.96644,1,2,1,80.0,32.0,,94.0,0,0,84,,
13727492,1,2015,0.14873,0.09584,0.18385,0.00911,0.56247,3,1,0.56247,1,2,1,60.0,28.0,,93.0,0,0,79,,
13727786,1,2015,0.78688,0.00757,0.00746,0.13122,0.06686,2,1,0.78688,1,2,1,70.0,33.0,5.0,,0,0,88,92.0,
13729553,0,2015,0.16190,0.60686,0.02234,0.02265,0.18624,3,1,0.60686,1,2,1,90.0,,,93.0,0,0,76,,
13729783,1,2015,0.55681,0.00793,0.00772,0.08725,0.34028,2,2,0.55681,1,2,1,70.0,31.0,,95.0,0,0,83,,
13730703,1,2015,0.00986,0.21934,0.13241,0.40568,0.23270,4,1,0.40568,1,2,1,90.0,24.0,,93.0,0,0,74,5.0,
13735004,1,2015,0.62789,0.21733,0.14175,0.00647,0.00656,3,1,0.62789,1,2,1,90.0,27.0,,94.0,0,0,82,2.0,
13735183,1,2015,0.49231,0.01079,0.01057,0.15831,0.32801,3,2,0.49231,1,2,0,70.0,22.0,4.0,,0,0,0,,
13735787,1,2015,0.51493,0.01262,0.01261,0.17131,0.28854,3,1,0.51493,1,2,1,80.0,27.0,5.0,,0,0,83,11.0,
13737326,1,2015,0.46047,0.05452,0.16179,0.16668,0.15654,4,1,0.46047,1,2,1,90.0,26.0,4.0,,0,0,82,45.0,
13739360,1,2015,0.43964,0.01143,0.01119,0.21079,0.32695,3,2,0.43964,1,2,1,80.0,33.0,5.0,,0,0,79,,
13745018,0,2015,0.15118,0.07738,0.23401,0.00718,0.53025,3,1,0.53025,1,2,1,40.0,,,94.0,0,0,76,69.0,
13745102,1,2015,0.64031,0.23185,0.11177,0.00802,0.00805,3,1,0.64031,1,2,1,70.0,25.0,4.0,,0,0,78,33.0,
13745940,1,2015,0.22570,0.00948,0.00928,0.00930,0.74624,2,1,0.74624,1,2,1,70.0,27.0,,93.0,0,0,77,35.0,
13748716,1,2015,0.06959,0.16656,0.29455,0.39346,0.07585,3,1,0.39346,1,2,1,70.0,33.0,4.0,,0,0,80,6.0,0.0
13749939,0,2015,0.01435,0.51096,0.10548,0.35487,0.01434,3,2,0.51096,1,2,1,60.0,,6.0,,0,0,64,6.0,14.0
13750064,1,2015,0.00998,0.20961,0.18047,0.00954,0.59040,3,1,0.59040,1,2,1,40.0,28.0,5.0,,0,0,78,44.0,0.0
13750163,1,2015,0.00913,0.61910,0.21277,0.14967,0.00933,3,1,0.61910,1,2,1,60.0,25.0,5.0,,0,0,75,0.0,
13752153,1,2015,0.02280,0.19919,0.02231,0.02226,0.73344,2,1,0.73344,1,2,1,50.0,25.0,,93.0,0,0,79,6.0,
13755463,0,2015,0.00783,0.52466,0.09906,0.00770,0.36075,2,2,0.52466,1,2,1,50.0,,4.0,,0,0,84,60.0,
13755591,0,2015,0.44224,0.27422,0.16135,0.00931,0.11288,4,1,0.44224,1,2,1,80.0,,5.0,,0,0,71,99.0,
13756014,1,2015,0.19006,0.00976,0.08505,0.56412,0.15102,3,1,0.56412,1,2,1,80.0,32.0,4.0,,0,0,84,22.0,
13756635,1,2015,0.73862,0.19420,0.02225,0.02225,0.02267,2,1,0.73862,1,2,1,70.0,26.0,4.0,,0,0,71,32.0,
13759848,1,2015,0.11377,0.13732,0.57156,0.16918,0.00817,4,1,0.57156,1,2,1,90.0,31.0,5.0,,0,0,83,25.0,
13762266,0,2015,0.04965,0.00703,0.54752,0.31429,0.08152,2,2,0.54752,1,2,1,70.0,,5.0,,0,0,78,17.0,
13765769,1,2015,0.31210,0.01282,0.13737,0.01250,0.52521,3,2,0.52521,1,2,1,70.0,30.0,3.0,,0,0,81,50.0,0.0
13766297,0,2015,0.00782,0.06128,0.00770,0.59654,0.32665,2,2,0.59654,1,2,1,60.0,,4.0,,0,0,80,29.0,24.0
13769350,0,2015,0.00746,0.45331,0.10510,0.25468,0.17945,4,1,0.45331,1,2,1,40.0,,,93.0,0,0,76,35.0,
13769398,0,2015,0.00721,0.45844,0.09001,0.13717,0.30716,3,2,0.45844,1,2,1,60.0,,4.0,,0,0,75,0.0,12.0
13775202,1,2015,0.08370,0.01122,0.18338,0.09001,0.63169,2,1,0.63169,1,2,1,60.0,33.0,5.0,,0,0,84,48.0,
13776072,1,2015,0.01187,0.30467,0.01183,0.25739,0.41423,3,2,0.41423,1,2,1,60.0,34.0,3.0,,0,0,70,33.0,
13780670,1,2015,0.07980,0.27300,0.01178,0.07061,0.56481,2,1,0.56481,1,2,1,90.0,28.0,4.0,,0,0,84,27.0,
13780714,1,2015,0.00842,0.20167,0.05300,0.56674,0.17016,3,1,0.56674,1,2,1,50.0,31.0,7.0,,0,0,83,64.0,
13781139,1,2015,0.08017,0.12713,0.00808,0.09446,0.69017,2,1,0.69017,1,2,1,80.0,28.0,5.0,,0,0,80,8.0,0.0
13781425,0,2015,0.00879,0.68244,0.14081,0.00909,0.15888,3,1,0.68244,1,2,1,70.0,,4.0,,0,0,77,,5.0
13783518,1,2015,0.16807,0.33392,0.00835,0.26382,0.22584,4,1,0.33392,1,2,1,80.0,31.0,7.0,,0,0,88,23.0,
13784107,1,2015,0.61125,0.00941,0.09897,0.00927,0.27111,2,1,0.61125,1,2,1,80.0,30.0,2.0,,0,0,76,25.0,12.0
13785100,1,2015,0.01431,0.30080,0.01434,0.22499,0.44557,3,2,0.44557,1,2,1,60.0,25.0,4.0,,0,0,81,16.0,
13786587,1,2015,0.15641,0.28967,0.01711,0.51969,0.01712,3,1,0.51969,1,2,1,60.0,28.0,4.0,,0,0,79,11.0,0.0
13787805,0,2015,0.15197,0.25498,0.38526,0.05668,0.15112,4,1,0.38526,1,2,1,50.0,,6.0,,0,0,77,6.0,3.0
13818021,0,2015,0.19529,0.12223,0.08428,0.54812,0.05008,3,1,0.54812,1,2,1,70.0,,6.0,,0,0,84,17.0,29.0
13818313,0,2015,0.52611,0.45145,0.00750,0.00744,0.00750,2,2,0.52611,1,2,1,60.0,,6.0,,0,0,78,16.0,21.0
13818471,0,2015,0.02875,0.36265,0.02887,0.02880,0.55093,2,2,0.55093,1,2,1,80.0,,6.0,,0,0,76,22.0,57.0
13818957,0,2015,0.00698,0.63044,0.11050,0.10891,0.14318,4,1,0.63044,1,2,0,80.0,,3.0,,0,0,0,69.0,46.0
13819298,0,2015,0.42057,0.34088,0.06198,0.16731,0.00925,3,2,0.42057,1,2,1,60.0,,4.0,,0,0,76,41.0,45.0
13819347,0,2015,0.01058,0.29688,0.15047,0.01057,0.53150,3,1,0.53150,1,2,1,70.0,,6.0,,0,0,76,83.0,58.0
13819459,1,2015,0.01439,0.78947,0.01434,0.16733,0.01447,2,1,0.78947,1,2,1,60.0,33.0,3.0,,0,0,77,21.0,
13819530,1,2015,0.24652,0.23803,0.20582,0.30241,0.00723,4,1,0.30241,1,2,1,80.0,32.0,6.0,,0,0,83,47.0,37.0
13819550,0,2015,0.15520,0.54881,0.18144,0.01024,0.10431,4,1,0.54881,1,2,1,70.0,,4.0,,0,0,71,,0.0
13819682,0,2015,0.13881,0.09201,0.21199,0.12567,0.43152,4,1,0.43152,1,2,1,80.0,,7.0,,0,0,77,40.0,
13819908,0,2015,0.74090,0.22843,0.01044,0.01017,0.01006,2,1,0.74090,1,2,1,80.0,,4.0,,0,0,74,,
13820325,0,2015,0.01441,0.57254,0.31265,0.08582,0.01457,2,2,0.57254,1,2,1,70.0,,4.0,,0,0,74,3.0,3.0
13820326,0,2015,0.12289,0.00700,0.25801,0.38624,0.22586,4,1,0.38624,1,2,1,60.0,,5.0,,0,0,76,,29.0
13821783,1,2015,0.50624,0.01342,0.01351,0.01337,0.45346,2,2,0.50624,1,2,1,90.0,31.0,6.0,,0,0,72,84.0,
13821799,1,2015,0.16145,0.02272,0.02225,0.02228,0.77129,2,1,0.77129,1,2,1,70.0,31.0,4.0,,0,0,73,39.0,30.0
13822651,1,2015,0.08954,0.46660,0.17511,0.15732,0.11143,4,1,0.46660,1,2,1,70.0,35.0,4.0,,0,0,74,,
13822791,0,2015,0.01024,0.54833,0.23023,0.01008,0.20112,3,1,0.54833,1,2,1,60.0,,7.0,,0,0,80,43.0,16.0
13823036,0,2015,0.24755,0.69678,0.01833,0.01911,0.01823,2,1,0.69678,1,2,1,60.0,,4.0,,0,0,81,8.0,
13823398,1,2015,0.33339,0.21555,0.43171,0.00954,0.00981,3,2,0.43171,1,2,1,50.0,33.0,5.0,,0,0,78,11.0,9.0
13824226,0,2015,0.28419,0.00812,0.00812,0.00805,0.69152,2,1,0.69152,1,2,1,60.0,,6.0,,0,0,84,,6.0
13824446,0,2015,0.00878,0.54273,0.20285,0.23686,0.00878,3,1,0.54273,1,2,1,50.0,,4.0,,0,0,84,,5.0
13824698,0,2015,0.04912,0.75351,0.13107,0.05779,0.00850,2,1,0.75351,1,2,1,40.0,,4.0,,0,0,75,63.0,
13824706,0,2015,0.65256,0.06225,0.04755,0.22984,0.00780,2,1,0.65256,1,2,1,50.0,,,93.0,0,0,75,45.0,47.0
13824851,0,2015,0.00723,0.56199,0.37521,0.04829,0.00728,2,2,0.56199,1,2,1,60.0,,3.0,,0,0,71,23.0,
13825280,0,2015,0.34713,0.21556,0.08873,0.21036,0.13823,4,1,0.34713,1,2,1,60.0,,6.0,,0,1,84,36.0,
13825683,0,2015,0.25457,0.65873,0.00877,0.00872,0.06920,2,1,0.65873,1,2,1,60.0,,5.0,,0,0,71,30.0,
13825718,0,2015,0.19616,0.26721,0.08528,0.00727,0.44409,3,1,0.44409,1,2,1,70.0,,6.0,,0,0,78,10.0,
13826845,1,2015,0.63665,0.31283,0.01694,0.01669,0.01689,2,2,0.63665,1,2,1,60.0,25.0,6.0,,0,0,76,,14.0
13827304,0,2015,0.17084,0.01556,0.78271,0.01544,0.01545,2,1,0.78271,1,2,0,60.0,,4.0,,0,0,0,17.0,
13827582,0,2015,0.00791,0.30427,0.05762,0.58027,0.04993,2,2,0.58027,1,2,1,70.0,,6.0,,0,0,76,34.0,31.0
13827618,0,2015,0.11353,0.72254,0.01676,0.13018,0.01699,3,1,0.72254,1,2,1,70.0,,6.0,,0,0,83,,35.0
13828428,0,2015,0.02228,0.02260,0.13242,0.02255,0.80016,2,1,0.80016,1,2,0,70.0,,6.0,,0,0,0,48.0,27.0
13828628,0,2015,0.00885,0.69489,0.27879,0.00870,0.00876,2,1,0.69489,1,2,1,60.0,,5.0,,0,0,76,,11.0
13828897,1,2015,0.31046,0.08646,0.10216,0.00957,0.49135,3,2,0.49135,1,2,1,70.0,26.0,4.0,,0,0,83,6.0,
13828996,0,2015,0.00823,0.61856,0.22367,0.00823,0.14129,3,1,0.61856,1,2,1,70.0,,5.0,,0,0,81,,12.0
13829006,0,2015,0.00912,0.00912,0.16709,0.00962,0.80504,2,1,0.80504,1,2,1,70.0,,4.0,,0,0,77,19.0,
13829012,0,2015,0.01058,0.17968,0.40599,0.07046,0.33329,3,2,0.40599,1,2,1,70.0,,5.0,,0,0,84,,10.0
13829050,1,2015,0.23208,0.53928,0.21477,0.00692,0.00695,3,1,0.53928,1,2,1,60.0,30.0,4.0,,0,0,77,38.0,8.0
13829165,0,2015,0.13027,0.14893,0.33566,0.01431,0.37083,4,2,0.37083,1,2,1,60.0,,6.0,,0,0,80,,17.0
13829341,0,2015,0.15723,0.56191,0.18411,0.01112,0.08563,3,1,0.56191,1,2,1,60.0,,5.0,,0,0,77,0.0,
13829667,1,2015,0.07663,0.68456,0.09987,0.00802,0.13092,2,1,0.68456,1,2,1,90.0,32.0,5.0,,0,0,78,21.0,
13829790,0,2015,0.14537,0.57494,0.21139,0.00691,0.06139,3,1,0.57494,1,2,1,70.0,,4.0,,0,0,84,,
13830029,1,2015,0.18148,0.48175,0.21451,0.11551,0.00675,4,1,0.48175,1,2,1,60.0,28.0,3.0,,0,0,68,0.0,0.0
13830646,0,2015,0.51662,0.07861,0.15584,0.09481,0.15412,3,1,0.51662,1,2,1,90.0,,5.0,,0,0,74,,
13830749,1,2015,0.00731,0.26970,0.00736,0.45834,0.25730,3,1,0.45834,1,2,1,60.0,25.0,4.0,,0,0,80,20.0,61.0
13830758,1,2015,0.00838,0.00874,0.26731,0.00838,0.70719,2,1,0.70719,1,2,1,90.0,32.0,5.0,,0,0,87,22.0,
13830859,0,2015,0.54137,0.39219,0.05033,0.00801,0.00810,2,2,0.54137,1,2,1,60.0,,5.0,,0,0,85,,51.0
13831466,1,2015,0.02012,0.17199,0.44263,0.02001,0.34524,3,2,0.44263,1,2,1,60.0,24.0,4.0,,0,0,72,,0.0
13831476,1,2015,0.01571,0.16662,0.60889,0.01540,0.19338,3,1,0.60889,1,2,1,50.0,30.0,5.0,,0,1,79,,
13831841,1,2015,0.01450,0.01453,0.01437,0.21217,0.74442,2,1,0.74442,1,2,0,70.0,26.0,5.0,,0,0,0,39.0,
13831902,0,2015,0.00812,0.00819,0.23699,0.53683,0.20987,3,1,0.53683,1,2,1,60.0,,4.0,,0,0,74,3.0,
13832152,1,2015,0.08658,0.00705,0.21933,0.04174,0.64530,2,1,0.64530,1,2,1,70.0,28.0,3.0,,0,0,76,0.0,
13834258,0,2015,0.19171,0.49389,0.12960,0.00876,0.17604,4,1,0.49389,1,2,1,70.0,,5.0,,0,0,82,12.0,
13834433,1,2015,0.02008,0.78686,0.02003,0.02003,0.15300,2,1,0.78686,1,2,1,70.0,24.0,5.0,,0,0,79,30.0,
13835659,1,2015,0.00919,0.29365,0.17679,0.51108,0.00928,3,1,0.51108,1,2,1,90.0,31.0,6.0,,0,0,72,8.0,
13836712,0,2015,0.17082,0.00796,0.00780,0.00774,0.80568,2,1,0.80568,1,2,1,80.0,,4.0,,0,0,76,33.0,
13837105,1,2015,0.16710,0.00673,0.00668,0.13573,0.68376,3,1,0.68376,1,2,1,70.0,35.0,6.0,,0,0,83,26.0,
13837132,0,2015,0.00649,0.28696,0.22068,0.47920,0.00666,3,1,0.47920,1,2,1,60.0,,6.0,,0,0,75,46.0,
13837377,1,2015,0.00780,0.34466,0.00775,0.50928,0.13051,3,2,0.50928,1,2,1,60.0,34.0,5.0,,0,0,80,29.0,
13837491,1,2015,0.00853,0.29926,0.00854,0.11486,0.56882,3,1,0.56882,1,2,1,90.0,28.0,5.0,,0,0,86,39.0,
13837534,1,2015,0.46321,0.01025,0.22658,0.01014,0.28982,3,1,0.46321,1,2,1,90.0,28.0,7.0,,0,0,88,,
13837707,0,2015,0.08145,0.82767,0.07535,0.00775,0.00778,1,1,0.82767,1,2,1,60.0,,3.0,,0,0,81,0.0,13.0
13837709,0,2015,0.00818,0.14595,0.14979,0.43174,0.26434,4,1,0.43174,1,2,1,60.0,,4.0,,0,0,70,34.0,
13838211,0,2015,0.95256,0.01195,0.01181,0.01181,0.01187,1,1,0.95256,1,2,1,70.0,,4.0,,0,0,79,,0.0
13838419,1,2015,0.01550,0.93754,0.01576,0.01544,0.01576,1,1,0.93754,1,2,1,60.0,29.0,2.0,,0,0,66,31.0,
13838451,1,2015,0.28466,0.00611,0.69700,0.00606,0.00617,2,1,0.69700,1,2,1,60.0,26.0,3.0,,0,0,77,,
13838700,0,2015,0.24602,0.48377,0.15339,0.00771,0.10912,4,1,0.48377,1,2,1,60.0,,5.0,,0,0,76,16.0,9.0
13838879,0,2015,0.01190,0.70933,0.01191,0.01191,0.25495,2,1,0.70933,1,2,1,80.0,,4.0,,0,0,76,0.0,
13839910,0,2015,0.14833,0.58734,0.05781,0.08696,0.11956,3,1,0.58734,1,2,1,80.0,,4.0,,0,0,87,14.0,24.0
13840611,0,2015,0.00849,0.69311,0.06092,0.00837,0.22911,2,1,0.69311,1,2,1,50.0,,6.0,,0,0,79,39.0,52.0
13840697,1,2015,0.10250,0.01215,0.34992,0.33929,0.19612,4,2,0.34992,1,2,1,80.0,23.0,4.0,,0,0,80,69.0,
13841182,0,2015,0.00704,0.11205,0.23338,0.00693,0.64060,3,1,0.64060,1,2,1,50.0,,5.0,,0,0,75,42.0,52.0
13841212,0,2015,0.73704,0.14863,0.00745,0.00743,0.09946,2,1,0.73704,1,2,1,60.0,,5.0,,0,0,82,45.0,8.0
13841327,1,2015,0.01869,0.01874,0.13637,0.01821,0.80799,2,1,0.80799,1,2,1,70.0,27.0,2.0,,0,0,79,44.0,
13841600,0,2015,0.36388,0.19573,0.24541,0.00771,0.18727,4,1,0.36388,1,2,1,90.0,,7.0,,0,0,81,46.0,
13841898,0,2015,0.05190,0.27357,0.17188,0.49602,0.00663,3,1,0.49602,1,2,1,70.0,,4.0,,0,0,76,0.0,
13841918,0,2015,0.10308,0.13070,0.18970,0.00817,0.56835,4,1,0.56835,1,2,1,60.0,,6.0,,0,0,68,55.0,
13841952,1,2015,0.11151,0.86042,0.00921,0.00963,0.00923,2,1,0.86042,1,2,1,70.0,27.0,4.0,,0,0,84,22.0,
13842269,0,2015,0.61981,0.22664,0.00746,0.00691,0.13918,3,1,0.61981,1,2,1,70.0,,7.0,,0,0,77,15.0,
13842278,1,2015,0.59066,0.02523,0.02507,0.02500,0.33404,2,2,0.59066,1,2,0,60.0,25.0,3.0,,0,0,0,11.0,
13842785,0,2015,0.01068,0.63421,0.01081,0.01054,0.33376,2,2,0.63421,1,2,1,60.0,,5.0,,0,0,77,,
13843095,0,2015,0.00743,0.75041,0.04563,0.00744,0.18908,2,1,0.75041,1,2,1,70.0,,4.0,,0,0,68,,
13843408,0,2015,0.23628,0.26490,0.00737,0.30227,0.18918,4,1,0.30227,1,2,0,50.0,,3.0,,0,0,0,5.0,
13843676,0,2015,0.17666,0.28915,0.00768,0.00744,0.51907,3,1,0.51907,1,2,1,70.0,,4.0,,0,0,83,,
13844456,1,2015,0.25457,0.02072,0.23800,0.02023,0.46649,3,1,0.46649,1,2,0,50.0,23.0,3.0,,0,0,0,,
13845088,0,2015,0.01445,0.01498,0.70656,0.01458,0.24943,2,1,0.70656,1,2,0,80.0,,3.0,,0,0,0,0.0,
13900657,0,2015,0.05366,0.24668,0.00718,0.47895,0.21353,3,1,0.47895,1,2,1,60.0,,4.0,,0,0,76,43.0,
13901236,1,2015,0.66250,0.12639,0.08856,0.01101,0.11154,3,1,0.66250,1,2,1,60.0,32.0,2.0,,0,0,81,17.0,
13902361,1,2015,0.01444,0.01437,0.45801,0.01429,0.49890,2,2,0.49890,1,2,1,40.0,32.0,4.0,,0,0,69,82.0,10.0
13902385,0,2015,0.01672,0.84937,0.10008,0.01692,0.01691,2,1,0.84937,1,2,1,70.0,,4.0,,0,0,82,,
13903491,1,2015,0.00779,0.26406,0.10133,0.55978,0.06704,3,1,0.55978,1,2,1,60.0,28.0,4.0,,0,0,76,,
13904685,0,2015,0.24131,0.32335,0.12293,0.00803,0.30438,4,2,0.32335,1,2,1,60.0,,5.0,,0,0,82,18.0,
13905206,1,2015,0.12687,0.07562,0.01061,0.11959,0.66730,3,1,0.66730,1,2,1,60.0,33.0,5.0,,0,0,67,18.0,
13908247,1,2015,0.00874,0.22836,0.39541,0.00887,0.35863,3,2,0.39541,1,2,0,80.0,28.0,5.0,,0,0,0,5.0,0.0
14179892,1,2015,0.21371,0.60179,0.00811,0.10911,0.06728,3,1,0.60179,1,2,1,90.0,28.0,8.0,,0,0,82,0.0,
14179918,1,2015,0.00803,0.00817,0.20761,0.00810,0.76808,2,1,0.76808,1,2,1,60.0,28.0,6.0,,0,0,80,54.0,
14179981,0,2015,0.01596,0.50844,0.01563,0.15158,0.30839,3,2,0.50844,1,2,1,60.0,,4.0,,0,0,79,,
14180025,0,2015,0.06523,0.39186,0.23780,0.00974,0.29538,3,1,0.39186,1,2,1,60.0,,6.0,,0,0,72,,7.0
14180066,0,2015,0.06106,0.44250,0.47727,0.00953,0.00964,2,2,0.47727,1,2,1,50.0,,5.0,,0,0,80,,
14180383,0,2015,0.43571,0.36440,0.00735,0.00716,0.18538,3,2,0.43571,1,2,1,50.0,,7.0,,0,0,68,37.0,48.0
14180503,0,2015,0.21262,0.44281,0.31289,0.01617,0.01552,3,2,0.44281,1,2,1,60.0,,5.0,,0,0,76,,4.0
14180571,0,2015,0.34215,0.46458,0.00836,0.06176,0.12315,3,2,0.46458,1,2,1,70.0,,5.0,,0,0,73,,
14180603,0,2015,0.21233,0.15708,0.19141,0.43004,0.00914,4,1,0.43004,1,2,1,60.0,,3.0,,0,0,76,21.0,18.0
14180740,1,2015,0.20603,0.14719,0.41769,0.12204,0.10706,5,1,0.41769,1,2,0,90.0,25.0,3.0,,0,0,0,0.0,
14180793,1,2015,0.40327,0.20325,0.00719,0.09817,0.28813,3,1,0.40327,1,2,1,80.0,30.0,3.0,,0,0,82,35.0,
14180847,0,2015,0.13024,0.56217,0.00774,0.00772,0.29214,3,1,0.56217,1,2,1,70.0,,4.0,,0,0,82,0.0,
14180944,1,2015,0.15299,0.00694,0.00694,0.44840,0.38473,3,2,0.44840,1,2,1,70.0,26.0,6.0,,0,0,78,,
14181407,0,2015,0.12738,0.33627,0.00959,0.00957,0.51719,3,2,0.51719,1,2,1,70.0,,5.0,,0,0,80,24.0,
14183616,0,2015,0.00957,0.63012,0.12030,0.00956,0.23045,3,1,0.63012,1,2,1,60.0,,4.0,,0,0,76,,
14183676,1,2015,0.20898,0.01730,0.01752,0.23491,0.52129,3,1,0.52129,1,2,1,60.0,24.0,5.0,,0,0,77,27.0,
14186075,0,2015,0.00776,0.30858,0.00787,0.00769,0.66811,2,2,0.66811,1,2,1,80.0,,4.0,,0,0,76,67.0,
14187044,1,2015,0.00890,0.23211,0.44990,0.19952,0.10956,4,1,0.44990,1,2,1,60.0,26.0,5.0,,0,0,82,0.0,
14187298,0,2015,0.00576,0.70522,0.00573,0.08639,0.19690,2,1,0.70522,1,2,1,60.0,,8.0,,0,0,72,57.0,
14187387,0,2015,0.04472,0.13681,0.28549,0.40465,0.12833,4,1,0.40465,1,2,1,50.0,,5.0,,0,0,75,5.0,16.0
14189325,0,2015,0.00876,0.42625,0.43814,0.06178,0.06506,2,2,0.43814,1,2,1,60.0,,5.0,,0,0,82,44.0,10.0
14189541,1,2015,0.13566,0.00841,0.00837,0.00839,0.83917,2,1,0.83917,1,2,1,70.0,25.0,4.0,,0,0,78,10.0,
14189851,0,2015,0.23714,0.53758,0.00874,0.00883,0.20771,3,1,0.53758,1,2,0,70.0,,6.0,,0,0,0,9.0,10.0
14189977,0,2015,0.01430,0.08868,0.18613,0.01431,0.69659,2,1,0.69659,1,2,1,60.0,,5.0,,0,0,80,19.0,50.0
14190494,0,2015,0.48483,0.00896,0.00878,0.11375,0.38369,3,2,0.48483,1,2,1,70.0,,7.0,,0,0,81,,
14190504,1,2015,0.44794,0.06783,0.04806,0.00715,0.42901,2,2,0.44794,1,2,1,60.0,30.0,6.0,,0,0,78,,
14191072,0,2015,0.01347,0.76463,0.01342,0.01336,0.19511,2,1,0.76463,1,2,1,60.0,,6.0,,0,0,78,26.0,14.0
14191142,1,2015,0.23264,0.01584,0.35517,0.09235,0.30400,3,2,0.35517,1,2,1,60.0,32.0,5.0,,0,0,73,16.0,46.0
14191308,0,2015,0.10352,0.01464,0.01445,0.23899,0.62840,3,1,0.62840,1,2,1,70.0,,4.0,,0,0,73,,
14191449,0,2015,0.07463,0.60369,0.00962,0.05755,0.25451,2,1,0.60369,1,2,1,70.0,,5.0,,0,0,75,6.0,
14191480,0,2015,0.01072,0.01080,0.60384,0.01075,0.36388,2,2,0.60384,1,2,1,80.0,,4.0,,0,0,81,3.0,3.0
14191511,0,2015,0.16191,0.74063,0.00888,0.00876,0.07982,2,1,0.74063,1,2,1,50.0,,4.0,,0,0,78,28.0,
14191563,1,2015,0.00965,0.61210,0.15685,0.00957,0.21183,3,1,0.61210,1,2,1,80.0,33.0,4.0,,0,0,77,,
14191572,1,2015,0.24888,0.27565,0.00828,0.11730,0.34988,4,1,0.34988,1,2,1,70.0,26.0,6.0,,0,0,74,15.0,
14191635,0,2015,0.08343,0.81601,0.07537,0.01252,0.01267,1,1,0.81601,1,2,0,60.0,,5.0,,0,0,0,0.0,
14191880,0,2015,0.00812,0.28212,0.17991,0.38643,0.14342,4,1,0.38643,1,2,1,70.0,,5.0,,0,0,79,88.0,40.0
14192226,0,2015,0.33244,0.15924,0.00849,0.00846,0.49138,3,2,0.49138,1,2,1,60.0,,6.0,,0,0,77,40.0,
14192323,0,2015,0.02001,0.78616,0.02006,0.02021,0.15356,2,1,0.78616,1,2,1,50.0,,5.0,,0,0,71,17.0,17.0
14192349,0,2015,0.45043,0.34144,0.00707,0.00739,0.19367,3,2,0.45043,1,2,1,90.0,,6.0,,0,0,85,,
14193417,1,2015,0.01280,0.65499,0.22662,0.01269,0.09291,2,1,0.65499,1,2,1,70.0,33.0,3.0,,0,0,67,,
14193547,1,2015,0.29747,0.18753,0.19344,0.00955,0.31201,4,1,0.31201,1,2,1,90.0,26.0,8.0,,0,0,81,,
14193707,0,2015,0.01027,0.13262,0.52557,0.01008,0.32146,3,2,0.52557,1,2,1,70.0,,5.0,,0,0,80,,78.0
14193767,1,2015,0.14998,0.27607,0.00834,0.44786,0.11775,4,1,0.44786,1,2,1,70.0,33.0,5.0,,0,0,80,50.0,
14193785,0,2015,0.27033,0.55177,0.00807,0.00805,0.16179,3,1,0.55177,1,2,1,80.0,,4.0,,0,0,79,14.0,24.0
14193808,1,2015,0.00872,0.55326,0.11237,0.19566,0.12999,4,1,0.55326,1,2,1,70.0,29.0,7.0,,0,0,83,,
14194082,0,2015,0.14271,0.07617,0.06689,0.00810,0.70613,2,1,0.70613,1,2,1,70.0,,4.0,,0,0,78,22.0,6.0
14194259,0,2015,0.10505,0.15373,0.14313,0.08203,0.51606,4,1,0.51606,1,2,1,60.0,,4.0,,0,0,77,24.0,43.0
14194435,0,2015,0.00915,0.63400,0.07256,0.11666,0.16763,3,1,0.63400,1,2,1,60.0,,4.0,,0,0,74,,29.0
14194442,0,2015,0.07799,0.36979,0.01180,0.01188,0.52854,2,2,0.52854,1,2,1,60.0,,7.0,,0,0,78,54.0,43.0
14194564,0,2015,0.34059,0.08432,0.01067,0.39981,0.16461,3,2,0.39981,1,2,1,70.0,,4.0,,0,0,75,21.0,
14194572,1,2015,0.00775,0.15355,0.16032,0.52366,0.15472,4,1,0.52366,1,2,1,70.0,29.0,6.0,,0,0,84,5.0,
14194920,0,2015,0.05954,0.15962,0.11706,0.45772,0.20605,4,1,0.45772,1,2,1,60.0,,4.0,,0,0,76,54.0,58.0
14195452,0,2015,0.36244,0.50379,0.01298,0.01266,0.10814,3,2,0.50379,1,2,1,70.0,,5.0,,0,0,71,36.0,0.0
14195829,0,2015,0.09285,0.73188,0.01177,0.07534,0.08816,1,1,0.73188,1,2,1,60.0,,4.0,,0,0,80,99.0,
14195901,0,2015,0.00963,0.00972,0.09053,0.05998,0.83013,1,1,0.83013,1,2,1,40.0,,3.0,,0,0,78,15.0,29.0
14196016,0,2015,0.15947,0.29085,0.51786,0.01595,0.01588,3,1,0.51786,1,2,1,40.0,,6.0,,0,1,80,,25.0
14196058,0,2015,0.35808,0.00902,0.16777,0.00873,0.45639,3,2,0.45639,1,2,1,60.0,,4.0,,0,0,77,75.0,
14196927,0,2015,0.00772,0.69306,0.07593,0.00784,0.21546,2,1,0.69306,1,2,1,60.0,,4.0,,0,0,76,7.0,
14197565,0,2015,0.01202,0.40151,0.33571,0.01180,0.23896,3,2,0.40151,1,2,1,60.0,,3.0,,0,0,72,20.0,10.0
14197761,0,2015,0.08409,0.01089,0.65162,0.01053,0.24286,2,1,0.65162,1,2,1,80.0,,4.0,,0,0,69,31.0,8.0
14197873,0,2015,0.01066,0.45397,0.16398,0.16463,0.20676,4,1,0.45397,1,2,1,70.0,,5.0,,0,0,86,85.0,78.0
14197933,0,2015,0.47485,0.39559,0.00755,0.05766,0.06435,2,2,0.47485,1,2,1,70.0,,6.0,,0,0,83,64.0,
14198007,0,2015,0.05766,0.66031,0.13858,0.08380,0.05966,2,1,0.66031,1,2,1,70.0,,5.0,,0,0,75,8.0,
14198176,0,2015,0.51373,0.31743,0.15051,0.00912,0.00921,3,2,0.51373,1,2,1,80.0,,4.0,,0,0,68,55.0,
14198372,0,2015,0.05219,0.00634,0.25344,0.11597,0.57206,3,1,0.57206,1,2,1,70.0,,6.0,,0,0,85,,13.0
14198419,0,2015,0.16346,0.71005,0.11022,0.00800,0.00827,3,1,0.71005,1,2,1,60.0,,6.0,,0,0,71,5.0,
14198479,0,2015,0.00919,0.09713,0.00912,0.21770,0.66686,2,1,0.66686,1,2,1,70.0,,5.0,,0,0,79,36.0,22.0
14198548,0,2015,0.60945,0.01155,0.01120,0.01118,0.35662,2,2,0.60945,1,2,1,70.0,,4.0,,0,0,76,56.0,22.0
14198589,1,2015,0.01361,0.65440,0.18830,0.01340,0.13028,3,1,0.65440,1,2,1,60.0,32.0,5.0,,0,0,78,14.0,
14198680,0,2015,0.10105,0.55936,0.01597,0.10158,0.22205,4,1,0.55936,1,2,1,60.0,,3.0,,0,0,76,37.0,
14198769,0,2015,0.42127,0.38082,0.09118,0.00648,0.10025,3,2,0.42127,1,2,1,80.0,,5.0,,0,0,73,,15.0
14199415,1,2015,0.46134,0.00716,0.21652,0.14427,0.17071,4,1,0.46134,1,2,1,60.0,27.0,4.0,,0,0,72,29.0,
14199547,0,2015,0.14715,0.00799,0.13042,0.00773,0.70671,3,1,0.70671,1,2,1,70.0,,5.0,,0,0,89,,10.0
14200182,0,2015,0.21567,0.35549,0.01079,0.01055,0.40751,3,2,0.40751,1,2,1,70.0,,5.0,,0,0,77,0.0,
14200338,0,2015,0.62529,0.20241,0.09259,0.06857,0.01114,2,1,0.62529,1,2,1,60.0,,6.0,,0,0,79,,30.0
14200353,0,2015,0.08778,0.37839,0.35595,0.17063,0.00725,3,2,0.37839,1,2,1,70.0,,6.0,,0,0,88,46.0,
14200752,0,2015,0.64507,0.21185,0.09106,0.04449,0.00752,2,1,0.64507,1,2,0,50.0,,2.0,,0,0,0,6.0,
14200978,0,2015,0.21636,0.19134,0.00697,0.00690,0.57842,3,1,0.57842,1,2,1,70.0,,6.0,,0,0,86,,62.0
14201042,0,2015,0.06566,0.39604,0.52193,0.00831,0.00805,2,2,0.52193,1,2,1,60.0,,6.0,,0,0,80,40.0,30.0
14201043,0,2015,0.12097,0.34067,0.15047,0.28241,0.10549,5,1,0.34067,1,2,1,60.0,,4.0,,0,0,82,,15.0
14201373,1,2015,0.05043,0.05053,0.05011,0.05001,0.79893,1,1,0.79893,1,2,1,80.0,23.0,3.0,,0,0,79,57.0,52.0
14201624,0,2015,0.05569,0.55612,0.12817,0.19265,0.06736,3,1,0.55612,1,2,1,70.0,,4.0,,0,0,77,,
14201938,1,2015,0.44690,0.27730,0.19436,0.00903,0.07240,3,1,0.44690,1,2,1,60.0,29.0,5.0,,0,0,75,9.0,19.0
14202312,0,2015,0.00755,0.41834,0.25476,0.00752,0.31183,3,2,0.41834,1,2,1,60.0,,4.0,,0,0,76,7.0,
14202336,0,2015,0.05361,0.00735,0.53126,0.00730,0.40046,2,2,0.53126,1,2,1,60.0,,4.0,,0,0,80,,
14203211,0,2015,0.07554,0.01192,0.14513,0.75553,0.01187,2,1,0.75553,1,2,1,90.0,,5.0,,0,0,78,28.0,
14203272,0,2015,0.64555,0.01018,0.01012,0.17746,0.15669,3,1,0.64555,1,2,1,90.0,,4.0,,0,0,78,69.0,24.0
14203395,0,2015,0.77060,0.00817,0.04940,0.10391,0.06793,2,1,0.77060,1,2,1,60.0,,4.0,,0,0,76,,22.0
14203451,0,2015,0.01190,0.14222,0.20594,0.13428,0.50565,4,1,0.50565,1,2,1,60.0,,4.0,,0,0,82,,18.0
14203614,1,2015,0.00774,0.11386,0.17622,0.00772,0.69446,3,1,0.69446,1,2,1,40.0,30.0,5.0,,0,0,77,23.0,42.0
14203629,0,2015,0.26028,0.12032,0.01007,0.01020,0.59913,3,1,0.59913,1,2,1,70.0,,4.0,,0,0,72,20.0,
14203631,0,2015,0.18093,0.41686,0.32409,0.06798,0.01014,3,2,0.41686,1,2,0,60.0,,2.0,,0,0,0,45.0,
14203897,0,2015,0.53127,0.20166,0.12718,0.12830,0.01158,4,1,0.53127,1,2,1,80.0,,6.0,,0,0,81,45.0,
14204173,0,2015,0.33030,0.30240,0.33374,0.01670,0.01685,3,3,0.33374,1,2,1,70.0,,5.0,,0,0,78,52.0,27.0
14204314,0,2015,0.65092,0.00753,0.28633,0.04777,0.00745,2,1,0.65092,1,2,1,60.0,,4.0,,0,0,79,,
14204357,0,2015,0.06072,0.32089,0.00846,0.00838,0.60156,2,2,0.60156,1,2,1,70.0,,3.0,,0,0,81,15.0,26.0
14204440,1,2015,0.25372,0.44271,0.18050,0.11575,0.00733,4,1,0.44271,1,2,1,60.0,32.0,4.0,,0,0,73,0.0,
14204445,0,2015,0.10733,0.68853,0.05518,0.08811,0.06085,2,1,0.68853,1,2,1,50.0,,4.0,,0,0,79,0.0,
14204461,0,2015,0.00783,0.29142,0.26690,0.42609,0.00775,3,1,0.42609,1,2,0,50.0,,4.0,,0,0,0,6.0,
14204595,1,2015,0.01674,0.73320,0.21651,0.01674,0.01682,2,1,0.73320,1,2,1,70.0,28.0,5.0,,0,0,81,,
14204618,1,2015,0.28116,0.00820,0.28945,0.00802,0.41317,3,1,0.41317,1,2,1,50.0,30.0,4.0,,0,0,80,,
14205260,0,2015,0.27405,0.46274,0.18668,0.00699,0.06954,3,1,0.46274,1,2,1,70.0,,4.0,,0,0,72,,
14205297,0,2015,0.16714,0.68393,0.01434,0.01431,0.12028,3,1,0.68393,1,2,1,60.0,,4.0,,0,0,79,29.0,
14205376,0,2015,0.32573,0.43433,0.00875,0.00872,0.22247,3,2,0.43433,1,2,1,60.0,,5.0,,0,0,80,,0.0
14205689,0,2015,0.16861,0.20418,0.17998,0.38735,0.05989,4,1,0.38735,1,2,1,80.0,,5.0,,0,0,85,60.0,
14205701,0,2015,0.00812,0.91986,0.00804,0.05589,0.00809,1,1,0.91986,1,2,1,70.0,,7.0,,0,0,74,29.0,17.0
14206056,0,2015,0.00728,0.30655,0.05623,0.00723,0.62272,2,2,0.62272,1,2,1,90.0,,4.0,,0,0,75,,
14206086,0,2015,0.45050,0.09073,0.13527,0.17677,0.14673,4,1,0.45050,1,2,1,60.0,,3.0,,0,0,80,42.0,
14206516,0,2015,0.00791,0.39493,0.17549,0.00772,0.41394,3,2,0.41394,1,2,1,80.0,,4.0,,0,0,83,18.0,15.0
14206611,0,2015,0.08460,0.42141,0.30809,0.06218,0.12372,3,2,0.42141,1,2,1,60.0,,6.0,,0,0,82,,
14206680,0,2015,0.00931,0.12657,0.00915,0.57213,0.28284,3,1,0.57213,1,2,1,70.0,,5.0,,0,0,76,26.0,54.0
14207170,0,2015,0.01192,0.32918,0.47528,0.01178,0.17184,3,2,0.47528,1,2,1,70.0,,4.0,,0,0,84,,19.0
14207344,0,2015,0.20933,0.00749,0.00750,0.43225,0.34344,3,2,0.43225,1,2,1,50.0,,5.0,,0,0,84,,19.0
14207375,1,2015,0.39596,0.20993,0.01336,0.26891,0.11184,4,1,0.39596,1,2,1,60.0,28.0,5.0,,0,0,76,0.0,
14207490,0,2015,0.12050,0.00880,0.39970,0.46220,0.00881,3,2,0.46220,1,2,1,40.0,,5.0,,0,0,72,42.0,
14207710,0,2015,0.01065,0.22378,0.01056,0.27440,0.48061,3,1,0.48061,1,2,1,70.0,,6.0,,0,0,85,,69.0
14207714,1,2015,0.15844,0.00647,0.04267,0.08729,0.70512,2,1,0.70512,1,2,1,80.0,26.0,4.0,,0,0,84,41.0,
14207950,1,2015,0.01083,0.32429,0.01076,0.01054,0.64358,2,2,0.64358,1,2,1,80.0,29.0,3.0,,0,0,66,,
14208004,0,2015,0.00922,0.78333,0.00914,0.00912,0.18919,2,1,0.78333,1,2,1,60.0,,4.0,,0,0,84,,27.0
14208072,0,2015,0.00861,0.44752,0.42561,0.00836,0.10990,3,2,0.44752,1,2,1,50.0,,4.0,,0,1,85,66.0,63.0
14208082,0,2015,0.21423,0.41935,0.14244,0.09405,0.12993,4,1,0.41935,1,2,1,70.0,,4.0,,0,0,86,14.0,6.0
14208142,0,2015,0.00916,0.24028,0.00932,0.10966,0.63157,3,1,0.63157,1,2,1,60.0,,4.0,,0,0,78,27.0,38.0
14208199,0,2015,0.63080,0.01558,0.01541,0.32267,0.01554,2,2,0.63080,1,2,1,50.0,,4.0,,0,0,73,12.0,
14208208,0,2015,0.09443,0.87002,0.01186,0.01177,0.01192,1,1,0.87002,1,2,1,50.0,,5.0,,0,0,77,,14.0
14208335,0,2015,0.00722,0.20228,0.36042,0.42284,0.00724,3,2,0.42284,1,2,1,60.0,,6.0,,0,1,86,,70.0
14208568,0,2015,0.08909,0.25582,0.16683,0.15975,0.32851,4,1,0.32851,1,2,1,50.0,,6.0,,0,0,78,,36.0
14208669,1,2015,0.01012,0.01034,0.25963,0.35618,0.36373,3,2,0.36373,1,2,1,40.0,24.0,,94.0,0,0,79,0.0,
14208805,1,2015,0.29743,0.05371,0.00815,0.04787,0.59285,2,1,0.59285,1,2,1,90.0,26.0,3.0,,0,0,79,13.0,36.0
14208819,0,2015,0.14427,0.24911,0.15946,0.00874,0.43843,4,1,0.43843,1,2,1,60.0,,5.0,,0,0,72,,4.0
14208863,0,2015,0.76509,0.09298,0.00771,0.12647,0.00774,2,1,0.76509,1,2,0,60.0,,4.0,,0,0,0,16.0,
14208919,0,2015,0.23803,0.15629,0.08497,0.17350,0.34721,4,1,0.34721,1,2,1,90.0,,4.0,,0,0,72,,
14208979,0,2015,0.46907,0.00938,0.00913,0.39791,0.11450,3,2,0.46907,1,2,1,60.0,,4.0,,0,0,83,18.0,16.0
14208988,0,2015,0.10859,0.27087,0.22117,0.00918,0.39019,4,1,0.39019,1,2,1,70.0,,5.0,,0,0,79,,0.0
14209187,0,2015,0.01138,0.52721,0.01129,0.01114,0.43898,2,2,0.52721,1,2,1,80.0,,4.0,,0,0,76,6.0,3.0
14209202,0,2015,0.79209,0.18268,0.00845,0.00836,0.00842,2,1,0.79209,1,2,1,70.0,,6.0,,0,1,91,54.0,73.0
14209326,0,2015,0.24647,0.12135,0.00882,0.14903,0.47434,4,1,0.47434,1,2,1,70.0,,6.0,,0,0,72,,10.0
14209443,0,2015,0.05374,0.30509,0.12052,0.36516,0.15550,4,2,0.36516,1,2,1,80.0,,5.0,,0,0,80,55.0,76.0
14209506,0,2015,0.47092,0.26383,0.00914,0.07735,0.17875,3,1,0.47092,1,2,1,80.0,,4.0,,0,0,70,10.0,
14209758,0,2015,0.37502,0.31258,0.25107,0.05477,0.00656,3,2,0.37502,1,2,1,70.0,,4.0,,0,0,76,,
14209861,0,2015,0.06288,0.73307,0.13353,0.06350,0.00701,2,1,0.73307,1,2,1,80.0,,4.0,,0,0,74,0.0,
14209936,1,2015,0.81950,0.01214,0.01187,0.07382,0.08268,1,1,0.81950,1,2,1,60.0,33.0,4.0,,0,0,65,,0.0
14210143,0,2015,0.01210,0.95245,0.01184,0.01177,0.01185,1,1,0.95245,1,2,1,80.0,,3.0,,0,0,74,4.0,
14210986,0,2015,0.39215,0.00864,0.19429,0.27216,0.13277,4,1,0.39215,1,2,1,80.0,,5.0,,0,0,83,0.0,
14211109,0,2015,0.08722,0.20716,0.16539,0.48231,0.05792,3,1,0.48231,1,2,1,70.0,,5.0,,0,0,76,,
14211187,1,2015,0.03642,0.66817,0.00742,0.11223,0.17575,3,1,0.66817,1,2,1,70.0,26.0,7.0,,0,0,74,,
14212581,0,2015,0.00719,0.57781,0.00738,0.13557,0.27204,3,1,0.57781,1,2,1,70.0,,6.0,,0,0,76,43.0,39.0
14212603,0,2015,0.00723,0.37364,0.20154,0.41032,0.00727,3,2,0.41032,1,2,1,80.0,,5.0,,0,0,84,99.0,
14212690,1,2015,0.24553,0.01129,0.06633,0.06733,0.60952,2,1,0.60952,1,2,1,70.0,26.0,2.0,,0,0,80,0.0,
14212792,1,2015,0.01886,0.43141,0.22089,0.11298,0.21586,4,1,0.43141,1,2,1,80.0,25.0,2.0,,0,0,75,10.0,4.0
14212903,0,2015,0.03363,0.03397,0.53117,0.03335,0.36788,2,2,0.53117,1,2,1,50.0,,6.0,,0,0,77,27.0,
14213782,0,2015,0.01033,0.63929,0.17577,0.01001,0.16459,3,1,0.63929,1,2,1,60.0,,4.0,,0,0,81,,9.0
14214066,0,2015,0.22814,0.48016,0.05460,0.00814,0.22896,3,1,0.48016,1,2,1,60.0,,4.0,,0,0,76,37.0,
14214870,1,2015,0.13137,0.72660,0.01678,0.10847,0.01678,3,1,0.72660,1,2,1,80.0,30.0,4.0,,0,0,79,,28.0
14215397,0,2015,0.00930,0.64469,0.00913,0.00910,0.32777,2,2,0.64469,1,2,0,50.0,,2.0,,0,0,0,7.0,
14215398,0,2015,0.41817,0.00903,0.00880,0.00925,0.55474,2,2,0.55474,1,2,1,70.0,,6.0,,0,0,79,83.0,
14215428,1,2015,0.15694,0.55334,0.01088,0.06884,0.21001,3,1,0.55334,1,2,1,80.0,31.0,5.0,,0,0,83,8.0,
14215439,0,2015,0.39984,0.00864,0.39554,0.00841,0.18756,3,2,0.39984,1,2,1,40.0,,4.0,,0,0,80,62.0,33.0
14216006,0,2015,0.56651,0.32164,0.03729,0.00814,0.06642,2,2,0.56651,1,2,1,60.0,,4.0,,0,0,76,,3.0
14216060,1,2015,0.18612,0.08512,0.00743,0.00753,0.71380,2,1,0.71380,1,2,1,70.0,27.0,3.0,,0,0,76,33.0,
14216189,0,2015,0.13680,0.16107,0.01672,0.11763,0.56777,4,1,0.56777,1,2,1,70.0,,4.0,,0,0,71,,
14216388,1,2015,0.01074,0.29626,0.48190,0.06279,0.14831,3,1,0.48190,1,2,1,70.0,26.0,5.0,,0,0,81,7.0,9.0
14216603,0,2015,0.56285,0.30951,0.08292,0.03798,0.00674,2,2,0.56285,1,2,1,70.0,,3.0,,0,0,83,,52.0
14216995,1,2015,0.34478,0.01856,0.59990,0.01830,0.01845,2,2,0.59990,1,2,0,60.0,34.0,4.0,,0,0,0,,
14217423,0,2015,0.18507,0.51925,0.00750,0.28064,0.00755,3,1,0.51925,1,2,1,70.0,,5.0,,0,0,76,,8.0
14217430,0,2015,0.01016,0.62119,0.23817,0.12019,0.01029,3,1,0.62119,1,2,1,40.0,,7.0,,0,0,82,,14.0
14217452,0,2015,0.00783,0.50075,0.00776,0.31719,0.16648,3,2,0.50075,1,2,1,80.0,,4.0,,0,0,78,41.0,41.0
14217503,1,2015,0.01256,0.64847,0.14417,0.01251,0.18229,3,1,0.64847,1,2,1,70.0,27.0,5.0,,0,0,77,,0.0
14217668,0,2015,0.08755,0.01288,0.15758,0.19813,0.54386,3,1,0.54386,1,2,1,90.0,,4.0,,0,0,68,4.0,
14218027,0,2015,0.00840,0.35635,0.12377,0.00840,0.50308,3,2,0.50308,1,2,1,60.0,,4.0,,0,0,67,25.0,
14218467,1,2015,0.02562,0.52806,0.02524,0.39589,0.02519,2,2,0.52806,1,2,1,50.0,29.0,2.0,,0,0,69,20.0,
14218491,1,2015,0.01863,0.24963,0.26208,0.01866,0.45100,3,1,0.45100,1,2,1,60.0,25.0,3.0,,0,0,69,44.0,
14218508,1,2015,0.00843,0.40880,0.00837,0.56581,0.00859,2,2,0.56581,1,2,1,50.0,29.0,3.0,,0,0,83,36.0,
14218655,1,2015,0.00734,0.35348,0.04119,0.04356,0.55443,2,2,0.55443,1,2,1,50.0,33.0,4.0,,0,0,81,25.0,62.0
14218818,0,2015,0.40274,0.20177,0.06280,0.06927,0.26341,3,1,0.40274,1,2,1,50.0,,5.0,,0,0,72,15.0,
14219282,0,2015,0.00757,0.14678,0.39405,0.25945,0.19216,4,1,0.39405,1,2,1,70.0,,4.0,,0,0,85,50.0,47.0
14219544,1,2015,0.01007,0.40736,0.01003,0.22274,0.34980,3,2,0.40736,1,2,1,80.0,27.0,4.0,,0,0,85,60.0,61.0
14219624,0,2015,0.00800,0.42821,0.40830,0.00785,0.14764,3,2,0.42821,1,2,1,60.0,,4.0,,0,0,82,33.0,32.0
14219827,1,2015,0.10359,0.37411,0.19180,0.25669,0.07381,4,1,0.37411,1,2,1,70.0,27.0,4.0,,0,0,73,,
14220547,1,2015,0.24303,0.33866,0.01455,0.01439,0.38936,3,2,0.38936,1,2,1,50.0,33.0,4.0,,0,0,81,57.0,15.0
14220647,0,2015,0.11832,0.00656,0.33251,0.17494,0.36767,4,2,0.36767,1,2,1,50.0,,4.0,,0,0,80,38.0,37.0
14220753,1,2015,0.01162,0.38450,0.13844,0.07767,0.38778,3,2,0.38778,1,2,1,60.0,40.0,4.0,,0,0,77,,0.0
14220789,0,2015,0.08623,0.60085,0.05679,0.10093,0.15520,3,1,0.60085,1,2,1,60.0,,5.0,,0,0,73,,
14221120,0,2015,0.00845,0.38525,0.10551,0.06612,0.43466,3,2,0.43466,1,2,1,70.0,,6.0,,0,0,83,,
14221324,0,2015,0.00595,0.20312,0.00593,0.54303,0.24197,3,1,0.54303,1,2,0,70.0,,6.0,,0,0,0,32.0,
14221350,0,2015,0.00878,0.83779,0.00876,0.00873,0.13594,2,1,0.83779,1,2,1,60.0,,6.0,,0,0,85,,52.0
14221490,0,2015,0.01566,0.93771,0.01545,0.01553,0.01565,1,1,0.93771,1,2,1,80.0,,4.0,,0,0,83,,
14221609,0,2015,0.01122,0.38991,0.01117,0.57646,0.01123,2,2,0.57646,1,2,0,70.0,,5.0,,0,0,0,,
14221634,0,2015,0.00741,0.53916,0.12118,0.24919,0.08306,3,1,0.53916,1,2,1,60.0,,4.0,,0,0,82,39.0,
14221641,0,2015,0.15002,0.25837,0.26639,0.00720,0.31802,4,1,0.31802,1,2,1,70.0,,6.0,,0,0,74,,
14221655,0,2015,0.56274,0.01212,0.26735,0.14581,0.01199,3,1,0.56274,1,2,1,80.0,,4.0,,0,0,83,58.0,
14221660,0,2015,0.00701,0.60588,0.20171,0.00695,0.17845,3,1,0.60588,1,2,1,80.0,,4.0,,0,1,84,,48.0
14221672,0,2015,0.00721,0.33069,0.00723,0.64760,0.00727,2,2,0.64760,1,2,1,60.0,,5.0,,0,0,79,,
14221879,0,2015,0.28019,0.22907,0.00842,0.10657,0.37575,4,1,0.37575,1,2,1,60.0,,4.0,,0,0,80,6.0,47.0
14222280,1,2015,0.01304,0.65639,0.01260,0.07721,0.24077,2,1,0.65639,1,2,1,40.0,33.0,4.0,,0,0,74,17.0,11.0
14222369,0,2015,0.34584,0.24737,0.00959,0.16645,0.23075,4,1,0.34584,1,2,1,60.0,,6.0,,0,0,80,45.0,33.0
14222973,1,2015,0.10000,0.71619,0.07955,0.09154,0.01272,1,1,0.71619,1,2,1,60.0,26.0,4.0,,0,0,81,23.0,
14223225,1,2015,0.24601,0.29630,0.01124,0.01124,0.43521,3,1,0.43521,1,2,1,90.0,33.0,5.0,,0,0,84,55.0,
14223295,0,2015,0.23985,0.37955,0.04001,0.04001,0.30059,3,2,0.37955,1,2,1,70.0,,4.0,,0,0,75,82.0,41.0
14223381,0,2015,0.20936,0.74401,0.01549,0.01560,0.01554,2,1,0.74401,1,2,1,50.0,,5.0,,0,0,73,24.0,42.0
14223535,0,2015,0.26630,0.62613,0.00922,0.00937,0.08897,2,1,0.62613,1,2,1,90.0,,6.0,,0,0,81,27.0,
14223570,0,2015,0.48746,0.12392,0.00729,0.18730,0.19404,4,1,0.48746,1,2,1,70.0,,3.0,,0,0,81,,
14223694,0,2015,0.01340,0.25775,0.20432,0.01336,0.51117,3,1,0.51117,1,2,1,50.0,,4.0,,0,0,76,30.0,41.0
14223908,0,2015,0.23040,0.36121,0.00919,0.05727,0.34193,3,2,0.36121,1,2,1,40.0,,5.0,,0,0,68,18.0,21.0
14224118,0,2015,0.00671,0.24118,0.11735,0.44096,0.19380,4,1,0.44096,1,2,1,70.0,,6.0,,0,0,84,3.0,
14224125,1,2015,0.00836,0.00853,0.17740,0.44718,0.35852,3,2,0.44718,1,2,1,60.0,28.0,6.0,,0,0,73,10.0,18.0
14224183,0,2015,0.00969,0.70429,0.00954,0.00958,0.26690,2,1,0.70429,1,2,1,60.0,,3.0,,0,0,73,,36.0
14224327,1,2015,0.10475,0.38127,0.31647,0.01021,0.18730,4,2,0.38127,1,2,1,70.0,30.0,5.0,,0,0,84,8.0,
14224353,0,2015,0.47183,0.42458,0.00748,0.08814,0.00796,2,2,0.47183,1,2,1,50.0,,4.0,,0,0,76,,6.0
14224396,0,2015,0.91050,0.00957,0.06084,0.00955,0.00954,1,1,0.91050,1,2,1,80.0,,5.0,,0,0,81,12.0,17.0
14224503,0,2015,0.10464,0.18539,0.11266,0.00670,0.59061,4,1,0.59061,1,2,1,70.0,,7.0,,0,0,89,,
14224622,0,2015,0.15728,0.25842,0.07688,0.00763,0.49980,3,1,0.49980,1,2,1,70.0,,4.0,,0,0,83,43.0,93.0
14224684,0,2015,0.39375,0.00907,0.57971,0.00872,0.00876,2,2,0.57971,1,2,1,70.0,,5.0,,0,0,78,,15.0
14224687,1,2015,0.01672,0.64858,0.01694,0.01672,0.30103,2,2,0.64858,1,2,1,60.0,25.0,7.0,,0,0,78,36.0,
14224715,0,2015,0.27980,0.00684,0.15528,0.42400,0.13409,4,1,0.42400,1,2,1,60.0,,4.0,,0,0,79,10.0,
14224951,1,2015,0.06420,0.10473,0.00894,0.00874,0.81339,2,1,0.81339,1,2,1,90.0,28.0,4.0,,0,0,74,5.0,
14225033,1,2015,0.00874,0.26642,0.09974,0.20422,0.42087,3,1,0.42087,1,2,1,70.0,33.0,4.0,,0,0,69,,
14225039,1,2015,0.42839,0.42212,0.12706,0.01118,0.01126,3,2,0.42839,1,2,0,70.0,27.0,6.0,,0,0,0,10.0,4.0
14225164,0,2015,0.00941,0.49738,0.18168,0.15935,0.15218,4,1,0.49738,1,2,1,70.0,,4.0,,0,0,86,,10.0
14225230,0,2015,0.33895,0.13047,0.25661,0.04329,0.23068,4,1,0.33895,1,2,1,50.0,,7.0,,0,0,81,,71.0
14225699,0,2015,0.00724,0.29850,0.37666,0.00723,0.31036,3,2,0.37666,1,2,1,60.0,,5.0,,0,0,78,,23.0
14225771,0,2015,0.00729,0.31011,0.47151,0.20386,0.00723,3,2,0.47151,1,2,1,80.0,,4.0,,0,0,75,21.0,14.0
14225928,0,2015,0.00809,0.39478,0.00808,0.19880,0.39024,3,2,0.39478,1,2,1,70.0,,5.0,,0,0,82,60.0,
14226075,0,2015,0.19850,0.16484,0.01066,0.15795,0.46805,4,1,0.46805,1,2,1,80.0,,5.0,,0,0,85,8.0,15.0
14226583,0,2015,0.00874,0.00877,0.70239,0.03698,0.24311,2,1,0.70239,1,2,1,90.0,,3.0,,0,0,80,99.0,
14226920,0,2015,0.11442,0.14033,0.17712,0.36680,0.20133,5,1,0.36680,1,2,1,60.0,,5.0,,0,0,75,31.0,
14226965,0,2015,0.18659,0.69097,0.10619,0.00818,0.00807,3,1,0.69097,1,2,1,70.0,,6.0,,0,0,79,53.0,
14227117,0,2015,0.18929,0.00904,0.36318,0.18136,0.25712,4,1,0.36318,1,2,1,50.0,,5.0,,0,1,79,46.0,36.0
14227211,0,2015,0.00803,0.65438,0.12125,0.09602,0.12033,3,1,0.65438,1,2,1,60.0,,4.0,,0,0,85,,4.0
14227304,1,2015,0.13490,0.01357,0.01340,0.01342,0.82471,2,1,0.82471,1,2,1,70.0,25.0,3.0,,0,0,75,0.0,12.0
14227307,0,2015,0.05520,0.55520,0.00835,0.06637,0.31488,2,2,0.55520,1,2,1,70.0,,5.0,,0,0,75,3.0,3.0
14227362,0,2015,0.02899,0.57346,0.02882,0.02859,0.34014,2,2,0.57346,1,2,1,40.0,,6.0,,0,0,75,45.0,39.0
14227410,0,2015,0.37861,0.47535,0.01429,0.01430,0.11745,3,2,0.47535,1,2,1,80.0,,4.0,,0,0,89,5.0,
14228417,0,2015,0.00818,0.31985,0.28492,0.32677,0.06027,3,2,0.32677,1,2,1,60.0,,4.0,,0,0,81,46.0,29.0
14228452,1,2015,0.16731,0.07718,0.34154,0.40639,0.00758,3,2,0.40639,1,2,1,60.0,27.0,4.0,,0,1,80,5.0,17.0
14228613,1,2015,0.00834,0.47545,0.49885,0.00848,0.00887,2,2,0.49885,1,2,1,70.0,26.0,5.0,,0,0,76,12.0,0.0
14228826,1,2015,0.19270,0.65183,0.05851,0.00966,0.08731,2,1,0.65183,1,2,1,80.0,28.0,3.0,,0,0,78,7.0,
14229238,0,2015,0.73600,0.02328,0.19517,0.02233,0.02322,2,1,0.73600,1,2,1,60.0,,5.0,,0,0,78,60.0,25.0
14229349,1,2015,0.01187,0.27012,0.15077,0.55514,0.01210,3,1,0.55514,1,2,1,70.0,25.0,3.0,,0,0,72,,14.0
14230314,0,2015,0.27410,0.01069,0.01053,0.39258,0.31209,3,2,0.39258,1,2,1,70.0,,6.0,,0,0,82,57.0,70.0
14230409,0,2015,0.81159,0.01008,0.01002,0.15831,0.01001,2,1,0.81159,1,2,1,70.0,,5.0,,0,0,80,45.0,8.0
14230512,0,2015,0.23302,0.35616,0.39136,0.00977,0.00968,3,2,0.39136,1,2,1,70.0,,3.0,,0,0,80,17.0,51.0
14230895,0,2015,0.12878,0.20140,0.12887,0.01018,0.53077,4,1,0.53077,1,2,1,70.0,,6.0,,0,0,77,44.0,46.0
14230897,1,2015,0.14132,0.15142,0.00773,0.22519,0.47434,4,1,0.47434,1,2,1,90.0,27.0,5.0,,0,0,82,8.0,
14231009,0,2015,0.00878,0.28428,0.11503,0.48394,0.10797,4,1,0.48394,1,2,1,80.0,,6.0,,0,0,79,,20.0
14231130,1,2015,0.00907,0.41344,0.00882,0.55979,0.00887,2,2,0.55979,1,2,1,80.0,32.0,4.0,,0,0,82,22.0,
14231133,0,2015,0.67900,0.15448,0.00843,0.04950,0.10859,3,1,0.67900,1,2,1,80.0,,4.0,,0,0,82,13.0,93.0
14231375,0,2015,0.01115,0.87147,0.01115,0.01116,0.09507,1,1,0.87147,1,2,1,70.0,,5.0,,0,0,75,22.0,32.0
14231517,0,2015,0.00824,0.69640,0.13717,0.00804,0.15014,3,1,0.69640,1,2,1,60.0,,6.0,,0,0,80,,
14231652,0,2015,0.01020,0.28385,0.32004,0.01021,0.37570,3,2,0.37570,1,2,1,70.0,,4.0,,0,0,66,0.0,
14231991,0,2015,0.26910,0.37299,0.34240,0.00772,0.00779,3,2,0.37299,1,2,1,50.0,,5.0,,0,0,78,22.0,
14232499,0,2015,0.50608,0.00895,0.20981,0.00871,0.26645,3,1,0.50608,1,2,1,70.0,,5.0,,0,0,79,63.0,
14232969,0,2015,0.05237,0.06623,0.09745,0.08401,0.69995,1,1,0.69995,1,2,1,70.0,,3.0,,0,0,88,29.0,
14233112,0,2015,0.36518,0.28774,0.08526,0.01334,0.24849,3,1,0.36518,1,2,1,50.0,,5.0,,0,0,75,22.0,24.0
14233229,0,2015,0.02871,0.26615,0.02858,0.02862,0.64793,2,1,0.64793,1,2,1,60.0,,4.0,,0,0,76,38.0,
14233395,0,2015,0.51413,0.25743,0.11809,0.10117,0.00918,4,1,0.51413,1,2,0,70.0,,4.0,,0,0,0,22.0,21.0
14233491,1,2015,0.18186,0.04717,0.10215,0.44993,0.21888,4,1,0.44993,1,2,0,60.0,27.0,4.0,,0,0,0,32.0,0.0
14233575,0,2015,0.69310,0.00894,0.16723,0.12185,0.00888,3,1,0.69310,1,2,0,90.0,,6.0,,0,0,0,0.0,
14233815,1,2015,0.04394,0.14307,0.19281,0.48354,0.13664,4,1,0.48354,1,2,1,70.0,24.0,5.0,,0,0,83,0.0,5.0
14234128,0,2015,0.01357,0.28020,0.67907,0.01345,0.01371,2,1,0.67907,1,2,1,60.0,,4.0,,0,0,74,31.0,46.0
14234252,1,2015,0.21026,0.17894,0.14527,0.20742,0.25811,5,0,0.25811,1,2,1,60.0,28.0,4.0,,0,0,74,22.0,
14238230,0,2015,0.01723,0.63278,0.01668,0.01668,0.31663,2,2,0.63278,1,2,1,70.0,,4.0,,0,0,71,9.0,
14238233,0,2015,0.00973,0.44290,0.40183,0.00959,0.13596,3,2,0.44290,1,2,1,60.0,,4.0,,0,0,77,40.0,50.0
14238564,0,2015,0.00924,0.12187,0.25420,0.00946,0.60524,3,1,0.60524,1,2,1,70.0,,6.0,,0,0,75,0.0,
14239215,0,2015,0.16887,0.07434,0.00939,0.00914,0.73826,2,1,0.73826,1,2,1,70.0,,4.0,,0,0,78,,41.0
14239370,0,2015,0.20831,0.58026,0.11322,0.09031,0.00790,3,1,0.58026,1,2,1,70.0,,5.0,,0,0,71,37.0,
14239447,0,2015,0.18740,0.41618,0.12812,0.08167,0.18663,4,1,0.41618,1,2,1,50.0,,4.0,,0,0,74,25.0,
14239593,1,2015,0.24828,0.00871,0.10707,0.09618,0.53976,3,1,0.53976,1,2,1,60.0,28.0,6.0,,0,1,84,40.0,
14239595,0,2015,0.23083,0.73738,0.01065,0.01056,0.01058,2,1,0.73738,1,2,1,50.0,,,93.0,0,0,74,,50.0
14239665,0,2015,0.10323,0.00781,0.11674,0.35523,0.41699,4,2,0.41699,1,2,1,60.0,,7.0,,0,0,80,10.0,29.0
14239784,0,2015,0.00913,0.28434,0.00922,0.05732,0.63999,2,1,0.63999,1,2,1,50.0,,,94.0,0,0,77,10.0,7.0
14240351,0,2015,0.01568,0.45688,0.24964,0.01540,0.26241,3,1,0.45688,1,2,1,90.0,,4.0,,0,0,71,,
14240544,1,2015,0.09502,0.64739,0.17558,0.00834,0.07367,2,1,0.64739,1,2,1,60.0,23.0,4.0,,0,0,72,33.0,
14240613,0,2015,0.69604,0.13294,0.05867,0.00788,0.10447,3,1,0.69604,1,2,1,80.0,,6.0,,0,0,75,,27.0
14240695,0,2015,0.00845,0.48964,0.14948,0.00838,0.34406,3,2,0.48964,1,2,1,60.0,,4.0,,0,0,73,55.0,
14240725,0,2015,0.44038,0.20747,0.33095,0.01055,0.01065,3,2,0.44038,1,2,1,70.0,,6.0,,0,0,77,6.0,
14240994,0,2015,0.00849,0.69487,0.16490,0.12331,0.00842,3,1,0.69487,1,2,0,60.0,,4.0,,0,0,0,24.0,
14241155,0,2015,0.05076,0.68850,0.00749,0.11920,0.13405,3,1,0.68850,1,2,1,80.0,,5.0,,0,0,83,29.0,
14241254,0,2015,0.34966,0.04039,0.01127,0.01115,0.58753,2,2,0.58753,1,2,1,60.0,,5.0,,0,0,76,68.0,
14241792,0,2015,0.00703,0.17513,0.08368,0.58340,0.15076,3,1,0.58340,1,2,1,60.0,,5.0,,0,0,78,,
14241828,0,2015,0.07511,0.00617,0.00628,0.63644,0.27599,2,1,0.63644,1,2,1,60.0,,6.0,,0,0,73,30.0,
14241882,0,2015,0.40992,0.23304,0.08510,0.05964,0.21230,3,1,0.40992,1,2,1,70.0,,5.0,,0,0,69,3.0,23.0
14241900,0,2015,0.02259,0.17701,0.42283,0.02244,0.35513,3,2,0.42283,1,2,1,60.0,,5.0,,0,0,74,28.0,5.0
14241960,0,2015,0.01340,0.47679,0.16155,0.12101,0.22725,4,1,0.47679,1,2,1,40.0,,,93.0,0,0,69,9.0,19.0
14242072,1,2015,0.00983,0.51897,0.28412,0.06896,0.11812,3,1,0.51897,1,2,1,60.0,32.0,5.0,,0,0,72,7.0,
14242114,0,2015,0.00878,0.28187,0.45690,0.18323,0.06923,3,1,0.45690,1,2,1,70.0,,6.0,,0,0,83,,19.0
14242458,0,2015,0.07665,0.15142,0.00928,0.16317,0.59948,3,1,0.59948,1,2,1,60.0,,7.0,,0,0,74,,0.0
14242619,0,2015,0.11310,0.15141,0.00653,0.34524,0.38372,4,2,0.38372,1,2,1,70.0,,5.0,,0,0,80,0.0,
14242721,0,2015,0.12003,0.25635,0.14286,0.00912,0.47164,4,1,0.47164,1,2,1,60.0,,4.0,,0,0,78,10.0,
14243299,0,2015,0.07056,0.30396,0.00706,0.00690,0.61152,2,2,0.61152,1,2,1,50.0,,7.0,,0,0,74,43.0,
14243471,0,2015,0.48942,0.01714,0.11447,0.01670,0.36228,3,2,0.48942,1,2,1,60.0,,5.0,,0,0,76,11.0,
14243480,0,2015,0.61657,0.14500,0.04543,0.18669,0.00631,3,1,0.61657,1,2,1,80.0,,6.0,,0,0,76,48.0,
14243508,1,2015,0.00877,0.16408,0.50423,0.00882,0.31409,3,2,0.50423,1,2,0,70.0,26.0,4.0,,0,0,0,41.0,
14243640,0,2015,0.00878,0.24477,0.29472,0.16476,0.28697,4,0,0.29472,1,2,1,70.0,,5.0,,0,0,80,,29.0
14243830,0,2015,0.00958,0.74278,0.00963,0.00959,0.22841,2,1,0.74278,1,2,1,60.0,,4.0,,0,0,80,40.0,20.0
14244020,0,2015,0.19052,0.28273,0.00721,0.22770,0.29185,4,0,0.29185,1,2,1,70.0,,5.0,,0,0,69,,14.0
14244219,0,2015,0.16741,0.72861,0.08879,0.00741,0.00777,2,1,0.72861,1,2,1,70.0,,5.0,,0,0,80,,
14244589,0,2015,0.01542,0.30634,0.24729,0.41555,0.01541,3,2,0.41555,1,2,1,60.0,,7.0,,0,0,80,,
14244601,0,2015,0.00874,0.48230,0.39838,0.10173,0.00885,3,2,0.48230,1,2,1,60.0,,4.0,,0,0,78,,
14244741,0,2015,0.15549,0.66124,0.04952,0.00745,0.12630,3,1,0.66124,1,2,1,70.0,,7.0,,0,0,79,31.0,
14245025,0,2015,0.57196,0.07637,0.00778,0.10843,0.23546,3,1,0.57196,1,2,1,70.0,,4.0,,0,0,68,23.0,
14245280,1,2015,0.49594,0.00812,0.15248,0.00804,0.33543,3,2,0.49594,1,2,1,70.0,35.0,6.0,,0,0,84,24.0,
14245444,1,2015,0.11933,0.26082,0.17997,0.22335,0.21653,5,0,0.26082,1,2,1,50.0,32.0,4.0,,0,0,85,24.0,26.0
14245453,0,2015,0.00812,0.54894,0.00826,0.00832,0.42635,2,2,0.54894,1,2,1,80.0,,7.0,,0,0,78,8.0,
14245643,1,2015,0.04958,0.35159,0.46742,0.12487,0.00653,3,2,0.46742,1,2,1,70.0,29.0,6.0,,0,0,82,0.0,0.0
14245659,0,2015,0.00793,0.42318,0.14828,0.32661,0.09401,3,2,0.42318,1,2,1,70.0,,6.0,,0,1,87,45.0,
14245675,0,2015,0.11835,0.74951,0.00765,0.00741,0.11708,3,1,0.74951,1,2,1,70.0,,4.0,,0,0,77,9.0,0.0
14246161,0,2015,0.34124,0.33652,0.00966,0.00954,0.30305,3,3,0.34124,1,2,1,60.0,,4.0,,0,0,86,,36.0
14246231,0,2015,0.30588,0.60197,0.06959,0.01129,0.01128,2,2,0.60197,1,2,1,60.0,,4.0,,0,0,78,49.0,
14246253,0,2015,0.49529,0.36756,0.10823,0.01440,0.01452,3,2,0.49529,1,2,0,60.0,,5.0,,0,0,0,18.0,17.0
14246985,0,2015,0.00761,0.26943,0.06623,0.37920,0.27753,3,1,0.37920,1,2,1,90.0,,4.0,,0,0,81,27.0,
14247082,1,2015,0.56844,0.27980,0.05390,0.00776,0.09010,2,1,0.56844,1,2,1,60.0,27.0,3.0,,0,0,83,41.0,27.0
14247649,0,2015,0.30395,0.24356,0.20045,0.04715,0.20489,4,1,0.30395,1,2,1,60.0,,4.0,,0,0,73,9.0,
14247676,0,2015,0.00843,0.27105,0.09785,0.12486,0.49782,3,1,0.49782,1,2,1,70.0,,5.0,,0,0,85,0.0,3.0
14248067,1,2015,0.08598,0.30251,0.36868,0.01334,0.22950,3,2,0.36868,1,2,1,60.0,26.0,4.0,,0,0,78,,
14248425,0,2015,0.84642,0.01084,0.01062,0.12153,0.01059,2,1,0.84642,1,2,0,60.0,,3.0,,0,0,0,85.0,
14248482,0,2015,0.41567,0.39466,0.10747,0.07132,0.01088,3,2,0.41567,1,2,1,70.0,,4.0,,0,1,83,86.0,
14248715,0,2015,0.47323,0.00751,0.24466,0.07676,0.19784,3,1,0.47323,1,2,1,60.0,,4.0,,0,0,81,78.0,
14249164,0,2015,0.00684,0.20254,0.15752,0.48519,0.14792,4,1,0.48519,1,2,1,70.0,,4.0,,0,0,78,,0.0
14249384,0,2015,0.04343,0.50838,0.00639,0.13965,0.30215,3,2,0.50838,1,2,1,70.0,,5.0,,0,0,77,46.0,29.0
14249660,0,2015,0.67264,0.11259,0.12341,0.00872,0.08264,3,1,0.67264,1,2,1,70.0,,4.0,,0,0,83,64.0,51.0
14249747,0,2015,0.01554,0.59808,0.35504,0.01568,0.01567,2,2,0.59808,1,2,1,60.0,,4.0,,0,0,83,57.0,71.0
14250689,0,2015,0.00762,0.07332,0.07216,0.05033,0.79657,1,1,0.79657,1,2,1,80.0,,4.0,,0,0,80,20.0,
14250751,0,2015,0.01116,0.66363,0.30271,0.01118,0.01131,2,2,0.66363,1,2,1,70.0,,5.0,,0,0,78,71.0,
14250818,1,2015,0.00749,0.24945,0.43343,0.21344,0.09619,3,1,0.43343,1,2,1,60.0,29.0,3.0,,0,0,74,8.0,0.0
14250981,1,2015,0.28836,0.00791,0.43472,0.00774,0.26127,3,1,0.43472,1,2,1,70.0,28.0,4.0,,0,0,76,75.0,
14251103,0,2015,0.00744,0.43321,0.50728,0.00784,0.04423,2,2,0.50728,1,2,1,90.0,,5.0,,0,0,78,14.0,
14251223,1,2015,0.10085,0.60965,0.00774,0.00775,0.27402,3,1,0.60965,1,2,1,60.0,29.0,3.0,,0,0,83,8.0,15.0
14251346,0,2015,0.00804,0.07845,0.00821,0.64919,0.25611,2,1,0.64919,1,2,1,60.0,,5.0,,0,0,82,,0.0
14251552,1,2015,0.01202,0.88427,0.01179,0.01185,0.08007,1,1,0.88427,1,2,1,60.0,26.0,4.0,,0,0,72,8.0,16.0
14251964,1,2015,0.06974,0.19646,0.29806,0.00779,0.42795,3,1,0.42795,1,2,1,90.0,25.0,3.0,,0,0,82,14.0,
14252005,0,2015,0.00922,0.15321,0.16762,0.00939,0.66056,3,1,0.66056,1,2,1,60.0,,3.0,,0,0,75,22.0,
14252292,0,2015,0.01196,0.68958,0.27479,0.01181,0.01186,2,1,0.68958,1,2,1,80.0,,4.0,,0,0,67,10.0,
14252534,0,2015,0.23961,0.56088,0.01057,0.01053,0.17840,3,1,0.56088,1,2,1,60.0,,4.0,,0,0,70,23.0,
14252633,1,2015,0.01073,0.17183,0.14491,0.01071,0.66182,3,1,0.66182,1,2,1,50.0,26.0,3.0,,0,0,78,25.0,
14252778,0,2015,0.11601,0.15579,0.00840,0.21242,0.50738,4,1,0.50738,1,2,1,50.0,,5.0,,0,0,83,0.0,8.0
14252795,0,2015,0.00883,0.47293,0.00897,0.32906,0.18022,3,2,0.47293,1,2,1,60.0,,5.0,,0,0,79,26.0,
14252801,0,2015,0.00810,0.79415,0.00817,0.00828,0.18130,2,1,0.79415,1,2,0,70.0,,4.0,,0,0,0,45.0,
14252862,0,2015,0.37332,0.00942,0.00922,0.00934,0.59871,2,2,0.59871,1,2,1,60.0,,4.0,,0,0,77,0.0,8.0
14252987,0,2015,0.00918,0.12233,0.09953,0.51226,0.25670,3,1,0.51226,1,2,1,60.0,,4.0,,0,0,73,,
14253322,0,2015,0.30763,0.49540,0.01059,0.01057,0.17581,3,2,0.49540,1,2,1,60.0,,5.0,,0,0,79,73.0,38.0
14253631,1,2015,0.06166,0.38595,0.07024,0.12642,0.35573,3,2,0.38595,1,2,1,80.0,25.0,4.0,,0,0,76,8.0,
14253639,1,2015,0.18593,0.05793,0.22539,0.00928,0.52147,3,1,0.52147,1,2,1,50.0,35.0,5.0,,0,0,74,49.0,42.0
14254031,0,2015,0.58502,0.00999,0.16607,0.22921,0.00971,3,1,0.58502,1,2,1,60.0,,4.0,,0,0,75,50.0,
14254177,1,2015,0.07629,0.34257,0.27251,0.07380,0.23482,3,1,0.34257,1,2,1,50.0,33.0,5.0,,0,0,78,41.0,20.0
14254187,0,2015,0.15949,0.60634,0.00810,0.00814,0.21793,3,1,0.60634,1,2,1,70.0,,5.0,,0,0,88,10.0,
14254197,0,2015,0.00652,0.26887,0.52236,0.04023,0.16202,3,1,0.52236,1,2,1,70.0,,5.0,,0,0,87,,7.0
14254902,0,2015,0.00879,0.39261,0.00873,0.00871,0.58116,2,2,0.58116,1,2,1,70.0,,6.0,,0,0,84,70.0,
14254959,1,2015,0.21579,0.01014,0.28640,0.08466,0.40302,3,1,0.40302,1,2,0,70.0,30.0,3.0,,0,0,0,31.0,
14255035,0,2015,0.00912,0.64608,0.19534,0.00916,0.14030,3,1,0.64608,1,2,1,80.0,,5.0,,0,0,81,,
14255191,0,2015,0.15827,0.19700,0.00722,0.14951,0.48799,4,1,0.48799,1,2,1,50.0,,4.0,,0,0,80,60.0,76.0
14255282,0,2015,0.20000,0.62610,0.15026,0.01180,0.01184,3,1,0.62610,1,2,1,80.0,,5.0,,0,0,68,30.0,42.0
14255541,0,2015,0.12052,0.47543,0.16882,0.14061,0.09463,4,1,0.47543,1,2,1,70.0,,5.0,,0,0,80,3.0,0.0
14255606,1,2015,0.06389,0.17512,0.00921,0.00910,0.74268,2,1,0.74268,1,2,1,60.0,32.0,3.0,,0,0,76,,12.0
14255697,0,2015,0.15044,0.05887,0.00889,0.23110,0.55070,3,1,0.55070,1,2,1,60.0,,4.0,,0,0,75,6.0,0.0
14255807,0,2015,0.17507,0.72639,0.00839,0.00847,0.08168,2,1,0.72639,1,2,1,50.0,,4.0,,0,0,74,20.0,
14255924,0,2015,0.00773,0.90554,0.07116,0.00771,0.00786,1,1,0.90554,1,2,1,60.0,,5.0,,0,0,82,31.0,
14256106,1,2015,0.68745,0.01563,0.17935,0.01545,0.10212,3,1,0.68745,1,2,1,80.0,29.0,4.0,,0,0,70,,
14256118,0,2015,0.21518,0.22998,0.15263,0.11910,0.28312,5,0,0.28312,1,2,1,70.0,,4.0,,0,0,80,,0.0
14256133,0,2015,0.00917,0.18932,0.46513,0.16017,0.17621,4,1,0.46513,1,2,1,60.0,,5.0,,0,0,80,0.0,0.0
14256135,1,2015,0.00780,0.41775,0.05137,0.00775,0.51532,2,2,0.51532,1,2,1,80.0,30.0,6.0,,0,0,73,,14.0
14256457,0,2015,0.00804,0.65227,0.25545,0.07596,0.00826,2,1,0.65227,1,2,1,70.0,,5.0,,0,0,71,6.0,
14256913,0,2015,0.15799,0.19610,0.27253,0.17887,0.19452,5,0,0.27253,1,2,1,70.0,,7.0,,0,0,82,,
14257379,0,2015,0.11008,0.28372,0.00726,0.04885,0.55008,3,1,0.55008,1,2,1,60.0,,4.0,,0,0,76,31.0,36.0
14257947,1,2015,0.14828,0.23974,0.05808,0.26118,0.29271,4,0,0.29271,1,2,0,70.0,33.0,7.0,,0,0,0,,
14257996,1,2015,0.11521,0.19846,0.29572,0.05983,0.33079,4,1,0.33079,1,2,1,60.0,29.0,5.0,,0,0,81,,18.0
14258193,1,2015,0.38410,0.02572,0.02502,0.02501,0.54015,2,2,0.54015,1,2,1,60.0,31.0,5.0,,0,0,71,,45.0
14258270,1,2015,0.00651,0.33077,0.22932,0.42684,0.00656,3,2,0.42684,1,2,1,60.0,25.0,4.0,,0,0,79,58.0,48.0
14258745,0,2015,0.01061,0.26214,0.14534,0.01054,0.57136,3,1,0.57136,1,2,1,80.0,,3.0,,0,0,83,75.0,44.0
14259030,1,2015,0.00963,0.46813,0.17742,0.00956,0.33526,3,2,0.46813,1,2,1,60.0,27.0,3.0,,0,0,73,,
14259118,1,2015,0.49737,0.46670,0.01182,0.01181,0.01230,2,2,0.49737,1,2,1,60.0,27.0,3.0,,0,0,82,47.0,
14259194,0,2015,0.26026,0.00928,0.20610,0.07746,0.44691,3,1,0.44691,1,2,1,60.0,,4.0,,0,0,75,36.0,
14259211,0,2015,0.41329,0.12300,0.07941,0.08397,0.30032,3,2,0.41329,1,2,1,60.0,,4.0,,0,0,84,13.0,
14259357,1,2015,0.00806,0.19243,0.00805,0.21226,0.57920,3,1,0.57920,1,2,1,60.0,24.0,7.0,,0,0,79,,23.0
14259807,0,2015,0.04806,0.40558,0.05594,0.43286,0.05755,2,2,0.43286,1,2,1,80.0,,7.0,,0,0,80,30.0,
14259844,1,2015,0.01093,0.24195,0.26264,0.01080,0.47369,3,1,0.47369,1,2,1,70.0,29.0,4.0,,0,1,83,,
14259877,0,2015,0.16490,0.00640,0.46758,0.14068,0.22045,4,1,0.46758,1,2,1,60.0,,6.0,,0,0,77,26.0,
14259958,0,2015,0.71279,0.26089,0.00875,0.00871,0.00885,2,1,0.71279,1,2,1,70.0,,5.0,,0,0,78,6.0,
14260519,0,2015,0.48190,0.25789,0.01270,0.01272,0.23479,3,1,0.48190,1,2,1,60.0,,3.0,,0,0,73,0.0,
14260602,0,2015,0.01557,0.34099,0.01545,0.09270,0.53529,2,2,0.53529,1,2,1,60.0,,6.0,,0,0,75,,15.0
14260740,0,2015,0.41751,0.14260,0.10079,0.00717,0.33192,4,2,0.41751,1,2,1,60.0,,3.0,,0,0,73,26.0,39.0
14260828,0,2015,0.38074,0.00884,0.00870,0.49793,0.10379,3,2,0.49793,1,2,1,50.0,,4.0,,0,0,82,25.0,32.0
14261219,1,2015,0.01345,0.51452,0.01337,0.01343,0.44523,2,2,0.51452,1,2,1,60.0,28.0,2.0,,0,0,74,,
14261227,0,2015,0.01073,0.68868,0.01065,0.06948,0.22046,2,1,0.68868,1,2,1,70.0,,5.0,,0,0,81,0.0,0.0
14261240,1,2015,0.08190,0.61483,0.28486,0.00909,0.00931,2,1,0.61483,1,2,1,60.0,30.0,6.0,,0,0,83,42.0,
14261268,1,2015,0.27364,0.26806,0.06003,0.16116,0.23712,4,0,0.27364,1,2,1,60.0,24.0,3.0,,0,0,84,50.0,
14261295,1,2015,0.01120,0.32704,0.01130,0.01114,0.63933,2,2,0.63933,1,2,1,80.0,31.0,3.0,,0,0,81,,0.0
14261318,0,2015,0.68133,0.01269,0.08220,0.21116,0.01261,2,1,0.68133,1,2,1,70.0,,3.0,,0,0,69,57.0,
14261366,0,2015,0.01715,0.49433,0.34630,0.01675,0.12547,3,2,0.49433,1,2,1,60.0,,5.0,,0,0,80,61.0,
14261461,0,2015,0.23168,0.17830,0.22003,0.36075,0.00923,4,1,0.36075,1,2,1,60.0,,5.0,,0,0,81,43.0,46.0
14261569,0,2015,0.01072,0.36970,0.01073,0.30458,0.30426,3,3,0.36970,1,2,1,80.0,,6.0,,0,0,77,,4.0
14261649,0,2015,0.00840,0.80722,0.05627,0.00843,0.11967,2,1,0.80722,1,2,1,70.0,,6.0,,0,0,85,,
14261752,0,2015,0.17054,0.31163,0.00777,0.28383,0.22624,4,1,0.31163,1,2,1,70.0,,5.0,,0,0,75,64.0,84.0
14261780,0,2015,0.32106,0.01088,0.01072,0.01061,0.64673,2,2,0.64673,1,2,1,80.0,,6.0,,0,0,83,65.0,
14261981,0,2015,0.00776,0.00782,0.41959,0.17458,0.39024,3,2,0.41959,1,2,1,70.0,,6.0,,0,0,75,0.0,
14262267,0,2015,0.01195,0.78082,0.07451,0.01186,0.12086,2,1,0.78082,1,2,1,60.0,,7.0,,0,0,79,15.0,
14262543,0,2015,0.44650,0.29381,0.08974,0.01268,0.15727,3,1,0.44650,1,2,1,70.0,,4.0,,0,0,69,30.0,
14262606,0,2015,0.00877,0.63619,0.21730,0.00875,0.12899,3,1,0.63619,1,2,1,60.0,,5.0,,0,0,79,,
14263533,0,2015,0.21186,0.47021,0.30238,0.00770,0.00785,3,2,0.47021,1,2,1,70.0,,4.0,,0,0,80,0.0,
14263860,1,2015,0.12680,0.12810,0.12538,0.45793,0.16180,5,1,0.45793,1,2,1,70.0,27.0,4.0,,0,0,74,,
14264526,1,2015,0.10805,0.41377,0.00847,0.00839,0.46131,3,2,0.46131,1,2,1,70.0,32.0,2.0,,0,0,79,36.0,
14264727,1,2015,0.01355,0.41022,0.01337,0.10017,0.46269,3,2,0.46269,1,2,1,70.0,25.0,4.0,,0,0,80,44.0,
14264730,0,2015,0.01488,0.44686,0.09193,0.17686,0.26948,3,1,0.44686,1,2,1,60.0,,4.0,,0,0,75,,
14265348,1,2015,0.00839,0.25892,0.61996,0.10431,0.00843,3,1,0.61996,1,2,1,90.0,26.0,4.0,,0,0,77,,
14265368,1,2015,0.13780,0.43464,0.40927,0.00910,0.00919,3,2,0.43464,1,2,1,80.0,23.0,5.0,,0,0,75,36.0,
14265414,1,2015,0.08374,0.22737,0.01199,0.01178,0.66512,2,1,0.66512,1,2,1,60.0,32.0,3.0,,0,0,76,0.0,12.0
14265417,0,2015,0.00721,0.33141,0.19353,0.30008,0.16777,4,2,0.33141,1,2,1,70.0,,4.0,,0,0,66,0.0,
14265931,0,2015,0.19590,0.59396,0.13113,0.01003,0.06899,3,1,0.59396,1,2,1,60.0,,4.0,,0,0,83,,
14266102,1,2015,0.09310,0.61138,0.00811,0.00809,0.27932,2,1,0.61138,1,2,1,70.0,25.0,4.0,,0,0,77,11.0,
14266129,0,2015,0.11417,0.25493,0.00802,0.00803,0.61486,3,1,0.61486,1,2,1,90.0,,6.0,,0,0,73,,65.0
14266142,0,2015,0.00844,0.28394,0.45241,0.19450,0.06072,3,1,0.45241,1,2,1,60.0,,4.0,,0,0,81,33.0,
14266339,0,2015,0.27464,0.00779,0.00773,0.00777,0.70206,2,1,0.70206,1,2,1,70.0,,6.0,,0,0,84,62.0,68.0
14267065,1,2015,0.40373,0.33504,0.01350,0.07947,0.16826,3,2,0.40373,1,2,1,60.0,40.0,4.0,,0,0,82,,
14267301,0,2015,0.00630,0.07188,0.28856,0.52330,0.10996,3,1,0.52330,1,2,1,90.0,,5.0,,0,0,80,14.0,
14267347,0,2015,0.00839,0.73570,0.00841,0.05446,0.19304,2,1,0.73570,1,2,1,70.0,,7.0,,0,0,82,99.0,
14267502,1,2015,0.20715,0.00757,0.09965,0.05054,0.63509,2,1,0.63509,1,2,1,70.0,25.0,4.0,,0,0,73,29.0,
14267738,0,2015,0.18789,0.67712,0.05226,0.00705,0.07568,2,1,0.67712,1,2,1,60.0,,7.0,,0,0,84,21.0,
14267856,0,2015,0.21887,0.00946,0.26655,0.39611,0.10901,4,1,0.39611,1,2,1,60.0,,5.0,,0,0,70,27.0,
14268020,1,2015,0.58577,0.01014,0.01005,0.01012,0.38391,2,2,0.58577,1,2,1,60.0,31.0,3.0,,0,1,81,43.0,
14268251,1,2015,0.00802,0.45907,0.35393,0.17077,0.00821,3,2,0.45907,1,2,1,60.0,27.0,4.0,,0,0,80,25.0,
14268306,0,2015,0.15474,0.25103,0.20821,0.00860,0.37742,4,1,0.37742,1,2,1,60.0,,4.0,,0,0,77,,
14268630,0,2015,0.00695,0.27304,0.19054,0.47458,0.05488,3,1,0.47458,1,2,1,60.0,,4.0,,0,0,82,39.0,
14268800,0,2015,0.13807,0.21953,0.05190,0.00695,0.58354,3,1,0.58354,1,2,1,90.0,,5.0,,0,0,82,,
14268802,0,2015,0.11237,0.54633,0.00884,0.32361,0.00885,3,2,0.54633,1,2,1,50.0,,3.0,,0,0,76,50.0,60.0
14268917,0,2015,0.01028,0.71464,0.25493,0.01004,0.01011,2,1,0.71464,1,2,1,50.0,,5.0,,0,0,79,38.0,33.0
14269063,0,2015,0.17546,0.02858,0.02859,0.02863,0.73875,2,1,0.73875,1,2,0,80.0,,4.0,,0,0,0,2.0,
14270673,0,2015,0.43223,0.12295,0.23837,0.08942,0.11702,4,1,0.43223,1,2,1,70.0,,6.0,,0,0,79,,
14270715,1,2015,0.21179,0.01030,0.23103,0.01002,0.53686,3,1,0.53686,1,2,1,80.0,24.0,4.0,,0,0,76,23.0,
14270753,1,2015,0.02906,0.71063,0.20272,0.02872,0.02888,2,1,0.71063,1,2,0,90.0,20.0,2.0,,0,0,0,,
14270781,0,2015,0.01541,0.19642,0.32159,0.01561,0.45097,3,2,0.45097,1,2,0,60.0,,3.0,,0,0,0,30.0,
14271059,0,2015,0.21058,0.23162,0.05364,0.10255,0.40160,4,1,0.40160,1,2,1,50.0,,4.0,,0,0,84,23.0,13.0
14271528,0,2015,0.35315,0.01076,0.36154,0.26365,0.01091,3,2,0.36154,1,2,1,60.0,,6.0,,0,0,83,,33.0
14271859,1,2015,0.47492,0.00850,0.06941,0.19435,0.25282,3,1,0.47492,1,2,0,60.0,28.0,3.0,,0,0,0,82.0,
14271970,0,2015,0.01010,0.65362,0.01012,0.01001,0.31615,2,2,0.65362,1,2,1,60.0,,3.0,,0,0,78,8.0,24.0
14272053,0,2015,0.08153,0.09564,0.44161,0.16381,0.21741,3,1,0.44161,1,2,1,70.0,,4.0,,0,0,68,,
14272116,1,2015,0.22670,0.39273,0.00772,0.00772,0.36513,3,2,0.39273,1,2,1,90.0,24.0,4.0,,0,0,81,14.0,
14272118,0,2015,0.15566,0.25514,0.43808,0.00801,0.14310,4,1,0.43808,1,2,1,60.0,,3.0,,0,0,73,18.0,7.0
14272145,0,2015,0.77883,0.08536,0.00911,0.00921,0.11749,2,1,0.77883,1,2,1,60.0,,5.0,,0,0,79,,4.0
14272272,0,2015,0.42388,0.08811,0.07297,0.19005,0.22499,3,1,0.42388,1,2,1,60.0,,4.0,,0,0,76,,
14272371,0,2015,0.17173,0.29868,0.06494,0.10890,0.35575,4,1,0.35575,1,2,1,60.0,,6.0,,0,0,80,8.0,29.0
14272373,0,2015,0.29077,0.10740,0.38241,0.15538,0.06405,4,1,0.38241,1,2,1,60.0,,6.0,,0,0,82,,
14272468,1,2015,0.35488,0.26830,0.01334,0.01337,0.35011,3,2,0.35488,1,2,1,60.0,31.0,5.0,,0,0,66,3.0,6.0
14272483,1,2015,0.45914,0.17533,0.00775,0.06018,0.29759,3,1,0.45914,1,2,1,90.0,28.0,4.0,,0,0,81,8.0,
14272811,1,2015,0.00833,0.70462,0.00807,0.00819,0.27080,2,1,0.70462,1,2,0,70.0,26.0,3.0,,0,0,0,11.0,
14272914,1,2015,0.01566,0.19406,0.67877,0.09592,0.01559,2,1,0.67877,1,2,1,70.0,23.0,5.0,,0,0,63,12.0,
14273037,1,2015,0.63384,0.18467,0.01059,0.08287,0.08804,2,1,0.63384,1,2,1,90.0,26.0,3.0,,0,0,77,48.0,
14273081,1,2015,0.52811,0.00858,0.12186,0.12096,0.22048,4,1,0.52811,1,2,1,70.0,25.0,3.0,,0,0,79,6.0,12.0
14273236,0,2015,0.01070,0.65561,0.13627,0.18675,0.01068,3,1,0.65561,1,2,1,90.0,,4.0,,0,0,68,,0.0
14273267,1,2015,0.02009,0.31730,0.02036,0.02001,0.62224,2,2,0.62224,1,2,1,70.0,25.0,4.0,,0,0,77,,
14273390,0,2015,0.04271,0.10062,0.34586,0.50350,0.00731,3,2,0.50350,1,2,1,80.0,,4.0,,0,0,82,10.0,37.0
14273647,0,2015,0.08914,0.60013,0.04786,0.08106,0.18180,2,1,0.60013,1,2,1,60.0,,4.0,,0,0,84,36.0,
14274069,0,2015,0.41696,0.27991,0.11367,0.09516,0.09430,3,1,0.41696,1,2,1,80.0,,3.0,,0,0,69,,
14274239,0,2015,0.00916,0.39193,0.21848,0.18511,0.19532,4,1,0.39193,1,2,1,60.0,,4.0,,0,0,76,14.0,
14274588,0,2015,0.08099,0.60120,0.00841,0.15926,0.15013,3,1,0.60120,1,2,1,60.0,,5.0,,0,0,77,,0.0
14274683,1,2015,0.37909,0.20339,0.20827,0.06350,0.14574,4,1,0.37909,1,2,1,70.0,26.0,3.0,,0,0,76,70.0,
14274742,0,2015,0.00981,0.30476,0.00962,0.38564,0.29016,3,2,0.38564,1,2,1,70.0,,4.0,,0,0,83,27.0,
14275811,0,2015,0.06816,0.51522,0.09832,0.06687,0.25143,2,1,0.51522,1,2,1,90.0,,3.0,,0,0,83,0.0,
14275889,1,2015,0.65084,0.26554,0.00804,0.00822,0.06736,2,1,0.65084,1,2,0,60.0,34.0,3.0,,0,0,0,9.0,0.0
14275927,0,2015,0.00747,0.70411,0.09439,0.05493,0.13910,2,1,0.70411,1,2,1,60.0,,6.0,,0,0,85,5.0,
14276092,0,2015,0.00655,0.19357,0.19590,0.39032,0.21366,4,1,0.39032,1,2,1,70.0,,4.0,,0,0,83,21.0,
14276140,0,2015,0.43018,0.28988,0.09608,0.11838,0.06548,3,1,0.43018,1,2,1,50.0,,5.0,,0,0,72,29.0,7.0
14276163,1,2015,0.32038,0.27208,0.05257,0.08620,0.26877,3,1,0.32038,1,2,1,70.0,31.0,3.0,,0,0,80,,
14276341,0,2015,0.08210,0.59832,0.12173,0.00843,0.18942,3,1,0.59832,1,2,1,70.0,,5.0,,0,0,72,24.0,13.0
14276723,0,2015,0.19263,0.36979,0.00711,0.42350,0.00697,3,2,0.42350,1,2,1,60.0,,5.0,,0,0,78,,41.0
14276916,0,2015,0.00757,0.00766,0.31578,0.41133,0.25767,3,2,0.41133,1,2,1,60.0,,4.0,,0,0,84,64.0,14.0
14276955,0,2015,0.01574,0.46523,0.01575,0.01546,0.48782,2,2,0.48782,1,2,0,50.0,,3.0,,0,0,0,,
14276956,0,2015,0.00877,0.28555,0.55707,0.00879,0.13982,3,1,0.55707,1,2,1,80.0,,3.0,,0,0,82,50.0,
14276969,0,2015,0.28679,0.23162,0.33137,0.01064,0.13958,4,1,0.33137,1,2,1,80.0,,5.0,,0,0,70,0.0,
14277012,0,2015,0.12281,0.30736,0.09519,0.01002,0.46462,3,2,0.46462,1,2,1,60.0,,5.0,,0,0,80,6.0,
14277025,1,2015,0.64930,0.00760,0.00751,0.32803,0.00756,2,2,0.64930,1,2,1,70.0,24.0,4.0,,0,0,78,25.0,
14277251,0,2015,0.00681,0.19759,0.19010,0.43143,0.17407,4,1,0.43143,1,2,1,60.0,,4.0,,0,0,62,17.0,
14277306,0,2015,0.68202,0.00975,0.05553,0.06855,0.18414,2,1,0.68202,1,2,1,60.0,,3.0,,0,0,84,38.0,70.0
14278033,1,2015,0.13543,0.13700,0.56699,0.14687,0.01370,4,1,0.56699,1,2,1,60.0,25.0,4.0,,0,0,87,14.0,36.0
14278115,1,2015,0.36605,0.01892,0.01846,0.12544,0.47112,3,2,0.47112,1,2,1,80.0,25.0,5.0,,0,0,81,44.0,
14278202,0,2015,0.10235,0.15676,0.57857,0.00781,0.15452,4,1,0.57857,1,2,1,60.0,,4.0,,0,0,75,3.0,
14278271,1,2015,0.01082,0.37448,0.22658,0.37755,0.01058,3,2,0.37755,1,2,1,60.0,26.0,5.0,,0,0,84,38.0,
14279586,0,2015,0.19545,0.00664,0.23479,0.00647,0.55666,3,1,0.55666,1,2,1,70.0,,5.0,,0,0,75,36.0,
14279914,0,2015,0.35224,0.00733,0.62601,0.00718,0.00725,2,2,0.62601,1,2,0,60.0,,5.0,,0,0,0,20.0,
14279960,0,2015,0.12771,0.39457,0.07208,0.00823,0.39741,3,2,0.39741,1,2,1,60.0,,4.0,,0,0,76,,0.0
14279993,0,2015,0.00848,0.24157,0.41270,0.14801,0.18923,4,1,0.41270,1,2,1,60.0,,5.0,,0,0,71,,0.0
14280571,0,2015,0.09138,0.01540,0.01540,0.55063,0.32718,2,2,0.55063,1,2,1,70.0,,2.0,,0,0,80,,
14282895,0,2015,0.72137,0.07907,0.13083,0.06099,0.00775,2,1,0.72137,1,2,1,70.0,,4.0,,0,0,81,0.0,
14286339,0,2015,0.01068,0.62981,0.27234,0.01053,0.07664,2,1,0.62981,1,2,1,60.0,,4.0,,0,0,79,17.0,30.0
14286662,0,2015,0.00798,0.13476,0.13137,0.48259,0.24331,4,1,0.48259,1,2,1,60.0,,5.0,,0,0,80,60.0,
14287867,0,2015,0.00815,0.32916,0.00805,0.30376,0.35088,3,3,0.35088,1,2,1,80.0,,5.0,,0,0,80,29.0,
14288040,0,2015,0.09719,0.41438,0.06888,0.04470,0.37485,2,2,0.41438,1,2,1,80.0,,6.0,,0,0,70,0.0,
14288171,0,2015,0.00781,0.35927,0.06917,0.00788,0.55588,2,2,0.55588,1,2,1,70.0,,5.0,,0,0,86,,
14288510,1,2015,0.01122,0.12462,0.23754,0.01124,0.61538,3,1,0.61538,1,2,1,60.0,35.0,3.0,,0,0,78,0.0,0.0
14289542,0,2015,0.15568,0.15031,0.40112,0.04837,0.24452,4,1,0.40112,1,2,1,80.0,,4.0,,0,0,80,18.0,42.0
14291289,0,2015,0.52799,0.00847,0.14950,0.09836,0.21567,3,1,0.52799,1,2,1,70.0,,5.0,,0,0,73,42.0,
14291521,0,2015,0.00815,0.73886,0.07050,0.00803,0.17445,2,1,0.73886,1,2,1,60.0,,5.0,,0,0,83,14.0,
14293317,0,2015,0.18831,0.19600,0.00958,0.00962,0.59649,3,1,0.59649,1,2,1,60.0,,6.0,,0,0,77,,
14293392,1,2015,0.00859,0.06069,0.23560,0.14911,0.54600,3,1,0.54600,1,2,1,90.0,26.0,4.0,,0,0,73,,
14293463,0,2015,0.10132,0.49443,0.01227,0.08168,0.31030,3,2,0.49443,1,2,1,80.0,,4.0,,0,0,81,8.0,
14293465,0,2015,0.05732,0.17166,0.30459,0.25569,0.21073,4,1,0.30459,1,2,1,90.0,,4.0,,0,0,79,35.0,32.0
14293550,0,2015,0.00842,0.84100,0.07102,0.07114,0.00842,1,1,0.84100,1,2,1,70.0,,4.0,,0,0,79,30.0,14.0
14293584,1,2015,0.00877,0.23480,0.19747,0.47481,0.08415,3,1,0.47481,1,2,0,70.0,26.0,4.0,,0,0,0,,
14293618,0,2015,0.00894,0.63074,0.12919,0.00872,0.22241,3,1,0.63074,1,2,1,70.0,,5.0,,0,0,76,0.0,0.0
14293669,0,2015,0.16357,0.53960,0.04861,0.00693,0.24130,3,1,0.53960,1,2,1,70.0,,5.0,,0,0,78,,
14294340,0,2015,0.00814,0.80151,0.05705,0.00804,0.12526,2,1,0.80151,1,2,1,60.0,,2.0,,0,0,70,13.0,11.0
14294669,0,2015,0.01190,0.63450,0.09830,0.14971,0.10559,3,1,0.63450,1,2,1,70.0,,6.0,,0,0,81,,
14294760,0,2015,0.04492,0.37235,0.15141,0.42454,0.00677,3,2,0.42454,1,2,1,60.0,,6.0,,0,0,74,10.0,
14295297,0,2015,0.00804,0.15304,0.00819,0.00817,0.82256,2,1,0.82256,1,2,1,80.0,,4.0,,0,0,80,0.0,0.0
14295343,0,2015,0.00752,0.31060,0.16255,0.51181,0.00752,3,2,0.51181,1,2,1,70.0,,5.0,,0,0,86,67.0,
14295657,0,2015,0.01004,0.01017,0.01002,0.06636,0.90342,1,1,0.90342,1,2,0,70.0,,5.0,,0,0,0,63.0,0.0
14295719,1,2015,0.00909,0.34123,0.12322,0.00878,0.51768,3,2,0.51768,1,2,1,80.0,26.0,3.0,,0,0,76,33.0,
14296428,0,2015,0.40946,0.00879,0.37919,0.00880,0.19377,3,2,0.40946,1,2,1,60.0,,6.0,,0,0,82,27.0,21.0
14296676,0,2015,0.00842,0.29319,0.15357,0.24718,0.29765,4,0,0.29765,1,2,1,70.0,,3.0,,0,0,74,15.0,
14297124,0,2015,0.33230,0.01012,0.01001,0.19557,0.45200,3,2,0.45200,1,2,1,60.0,,3.0,,0,0,85,35.0,
14297687,0,2015,0.11518,0.15772,0.19201,0.41632,0.11877,5,1,0.41632,1,2,0,80.0,,5.0,,0,0,0,14.0,
14297989,0,2015,0.00876,0.75230,0.00877,0.11786,0.11230,3,1,0.75230,1,2,1,70.0,,4.0,,0,0,74,36.0,
14298697,1,2015,0.14681,0.64094,0.08514,0.11637,0.01074,3,1,0.64094,1,2,1,50.0,24.0,3.0,,0,0,84,,
14299108,0,2015,0.01182,0.61889,0.10247,0.01194,0.25488,3,1,0.61889,1,2,1,90.0,,4.0,,0,0,85,90.0,99.0
14300202,0,2015,0.06422,0.38623,0.35158,0.00807,0.18990,3,2,0.38623,1,2,1,70.0,,5.0,,0,0,80,8.0,
14300519,0,2015,0.12429,0.61534,0.02013,0.21990,0.02035,3,1,0.61534,1,2,1,80.0,,4.0,,0,0,79,25.0,8.0
14301738,0,2015,0.31226,0.49632,0.01066,0.17004,0.01072,3,2,0.49632,1,2,0,60.0,,3.0,,0,0,0,47.0,
14302312,0,2015,0.27603,0.46231,0.16438,0.04609,0.05119,3,1,0.46231,1,2,1,70.0,,5.0,,0,0,81,38.0,
14303991,0,2015,0.00805,0.00807,0.00803,0.16725,0.80861,2,1,0.80861,1,2,1,60.0,,4.0,,0,0,82,,
14304645,0,2015,0.42758,0.25186,0.21943,0.01179,0.08935,3,1,0.42758,1,2,1,80.0,,5.0,,0,0,77,,33.0
14305159,0,2015,0.20700,0.65832,0.11781,0.00846,0.00841,3,1,0.65832,1,2,1,60.0,,4.0,,0,0,72,0.0,0.0
14305284,0,2015,0.01057,0.11936,0.71405,0.01055,0.14547,3,1,0.71405,1,2,1,90.0,,5.0,,0,0,72,6.0,0.0
14305441,0,2015,0.13333,0.25649,0.00769,0.00776,0.59472,3,1,0.59472,1,2,1,60.0,,5.0,,0,0,87,44.0,
14305938,0,2015,0.72589,0.20707,0.02258,0.02223,0.02223,2,1,0.72589,1,2,1,70.0,,5.0,,0,0,81,29.0,
14306655,0,2015,0.35166,0.29679,0.22840,0.01342,0.10973,4,1,0.35166,1,2,1,70.0,,6.0,,0,0,77,38.0,
14306665,0,2015,0.05704,0.26260,0.12216,0.00843,0.54978,3,1,0.54978,1,2,1,60.0,,3.0,,0,0,81,50.0,64.0
14306833,1,2015,0.16339,0.36004,0.26200,0.01436,0.20021,4,1,0.36004,1,2,1,60.0,25.0,6.0,,0,0,70,,
14306885,1,2015,0.01340,0.13412,0.41049,0.01383,0.42816,3,2,0.42816,1,2,1,70.0,24.0,4.0,,0,0,77,,
14306953,0,2015,0.00803,0.21310,0.09159,0.13703,0.55025,3,1,0.55025,1,2,1,90.0,,4.0,,0,0,86,40.0,20.0
14307578,0,2015,0.53305,0.00926,0.05692,0.16727,0.23351,3,1,0.53305,1,2,1,60.0,,5.0,,0,0,81,,
14307587,0,2015,0.24469,0.35754,0.00748,0.00752,0.38277,3,2,0.38277,1,2,1,70.0,,4.0,,0,0,77,74.0,
14307699,0,2015,0.06013,0.17709,0.10973,0.20276,0.45029,4,1,0.45029,1,2,1,70.0,,4.0,,0,1,82,,14.0
14307925,0,2015,0.22904,0.24420,0.36855,0.00721,0.15100,4,1,0.36855,1,2,1,60.0,,5.0,,0,0,78,40.0,
14308009,1,2015,0.67656,0.27321,0.01667,0.01673,0.01684,2,1,0.67656,1,2,1,60.0,34.0,3.0,,0,0,81,61.0,64.0
14308974,0,2015,0.00778,0.55713,0.11109,0.12671,0.19728,4,1,0.55713,1,2,1,70.0,,6.0,,0,0,69,,
14309250,1,2015,0.07557,0.00813,0.36524,0.12458,0.42648,3,2,0.42648,1,2,1,60.0,28.0,4.0,,0,0,77,36.0,
14309579,1,2015,0.13128,0.00928,0.00914,0.24070,0.60960,3,1,0.60960,1,2,1,70.0,25.0,4.0,,0,0,78,,12.0
14309655,0,2015,0.08089,0.80069,0.09320,0.01258,0.01265,1,1,0.80069,1,2,1,50.0,,6.0,,0,0,81,0.0,0.0
14310169,0,2015,0.12455,0.00812,0.07272,0.09303,0.70158,2,1,0.70158,1,2,1,70.0,,4.0,,0,0,83,2.0,14.0
14311480,0,2015,0.09623,0.54119,0.04084,0.06490,0.25684,2,1,0.54119,1,2,0,80.0,,4.0,,0,0,0,,8.0
14311527,1,2015,0.43102,0.33288,0.22118,0.00742,0.00750,3,2,0.43102,1,2,1,60.0,31.0,4.0,,0,0,77,9.0,
14312603,0,2015,0.12148,0.16879,0.14087,0.28114,0.28772,5,0,0.28772,1,2,1,80.0,,3.0,,0,0,81,85.0,
14312670,0,2015,0.01062,0.36806,0.24520,0.10866,0.26746,4,1,0.36806,1,2,1,60.0,,4.0,,0,0,79,29.0,23.0
14313366,0,2015,0.12387,0.28830,0.22215,0.26090,0.10478,5,0,0.28830,1,2,0,70.0,,5.0,,0,0,0,,
14313616,0,2015,0.00671,0.28424,0.63502,0.00668,0.06735,2,1,0.63502,1,2,1,80.0,,7.0,,0,0,87,32.0,10.0
14313889,1,2015,0.26378,0.42438,0.09966,0.00720,0.20498,3,1,0.42438,1,2,1,70.0,34.0,4.0,,0,0,78,,
14314041,0,2015,0.47776,0.26582,0.14625,0.00870,0.10147,4,1,0.47776,1,2,1,60.0,,5.0,,0,0,80,18.0,
14314323,0,2015,0.00722,0.43053,0.27978,0.00717,0.27529,3,1,0.43053,1,2,1,70.0,,3.0,,0,0,73,6.0,4.0
14315377,0,2015,0.17990,0.35896,0.39797,0.05426,0.00890,3,2,0.39797,1,2,1,60.0,,6.0,,0,0,74,,
14317497,0,2015,0.07454,0.14451,0.11726,0.51282,0.15087,4,1,0.51282,1,2,1,50.0,,,93.0,0,0,81,46.0,
14318105,1,2015,0.24321,0.01137,0.01117,0.20733,0.52692,3,1,0.52692,1,2,1,60.0,25.0,5.0,,0,0,75,,
14318191,0,2015,0.00813,0.63079,0.06135,0.00803,0.29171,2,1,0.63079,1,2,1,60.0,,5.0,,0,0,80,0.0,
14318408,0,2015,0.08547,0.29490,0.00877,0.00872,0.60213,2,1,0.60213,1,2,1,60.0,,3.0,,0,0,82,67.0,
14318602,0,2015,0.19105,0.24341,0.04312,0.00691,0.51551,3,1,0.51551,1,2,1,60.0,,5.0,,0,0,74,4.0,
14318746,1,2015,0.58062,0.19680,0.01118,0.06711,0.14429,3,1,0.58062,1,2,1,80.0,26.0,3.0,,0,0,80,22.0,
14318976,0,2015,0.01676,0.24496,0.54246,0.17887,0.01695,3,1,0.54246,1,2,1,60.0,,4.0,,0,0,68,45.0,
14319224,1,2015,0.95937,0.01022,0.01008,0.01013,0.01020,1,1,0.95937,1,2,1,70.0,27.0,6.0,,0,0,75,24.0,38.0
14319315,0,2015,0.20893,0.27905,0.05619,0.12350,0.33232,4,1,0.33232,1,2,1,70.0,,4.0,,0,0,79,,
14321352,0,2015,0.39061,0.00899,0.31803,0.05737,0.22499,3,2,0.39061,1,2,1,60.0,,4.0,,0,0,71,,8.0
14321698,1,2015,0.01341,0.32498,0.18335,0.08579,0.39248,3,2,0.39248,1,2,1,60.0,26.0,5.0,,0,0,82,,
14322128,0,2015,0.19471,0.01124,0.01121,0.01120,0.77165,2,1,0.77165,1,2,1,70.0,,4.0,,0,0,74,10.0,
14322222,0,2015,0.00777,0.75133,0.05809,0.08325,0.09957,1,1,0.75133,1,2,1,60.0,,5.0,,0,0,82,20.0,
14322386,0,2015,0.23861,0.24630,0.07620,0.20650,0.23239,4,0,0.24630,1,2,1,50.0,,4.0,,0,0,80,,25.0
14322429,0,2015,0.40491,0.51566,0.06211,0.00842,0.00889,2,2,0.51566,1,2,1,70.0,,5.0,,0,0,70,7.0,
14322684,0,2015,0.51157,0.01070,0.27554,0.01056,0.19163,3,1,0.51157,1,2,1,70.0,,6.0,,0,0,79,29.0,32.0
14323112,1,2015,0.01123,0.42735,0.53882,0.01121,0.01139,2,2,0.53882,1,2,0,60.0,29.0,2.0,,0,0,0,46.0,
14323182,0,2015,0.13660,0.31891,0.00852,0.05071,0.48526,3,2,0.48526,1,2,1,70.0,,4.0,,0,0,71,6.0,
14323285,0,2015,0.00848,0.53883,0.00841,0.05184,0.39243,2,2,0.53883,1,2,1,60.0,,5.0,,0,0,81,69.0,
14323540,0,2015,0.18130,0.45965,0.06133,0.11496,0.18276,4,1,0.45965,1,2,1,60.0,,4.0,,0,0,73,25.0,8.0
14324561,0,2015,0.02009,0.47343,0.46625,0.02000,0.02022,2,2,0.47343,1,2,1,80.0,,4.0,,0,0,79,13.0,
14324682,0,2015,0.00752,0.05584,0.00733,0.08017,0.84914,1,1,0.84914,1,2,1,90.0,,5.0,,0,0,84,20.0,
14324888,0,2015,0.28672,0.00630,0.48761,0.13955,0.07982,3,1,0.48761,1,2,1,60.0,,5.0,,0,0,81,10.0,
14325064,1,2015,0.64007,0.33373,0.00873,0.00870,0.00876,2,2,0.64007,1,2,1,80.0,32.0,6.0,,0,0,86,13.0,12.0
14325227,0,2015,0.01436,0.68109,0.01447,0.01432,0.27577,2,1,0.68109,1,2,1,70.0,,4.0,,0,0,80,0.0,
14325607,0,2015,0.00739,0.39203,0.23442,0.00715,0.35901,3,2,0.39203,1,2,1,60.0,,5.0,,0,0,79,18.0,13.0
14325743,0,2015,0.55150,0.15157,0.15469,0.06087,0.08136,3,1,0.55150,1,2,1,60.0,,7.0,,0,0,79,,
14325951,1,2015,0.57167,0.20040,0.21115,0.00835,0.00843,3,1,0.57167,1,2,1,60.0,24.0,5.0,,0,0,73,22.0,
14326151,0,2015,0.41052,0.50454,0.01002,0.06479,0.01013,2,2,0.50454,1,2,1,70.0,,4.0,,0,0,78,14.0,
14326194,0,2015,0.02225,0.31172,0.02223,0.02227,0.62154,2,2,0.62154,1,2,0,50.0,,5.0,,0,0,0,,
14326305,0,2015,0.18393,0.32152,0.00788,0.08011,0.40656,3,2,0.40656,1,2,1,80.0,,5.0,,0,0,79,18.0,
14326367,0,2015,0.33739,0.00809,0.54482,0.10150,0.00820,3,2,0.54482,1,2,1,60.0,,5.0,,0,0,79,,
14326490,0,2015,0.00960,0.43769,0.07142,0.00965,0.47163,2,2,0.47163,1,2,1,70.0,,5.0,,0,0,72,,
14326541,1,2015,0.57455,0.20933,0.06642,0.13944,0.01026,3,1,0.57455,1,2,1,80.0,25.0,4.0,,0,0,74,13.0,
14326549,0,2015,0.34187,0.47924,0.00781,0.16322,0.00786,3,2,0.47924,1,2,1,60.0,,4.0,,0,0,81,10.0,36.0
14326755,0,2015,0.05879,0.33678,0.54782,0.04881,0.00780,2,2,0.54782,1,2,1,60.0,,2.0,,0,0,69,55.0,
14326845,1,2015,0.19953,0.46608,0.10510,0.00837,0.22091,4,1,0.46608,1,2,1,90.0,26.0,5.0,,0,0,87,38.0,
14326871,0,2015,0.67422,0.11922,0.06855,0.00835,0.12966,3,1,0.67422,1,2,1,80.0,,5.0,,0,0,85,53.0,
14328223,0,2015,0.08475,0.16336,0.13420,0.37748,0.24021,4,1,0.37748,1,2,1,70.0,,5.0,,0,0,80,17.0,
14329177,0,2015,0.17843,0.07966,0.10944,0.05813,0.57434,3,1,0.57434,1,2,1,60.0,,2.0,,0,0,79,41.0,15.0
14329256,0,2015,0.00955,0.58739,0.00960,0.10443,0.28903,3,1,0.58739,1,2,0,70.0,,4.0,,0,0,0,15.0,
14330511,0,2015,0.13655,0.27753,0.07242,0.21633,0.29717,4,0,0.29717,1,2,1,70.0,,4.0,,0,0,81,64.0,
14336488,0,2015,0.00733,0.36128,0.06547,0.22106,0.34485,3,2,0.36128,1,2,1,50.0,,5.0,,0,0,81,15.0,
14337233,0,2015,0.76304,0.12323,0.05286,0.00836,0.05251,2,1,0.76304,1,2,1,70.0,,6.0,,0,0,80,30.0,38.0
14338273,1,2015,0.59557,0.00751,0.26468,0.08231,0.04993,2,1,0.59557,1,2,1,60.0,28.0,4.0,,0,0,73,27.0,
14339224,0,2015,0.30717,0.13695,0.06231,0.32769,0.16588,4,2,0.32769,1,2,1,60.0,,5.0,,0,0,77,6.0,
14344765,0,2015,0.19486,0.00959,0.00956,0.54004,0.24594,3,1,0.54004,1,2,0,60.0,,5.0,,0,0,0,17.0,
14345486,0,2015,0.47733,0.30716,0.19732,0.00909,0.00910,3,2,0.47733,1,2,1,80.0,,7.0,,0,0,83,58.0,
14346378,0,2015,0.05528,0.82151,0.10577,0.00873,0.00872,2,1,0.82151,1,2,1,80.0,,4.0,,0,0,78,34.0,
14347270,0,2015,0.58602,0.19037,0.20867,0.00746,0.00749,3,1,0.58602,1,2,1,60.0,,5.0,,0,0,77,7.0,
14349640,0,2015,0.00808,0.78658,0.00805,0.04635,0.15094,2,1,0.78658,1,2,1,60.0,,4.0,,0,0,76,,
14349940,1,2015,0.21182,0.54300,0.06054,0.05614,0.12850,3,1,0.54300,1,2,0,80.0,26.0,4.0,,0,0,0,45.0,20.0
14351784,0,2015,0.00853,0.56859,0.19692,0.00839,0.21756,3,1,0.56859,1,2,1,60.0,,5.0,,0,0,79,,13.0
14352092,0,2015,0.19610,0.00785,0.19985,0.58843,0.00776,3,1,0.58843,1,2,1,50.0,,5.0,,0,0,80,17.0,
14352147,1,2015,0.01346,0.42855,0.01340,0.01333,0.53125,2,2,0.53125,1,2,1,70.0,29.0,4.0,,0,0,70,17.0,18.0
14354180,0,2015,0.01253,0.80316,0.15910,0.01254,0.01268,2,1,0.80316,1,2,1,70.0,,4.0,,0,0,79,,
14356949,1,2015,0.16867,0.00842,0.55168,0.03989,0.23133,3,1,0.55168,1,2,1,70.0,29.0,5.0,,0,0,78,70.0,
14358142,0,2015,0.42670,0.18975,0.30812,0.06484,0.01059,3,2,0.42670,1,2,1,80.0,,4.0,,0,0,80,,
14358685,0,2015,0.11023,0.01071,0.38022,0.20357,0.29527,4,1,0.38022,1,2,1,60.0,,5.0,,0,0,79,,
14359910,0,2015,0.00815,0.15683,0.14386,0.31916,0.37200,4,2,0.37200,1,2,1,60.0,,5.0,,0,0,70,21.0,
14370456,1,2015,0.13144,0.01011,0.01001,0.01009,0.83835,2,1,0.83835,1,2,1,80.0,25.0,4.0,,0,0,85,0.0,5.0
14374839,0,2015,0.07526,0.16096,0.06395,0.01059,0.68924,2,1,0.68924,1,2,1,60.0,,4.0,,0,0,72,17.0,
14380141,0,2015,0.29987,0.01437,0.01441,0.35626,0.31509,3,2,0.35626,1,2,0,80.0,,5.0,,0,0,0,13.0,
14387115,0,2015,0.09750,0.01353,0.01337,0.42769,0.44790,2,2,0.44790,1,2,0,80.0,,3.0,,0,0,0,0.0,
14387384,0,2015,0.24993,0.01703,0.16952,0.01667,0.54685,3,1,0.54685,1,2,0,70.0,,,94.0,0,0,0,22.0,24.0
14442471,0,2015,0.00718,0.68836,0.05690,0.00715,0.24042,2,1,0.68836,1,2,1,90.0,,,93.0,0,0,89,85.0,
14499605,1,2015,0.25716,0.29056,0.00844,0.38819,0.05565,3,1,0.38819,1,2,1,90.0,24.0,2.0,,0,0,79,0.0,
