id,sex,year,t0,t1,t2,t3,t4,t5,t6,t7,t8,t9,t10,t11,t12,t13,A10,A30,MAX,KKZ,KKZT,Officer,DAPAR,TZADAK,MAVDAK1,MAVDAK2,REJECTED,EXCEL,GRADE,SOCIO_TIRONUT,SOCIO_PIKUD
11531836,1,2015,0.000,0.070,0.048,0.046,0.033,0.056,0.047,0.025,0.065,0.027,0.115,0.046,0.248,0.090,4,1,0.43162,1,1,1,70,25.0,7.0,,0,0,73,9.0,56.0
11556347,1,2015,0.089,0.136,0.034,0.041,0.047,0.030,0.018,0.115,0.058,0.082,0.077,0.033,0.043,0.025,3,2,0.34615,1,1,1,80,34.0,,94.0,0,1,87,5.0,
11587558,1,2015,0.013,0.011,0.000,0.043,0.000,0.000,0.000,0.000,0.054,0.034,0.067,0.000,0.031,0.000,4,0,0.25000,1,1,1,70,26.0,6.0,,0,0,86,0.0,20.0
11781920,1,2015,0.095,0.020,0.000,0.000,0.000,0.029,0.016,0.029,0.000,0.000,0.077,0.000,0.012,0.025,3,1,0.58482,1,1,1,50,32.0,6.0,,0,0,83,,82.0
11783220,1,2015,0.000,0.020,0.000,0.000,0.058,0.000,0.018,0.021,0.105,0.141,0.039,0.032,0.028,0.067,4,0,0.26289,1,1,1,40,22.0,3.0,,0,0,72,18.0,7.0
11783427,1,2015,0.000,0.000,0.031,0.000,0.042,0.016,0.000,0.016,0.018,0.000,0.016,0.000,0.045,0.017,4,0,0.26623,1,1,1,60,30.0,4.0,,0,0,90,44.0,87.0
11783744,1,2015,0.025,0.000,0.000,0.000,0.081,0.035,0.000,0.000,0.095,0.063,0.000,0.000,0.000,0.000,3,1,0.52985,1,1,1,70,34.0,5.0,,0,0,81,60.0,50.0
11783776,1,2015,0.000,0.072,0.000,0.000,0.000,0.000,0.000,0.000,0.000,0.000,0.000,0.000,0.014,0.021,3,0,0.25000,1,1,1,70,27.0,6.0,,0,0,89,29.0,87.0
11783844,1,2015,0.012,0.035,0.031,0.000,0.036,0.108,0.040,0.025,0.052,0.025,0.109,0.049,0.113,0.000,5,0,0.20902,1,1,1,70,30.0,4.0,,0,0,91,89.0,30.0
11784651,1,2015,0.103,0.011,0.000,0.104,0.021,0.046,0.000,0.044,0.091,0.078,0.000,0.051,0.023,0.067,3,1,0.31890,1,1,1,60,27.0,5.0,,0,0,69,67.0,20.0
11785198,1,2015,0.070,0.000,0.000,0.027,0.000,0.050,0.116,0.028,0.000,0.000,0.086,0.059,0.023,0.074,4,1,0.32166,1,1,1,60,33.0,5.0,,0,0,83,4.0,
11786185,1,2015,0.000,0.000,0.000,0.046,0.033,0.036,0.000,0.000,0.022,0.000,0.068,0.046,0.077,0.090,2,1,0.43701,1,1,1,60,32.0,,94.0,0,0,81,,
11788051,1,2015,0.000,0.023,0.000,0.045,0.021,0.086,0.016,0.016,0.000,0.047,0.000,0.070,0.000,0.032,4,1,0.51869,1,1,1,60,28.0,2.0,,0,0,80,50.0,31.0
11788407,1,2015,0.000,0.021,0.000,0.000,0.000,0.000,0.000,0.000,0.032,0.026,0.021,0.000,0.000,0.000,3,0,0.25000,1,1,1,60,34.0,5.0,,0,0,85,26.0,50.0
11788886,1,2015,0.108,0.000,0.031,0.146,0.095,0.060,0.000,0.081,0.106,0.015,0.028,0.000,0.114,0.190,3,1,0.54412,1,1,1,70,32.0,4.0,,0,0,76,43.0,31.0
11788958,1,2015,0.000,0.012,0.040,0.014,0.000,0.020,0.000,0.062,0.018,0.000,0.000,0.029,0.012,0.000,4,0,0.27551,1,1,0,80,28.0,3.0,,0,0,0,84.0,25.0
11789566,1,2015,0.028,0.032,0.058,0.000,0.015,0.000,0.016,0.054,0.109,0.056,0.000,0.033,0.020,0.000,5,1,0.35057,1,1,1,60,35.0,5.0,,0,0,85,28.0,50.0
11789585,1,2015,0.054,0.000,0.046,0.027,0.000,0.089,0.016,0.068,0.031,0.000,0.010,0.030,0.023,0.052,3,1,0.43162,1,1,1,60,31.0,6.0,,0,0,85,39.0,82.0
11789587,1,2015,0.000,0.000,0.000,0.000,0.021,0.072,0.000,0.000,0.000,0.025,0.000,0.035,0.000,0.000,2,1,0.57407,1,1,1,60,26.0,4.0,,0,0,86,78.0,95.0
11789905,1,2015,0.031,0.067,0.000,0.028,0.000,0.000,0.114,0.083,0.000,0.000,0.077,0.000,0.056,0.000,2,1,0.33178,1,1,1,70,27.0,4.0,,0,0,82,,35.0
11789906,1,2015,0.032,0.020,0.041,0.092,0.099,0.014,0.000,0.000,0.057,0.000,0.000,0.030,0.100,0.193,5,1,0.33152,1,1,1,60,35.0,6.0,,0,0,74,32.0,59.0
11789919,1,2015,0.027,0.073,0.000,0.000,0.000,0.000,0.016,0.060,0.000,0.000,0.083,0.022,0.000,0.000,4,1,0.36161,1,1,1,60,33.0,6.0,,0,0,89,50.0,
11789922,1,2015,0.023,0.000,0.085,0.026,0.035,0.014,0.013,0.050,0.026,0.000,0.149,0.080,0.085,0.000,4,0,0.26068,1,1,1,90,35.0,8.0,,0,0,88,25.0,68.0
11789924,1,2015,0.092,0.000,0.034,0.159,0.083,0.030,0.043,0.053,0.056,0.119,0.000,0.033,0.209,0.088,3,1,0.52062,1,1,1,70,33.0,5.0,,0,0,87,,43.0
11789931,1,2015,0.000,0.000,0.000,0.075,0.000,0.000,0.000,0.015,0.000,0.000,0.000,0.000,0.031,0.000,3,1,0.55405,1,1,1,50,33.0,5.0,,0,0,90,58.0,30.0
11842706,1,2015,0.170,0.020,0.029,0.094,0.012,0.030,0.013,0.062,0.000,0.000,0.095,0.000,0.000,0.075,2,2,0.45833,1,1,1,50,34.0,6.0,,0,1,92,61.0,78.0
11842809,1,2015,0.054,0.058,0.017,0.073,0.033,0.030,0.000,0.028,0.107,0.034,0.095,0.000,0.130,0.120,3,1,0.40805,1,1,1,60,29.0,3.0,,0,0,78,,8.0
11842833,1,2015,0.000,0.017,0.000,0.000,0.120,0.088,0.036,0.000,0.068,0.141,0.000,0.035,0.000,0.034,2,1,0.58046,1,1,1,60,30.0,4.0,,0,0,74,36.0,57.0
11842876,1,2015,0.000,0.038,0.085,0.029,0.014,0.000,0.175,0.025,0.000,0.000,0.082,0.033,0.020,0.000,3,1,0.47638,1,1,1,90,30.0,4.0,,0,0,82,,54.0
11842885,1,2015,0.136,0.020,0.000,0.218,0.062,0.060,0.018,0.072,0.119,0.133,0.049,0.070,0.080,0.113,4,1,0.31696,1,1,1,80,27.0,6.0,,0,0,84,87.0,31.0
11842961,1,2015,0.000,0.000,0.031,0.074,0.033,0.000,0.000,0.174,0.053,0.079,0.000,0.090,0.083,0.184,2,1,0.51869,1,1,1,90,32.0,6.0,,0,0,87,56.0,
11843021,1,2015,0.054,0.026,0.021,0.027,0.033,0.030,0.000,0.059,0.038,0.000,0.000,0.067,0.051,0.056,2,2,0.43293,1,1,1,60,28.0,4.0,,0,0,90,0.0,0.0
11843134,1,2015,0.013,0.000,0.036,0.000,0.000,0.036,0.051,0.000,0.073,0.037,0.042,0.029,0.043,0.000,4,1,0.38060,1,1,1,50,27.0,3.0,,0,0,79,24.0,
11843187,1,2015,0.054,0.052,0.063,0.073,0.185,0.044,0.054,0.028,0.168,0.233,0.021,0.000,0.071,0.108,4,0,0.25912,1,1,1,50,33.0,3.0,,0,0,80,,30.0
11843550,1,2015,0.122,0.000,0.029,0.000,0.000,0.020,0.000,0.000,0.000,0.000,0.034,0.000,0.000,0.025,4,1,0.41393,1,1,1,60,29.0,4.0,,0,0,84,75.0,93.0
11843567,1,2015,0.054,0.066,0.000,0.056,0.101,0.044,0.000,0.028,0.100,0.031,0.000,0.000,0.023,0.025,3,1,0.52062,1,1,1,60,34.0,5.0,,0,0,81,68.0,61.0
11843642,1,2015,0.013,0.057,0.000,0.046,0.127,0.000,0.054,0.000,0.313,0.250,0.069,0.000,0.034,0.117,2,1,0.64966,1,1,1,70,27.0,6.0,,0,0,77,26.0,
11843694,1,2015,0.000,0.193,0.000,0.104,0.117,0.030,0.045,0.000,0.090,0.030,0.191,0.016,0.034,0.063,3,2,0.34615,1,1,1,50,26.0,4.0,,0,0,74,48.0,36.0
11843713,1,2015,0.036,0.033,0.031,0.000,0.093,0.014,0.067,0.038,0.262,0.190,0.028,0.018,0.000,0.100,4,2,0.34615,1,1,1,70,29.0,4.0,,0,0,92,13.0,7.0
11843836,1,2015,0.027,0.052,0.030,0.000,0.056,0.032,0.031,0.034,0.021,0.012,0.000,0.030,0.042,0.027,3,0,0.29098,1,1,1,80,20.0,5.0,,0,0,66,20.0,9.0
11844461,1,2015,0.098,0.011,0.000,0.053,0.000,0.030,0.016,0.057,0.054,0.060,0.000,0.035,0.023,0.025,3,1,0.48810,1,1,1,60,28.0,7.0,,0,1,92,,5.0
11844527,1,2015,0.016,0.179,0.000,0.000,0.000,0.000,0.000,0.031,0.069,0.019,0.106,0.035,0.000,0.000,4,1,0.36513,1,1,1,80,28.0,4.0,,0,0,86,4.0,9.0
11844584,1,2015,0.015,0.000,0.000,0.000,0.098,0.000,0.034,0.029,0.034,0.103,0.021,0.000,0.000,0.000,4,1,0.36598,1,1,1,80,25.0,5.0,,0,0,91,23.0,57.0
11844628,1,2015,0.015,0.063,0.034,0.074,0.083,0.014,0.097,0.178,0.115,0.031,0.056,0.049,0.208,0.082,5,0,0.26894,1,1,1,70,28.0,6.0,,0,0,86,0.0,35.0
11844653,1,2015,0.013,0.070,0.056,0.000,0.030,0.000,0.000,0.000,0.126,0.103,0.039,0.064,0.000,0.020,4,1,0.36861,1,1,1,70,25.0,5.0,,0,0,79,82.0,68.0
11844719,1,2015,0.036,0.064,0.000,0.029,0.035,0.072,0.079,0.031,0.055,0.070,0.028,0.057,0.000,0.025,3,2,0.45089,1,1,0,20,28.0,,93.0,0,0,0,34.0,27.0
11844801,1,2015,0.069,0.334,0.000,0.070,0.093,0.058,0.018,0.028,0.081,0.052,0.119,0.013,0.023,0.025,3,1,0.43701,1,1,1,60,31.0,3.0,,0,0,74,72.0,20.0
11844995,1,2015,0.132,0.000,0.034,0.070,0.000,0.030,0.000,0.082,0.000,0.000,0.021,0.128,0.074,0.079,2,2,0.47638,1,1,0,80,27.0,4.0,,0,0,0,,11.0
11845190,1,2015,0.012,0.035,0.060,0.089,0.076,0.045,0.018,0.088,0.074,0.022,0.000,0.065,0.057,0.090,3,1,0.47638,1,1,1,50,31.0,4.0,,0,0,73,33.0,55.0
11845193,1,2015,0.092,0.011,0.124,0.027,0.044,0.076,0.018,0.087,0.211,0.119,0.000,0.000,0.023,0.059,6,0,0.20066,1,1,0,80,27.0,3.0,,0,0,0,,6.0
11845311,1,2015,0.028,0.131,0.000,0.000,0.020,0.000,0.000,0.000,0.037,0.076,0.144,0.000,0.026,0.032,3,1,0.42361,1,1,1,50,30.0,4.0,,0,0,84,37.0,56.0
11845425,1,2015,0.047,0.000,0.017,0.000,0.000,0.000,0.016,0.029,0.000,0.000,0.000,0.030,0.045,0.027,2,2,0.41129,1,1,1,70,33.0,5.0,,0,0,87,50.0,44.0
11845711,0,2015,0.000,0.000,0.000,0.026,0.021,0.072,0.000,0.000,0.000,0.047,0.000,0.070,0.000,0.000,1,1,0.79688,1,1,1,60,,3.0,,0,0,85,,70.0
11845816,1,2015,0.012,0.000,0.000,0.015,0.035,0.014,0.000,0.000,0.057,0.029,0.028,0.000,0.000,0.000,4,1,0.32979,1,1,1,70,29.0,5.0,,0,0,68,,0.0
11845926,1,2015,0.015,0.020,0.000,0.000,0.000,0.142,0.022,0.000,0.031,0.015,0.105,0.016,0.000,0.000,2,2,0.55488,1,1,1,60,28.0,4.0,,0,0,82,,66.0
11846286,1,2015,0.000,0.055,0.000,0.111,0.215,0.122,0.018,0.016,0.082,0.089,0.027,0.035,0.091,0.080,2,1,0.74020,1,1,1,60,32.0,3.0,,0,0,85,7.0,25.0
11846316,1,2015,0.000,0.146,0.017,0.000,0.000,0.000,0.000,0.000,0.000,0.000,0.161,0.000,0.045,0.000,3,2,0.38060,1,1,1,60,32.0,4.0,,0,0,76,,0.0
11846341,1,2015,0.000,0.000,0.034,0.000,0.000,0.000,0.000,0.054,0.000,0.000,0.000,0.033,0.020,0.000,4,1,0.33065,1,1,1,60,26.0,3.0,,0,0,88,83.0,85.0
11846439,1,2015,0.015,0.000,0.014,0.000,0.021,0.068,0.034,0.063,0.000,0.000,0.000,0.013,0.000,0.047,3,1,0.33197,1,1,1,80,28.0,5.0,,0,0,84,,50.0
11846480,1,2015,0.030,0.000,0.000,0.092,0.087,0.176,0.075,0.115,0.110,0.000,0.253,0.000,0.296,0.186,4,1,0.33212,1,1,1,80,38.0,6.0,,0,0,87,74.0,62.0
11846627,1,2015,0.015,0.055,0.000,0.089,0.048,0.032,0.090,0.034,0.061,0.000,0.051,0.000,0.189,0.063,3,1,0.34259,1,1,1,60,27.0,5.0,,0,0,73,55.0,53.0
11846665,1,2015,0.000,0.000,0.000,0.014,0.000,0.000,0.000,0.114,0.031,0.036,0.028,0.000,0.000,0.000,3,1,0.52299,1,1,1,90,24.0,4.0,,0,0,89,5.0,13.0
11846746,1,2015,0.015,0.017,0.000,0.000,0.020,0.000,0.047,0.029,0.000,0.059,0.000,0.000,0.012,0.020,2,1,0.56250,1,1,1,50,28.0,5.0,,0,0,77,17.0,9.0
11846946,1,2015,0.036,0.000,0.060,0.000,0.000,0.020,0.038,0.050,0.000,0.000,0.018,0.000,0.056,0.025,2,1,0.47436,1,1,1,70,27.0,8.0,,0,0,87,65.0,63.0
11846993,1,2015,0.067,0.000,0.000,0.099,0.062,0.106,0.022,0.028,0.139,0.177,0.066,0.035,0.100,0.088,3,1,0.33178,1,1,1,70,39.0,6.0,,0,0,85,56.0,86.0
11847186,1,2015,0.000,0.000,0.000,0.000,0.050,0.108,0.018,0.000,0.034,0.077,0.027,0.035,0.043,0.000,4,1,0.48810,1,1,0,70,23.0,2.0,,0,0,0,0.0,78.0
11847197,1,2015,0.000,0.000,0.000,0.057,0.000,0.000,0.000,0.062,0.000,0.000,0.000,0.000,0.031,0.000,3,0,0.25000,1,1,0,60,35.0,3.0,,0,0,0,83.0,88.0
11847349,1,2015,0.000,0.000,0.021,0.000,0.000,0.128,0.072,0.136,0.018,0.000,0.000,0.029,0.000,0.000,3,2,0.39423,1,1,1,70,34.0,3.0,,0,0,78,0.0,20.0
11847375,1,2015,0.000,0.069,0.000,0.036,0.000,0.000,0.016,0.031,0.126,0.057,0.083,0.000,0.000,0.015,5,0,0.22768,1,1,1,80,32.0,8.0,,0,0,90,85.0,91.0
11847377,1,2015,0.015,0.038,0.076,0.029,0.014,0.000,0.062,0.013,0.036,0.000,0.000,0.065,0.000,0.080,3,1,0.33117,1,1,1,50,31.0,4.0,,0,0,79,2.0,7.0
11847684,1,2015,0.082,0.052,0.031,0.027,0.029,0.076,0.067,0.208,0.117,0.115,0.039,0.044,0.023,0.045,4,1,0.59314,1,1,1,50,26.0,4.0,,0,0,76,36.0,25.0
11847784,1,2015,0.039,0.000,0.032,0.000,0.014,0.000,0.018,0.000,0.015,0.000,0.084,0.000,0.045,0.017,2,1,0.65761,1,1,1,50,33.0,5.0,,0,0,81,53.0,41.0
11847954,1,2015,0.038,0.028,0.062,0.017,0.020,0.000,0.000,0.025,0.167,0.195,0.039,0.046,0.020,0.020,4,1,0.42045,1,1,1,70,27.0,3.0,,0,0,72,8.0,8.0
11848183,1,2015,0.015,0.012,0.000,0.054,0.000,0.072,0.016,0.168,0.024,0.079,0.027,0.035,0.069,0.000,4,1,0.37755,1,1,1,70,30.0,4.0,,0,0,91,34.0,62.0
11848224,1,2015,0.052,0.255,0.000,0.176,0.101,0.000,0.000,0.000,0.065,0.012,0.037,0.013,0.099,0.198,4,1,0.52961,1,1,1,80,38.0,7.0,,0,0,81,31.0,33.0
11848280,1,2015,0.013,0.055,0.065,0.000,0.029,0.000,0.018,0.073,0.328,0.224,0.038,0.033,0.020,0.020,5,1,0.51361,1,1,1,70,34.0,5.0,,0,0,77,41.0,45.0
11848448,1,2015,0.039,0.000,0.000,0.012,0.000,0.056,0.000,0.000,0.031,0.015,0.055,0.078,0.066,0.027,5,0,0.29310,1,1,1,50,29.0,6.0,,0,0,80,50.0,62.0
11848478,1,2015,0.025,0.000,0.000,0.106,0.145,0.160,0.036,0.083,0.112,0.182,0.075,0.079,0.154,0.126,3,1,0.36161,1,1,1,50,32.0,5.0,,0,0,77,,0.0
11848573,1,2015,0.000,0.000,0.000,0.000,0.000,0.000,0.041,0.000,0.102,0.071,0.242,0.000,0.056,0.000,3,2,0.42361,1,1,1,60,32.0,4.0,,0,0,81,70.0,
11848603,0,2015,0.054,0.066,0.086,0.092,0.077,0.030,0.018,0.094,0.246,0.101,0.000,0.105,0.077,0.109,3,2,0.43519,1,1,1,40,,6.0,,0,0,84,64.0,73.0
11848640,1,2015,0.016,0.000,0.051,0.000,0.021,0.030,0.013,0.000,0.057,0.063,0.054,0.029,0.000,0.000,3,1,0.52299,1,1,1,60,28.0,6.0,,0,0,89,10.0,71.0
11848680,1,2015,0.000,0.017,0.062,0.000,0.077,0.014,0.000,0.000,0.064,0.027,0.067,0.029,0.000,0.057,3,1,0.36161,1,1,1,80,27.0,5.0,,0,0,81,,
11848792,1,2015,0.115,0.037,0.000,0.027,0.000,0.030,0.000,0.051,0.024,0.063,0.010,0.048,0.023,0.056,4,1,0.30342,1,1,1,70,29.0,5.0,,0,0,87,4.0,50.0
11849062,1,2015,0.012,0.243,0.000,0.029,0.034,0.020,0.126,0.062,0.000,0.012,0.067,0.062,0.000,0.040,2,1,0.64013,1,1,1,60,33.0,2.0,,0,0,87,42.0,84.0
11849160,1,2015,0.000,0.000,0.076,0.046,0.103,0.028,0.000,0.025,0.141,0.079,0.204,0.107,0.099,0.095,3,0,0.28505,1,1,1,60,26.0,6.0,,0,0,77,9.0,
11850431,1,2015,0.000,0.000,0.014,0.000,0.047,0.072,0.000,0.000,0.000,0.025,0.000,0.035,0.000,0.000,3,1,0.38889,1,1,1,70,30.0,2.0,,0,0,86,38.0,64.0
11850554,1,2015,0.000,0.000,0.000,0.000,0.000,0.000,0.000,0.000,0.000,0.000,0.000,0.000,0.000,0.000,1,1,0.45833,1,1,1,70,28.0,4.0,,0,0,78,0.0,0.0
11850582,1,2015,0.067,0.000,0.048,0.073,0.054,0.046,0.000,0.076,0.022,0.000,0.000,0.065,0.105,0.088,2,1,0.73077,1,1,1,80,26.0,6.0,,0,0,84,35.0,72.0
11850821,1,2015,0.030,0.020,0.021,0.098,0.021,0.020,0.165,0.029,0.018,0.060,0.010,0.079,0.088,0.040,5,1,0.40511,1,1,1,60,35.0,5.0,,0,0,83,39.0,31.0
11851222,1,2015,0.074,0.011,0.032,0.073,0.062,0.030,0.074,0.028,0.094,0.019,0.099,0.000,0.158,0.137,3,1,0.44161,1,1,1,70,28.0,3.0,,0,0,80,30.0,18.0
11851392,1,2015,0.030,0.000,0.031,0.072,0.045,0.000,0.000,0.025,0.125,0.094,0.080,0.016,0.088,0.063,3,1,0.33197,1,1,1,60,39.0,5.0,,0,0,85,90.0,82.0
11851661,1,2015,0.000,0.047,0.021,0.092,0.087,0.000,0.000,0.000,0.102,0.015,0.067,0.042,0.068,0.126,4,1,0.36161,1,1,1,50,28.0,3.0,,0,0,84,70.0,50.0
11851714,1,2015,0.000,0.064,0.000,0.026,0.020,0.000,0.000,0.023,0.000,0.082,0.134,0.065,0.026,0.041,4,1,0.31098,1,1,1,80,33.0,5.0,,0,0,89,,
11851775,1,2015,0.000,0.033,0.000,0.000,0.035,0.072,0.031,0.000,0.055,0.114,0.049,0.053,0.000,0.086,3,1,0.47436,1,1,1,60,33.0,5.0,,0,0,81,5.0,14.0
11851784,1,2015,0.000,0.020,0.000,0.043,0.021,0.000,0.000,0.000,0.035,0.030,0.000,0.000,0.031,0.052,4,1,0.49390,1,1,1,70,34.0,4.0,,0,0,82,19.0,3.0
11851914,0,2015,0.015,0.105,0.123,0.000,0.021,0.072,0.000,0.025,0.000,0.025,0.067,0.097,0.062,0.000,3,2,0.39803,1,1,1,70,,5.0,,0,0,85,64.0,
11852107,1,2015,0.000,0.165,0.000,0.074,0.014,0.000,0.060,0.000,0.000,0.000,0.021,0.000,0.000,0.000,3,1,0.36228,1,1,1,90,29.0,3.0,,0,0,72,,22.0
11852209,1,2015,0.000,0.047,0.034,0.000,0.050,0.000,0.098,0.025,0.065,0.067,0.222,0.044,0.020,0.061,2,2,0.43162,1,1,1,40,30.0,4.0,,0,0,91,5.0,19.0
11852264,1,2015,0.000,0.072,0.014,0.000,0.000,0.000,0.045,0.047,0.046,0.015,0.067,0.022,0.000,0.000,3,1,0.39764,1,1,1,70,28.0,3.0,,0,0,81,5.0,
11852298,1,2015,0.054,0.000,0.000,0.073,0.075,0.030,0.115,0.028,0.022,0.026,0.000,0.036,0.057,0.300,4,1,0.54762,1,1,1,80,37.0,4.0,,0,0,87,73.0,93.0
11852371,1,2015,0.054,0.094,0.021,0.027,0.029,0.050,0.103,0.028,0.052,0.052,0.045,0.029,0.023,0.042,6,0,0.20130,1,1,1,60,34.0,5.0,,0,0,80,44.0,20.0
11852484,1,2015,0.073,0.000,0.014,0.000,0.000,0.036,0.000,0.000,0.000,0.000,0.027,0.011,0.043,0.025,5,1,0.41753,1,1,1,80,34.0,6.0,,0,0,78,65.0,56.0
11852499,1,2015,0.054,0.000,0.000,0.195,0.130,0.076,0.106,0.101,0.104,0.074,0.000,0.035,0.147,0.151,4,1,0.36598,1,1,1,70,32.0,4.0,,0,0,82,50.0,30.0
11852509,1,2015,0.000,0.085,0.014,0.029,0.014,0.000,0.000,0.000,0.064,0.073,0.067,0.014,0.000,0.000,3,1,0.33152,1,1,1,70,28.0,5.0,,0,0,81,53.0,63.0
11852646,1,2015,0.000,0.000,0.000,0.000,0.000,0.000,0.000,0.000,0.024,0.030,0.000,0.000,0.000,0.000,3,1,0.57258,1,1,1,70,34.0,7.0,,0,0,86,71.0,
11852860,1,2015,0.013,0.000,0.055,0.000,0.000,0.180,0.107,0.025,0.116,0.052,0.223,0.062,0.235,0.066,3,2,0.35827,1,1,1,60,25.0,4.0,,0,0,76,7.0,
11852920,1,2015,0.028,0.000,0.039,0.086,0.015,0.064,0.052,0.191,0.052,0.037,0.039,0.000,0.000,0.000,4,1,0.40625,1,1,1,60,31.0,5.0,,0,0,84,,16.0
11852936,1,2015,0.000,0.000,0.042,0.000,0.102,0.072,0.018,0.000,0.101,0.118,0.028,0.093,0.000,0.020,2,1,0.64216,1,1,1,70,29.0,2.0,,0,0,72,52.0,35.0
11853074,1,2015,0.049,0.022,0.000,0.000,0.058,0.000,0.036,0.000,0.244,0.226,0.049,0.000,0.000,0.025,2,2,0.59091,1,1,1,50,35.0,5.0,,0,0,77,,4.0
11853098,1,2015,0.000,0.000,0.000,0.091,0.089,0.186,0.031,0.037,0.022,0.072,0.000,0.123,0.034,0.103,3,1,0.44608,1,1,1,50,26.0,4.0,,0,0,89,,40.0
11853407,1,2015,0.054,0.011,0.000,0.124,0.104,0.212,0.000,0.044,0.076,0.090,0.000,0.070,0.057,0.105,3,1,0.43162,1,1,1,80,30.0,6.0,,0,1,91,85.0,79.0
11853568,1,2015,0.069,0.026,0.065,0.073,0.126,0.044,0.083,0.204,0.165,0.104,0.000,0.100,0.077,0.128,3,2,0.42523,1,1,1,60,29.0,6.0,,0,0,84,,13.0
11853662,1,2015,0.015,0.000,0.000,0.000,0.035,0.072,0.000,0.044,0.000,0.079,0.000,0.035,0.052,0.000,2,1,0.60448,1,1,1,60,35.0,5.0,,0,0,89,67.0,65.0
11853733,1,2015,0.051,0.000,0.000,0.024,0.000,0.000,0.016,0.015,0.000,0.000,0.000,0.000,0.000,0.025,2,1,0.60448,1,1,1,70,30.0,5.0,,0,0,79,,0.0
11853919,1,2015,0.061,0.000,0.048,0.000,0.127,0.000,0.018,0.000,0.034,0.052,0.000,0.000,0.000,0.057,3,2,0.35417,1,1,1,70,24.0,4.0,,0,0,78,59.0,30.0
11853931,1,2015,0.054,0.052,0.000,0.070,0.000,0.030,0.144,0.090,0.000,0.000,0.000,0.123,0.110,0.132,4,1,0.34470,1,1,1,70,31.0,6.0,,0,0,87,20.0,26.0
11854011,1,2015,0.000,0.011,0.000,0.058,0.033,0.000,0.000,0.000,0.162,0.079,0.071,0.000,0.034,0.063,3,1,0.55488,1,1,1,60,28.0,4.0,,0,0,77,,38.0
11854019,1,2015,0.046,0.020,0.021,0.000,0.000,0.056,0.139,0.058,0.031,0.000,0.027,0.065,0.043,0.115,4,1,0.34615,1,1,1,80,27.0,6.0,,0,0,88,23.0,7.0
11854344,1,2015,0.140,0.132,0.031,0.070,0.014,0.030,0.016,0.130,0.068,0.069,0.155,0.000,0.023,0.067,5,0,0.23563,1,1,1,50,34.0,5.0,,0,0,81,14.0,60.0
11854558,1,2015,0.000,0.052,0.036,0.000,0.021,0.118,0.000,0.000,0.018,0.025,0.000,0.110,0.028,0.000,2,2,0.45492,1,1,1,70,25.0,5.0,,0,0,86,19.0,29.0
11854642,1,2015,0.082,0.038,0.055,0.171,0.029,0.066,0.072,0.057,0.052,0.059,0.096,0.035,0.167,0.042,5,1,0.37755,1,1,1,80,27.0,5.0,,0,0,84,,35.0
11854655,1,2015,0.140,0.020,0.000,0.027,0.000,0.030,0.062,0.028,0.000,0.015,0.010,0.081,0.023,0.105,2,2,0.58482,1,1,1,60,27.0,4.0,,0,0,75,13.0,4.0
11855233,1,2015,0.050,0.020,0.000,0.000,0.000,0.000,0.022,0.000,0.000,0.042,0.211,0.000,0.026,0.000,3,1,0.34615,1,1,1,60,33.0,4.0,,0,0,79,62.0,59.0
11855343,1,2015,0.119,0.011,0.000,0.096,0.084,0.030,0.000,0.028,0.054,0.019,0.000,0.000,0.091,0.148,4,1,0.34354,1,1,1,70,30.0,4.0,,0,0,77,11.0,13.0
11855360,1,2015,0.154,0.000,0.045,0.070,0.000,0.078,0.016,0.057,0.000,0.000,0.000,0.000,0.054,0.025,4,1,0.30342,1,1,1,60,28.0,6.0,,0,1,91,10.0,14.0
11855479,0,2015,0.054,0.000,0.046,0.027,0.035,0.074,0.067,0.053,0.088,0.015,0.088,0.018,0.023,0.135,2,2,0.43701,1,1,1,40,,4.0,,0,0,79,35.0,67.0
11855589,1,2015,0.080,0.026,0.000,0.000,0.000,0.000,0.048,0.131,0.000,0.000,0.000,0.022,0.000,0.000,4,1,0.37195,1,1,1,70,33.0,7.0,,0,0,83,0.0,0.0
11855902,1,2015,0.000,0.000,0.062,0.000,0.032,0.020,0.000,0.050,0.126,0.078,0.000,0.000,0.000,0.050,3,1,0.54891,1,1,1,80,32.0,5.0,,0,0,90,,28.0
11855933,1,2015,0.000,0.023,0.000,0.092,0.111,0.014,0.031,0.016,0.163,0.034,0.106,0.018,0.034,0.103,3,1,0.42523,1,1,1,50,29.0,6.0,,0,0,77,12.0,7.0
11856382,1,2015,0.000,0.000,0.000,0.046,0.080,0.000,0.000,0.036,0.022,0.026,0.000,0.000,0.034,0.100,4,0,0.29310,1,1,1,80,29.0,5.0,,0,0,71,,12.0
11856438,1,2015,0.015,0.026,0.034,0.074,0.054,0.030,0.047,0.209,0.022,0.000,0.000,0.119,0.094,0.103,3,2,0.36598,1,1,1,60,24.0,3.0,,0,0,83,61.0,32.0
11856724,1,2015,0.025,0.000,0.000,0.078,0.000,0.000,0.018,0.000,0.000,0.088,0.030,0.131,0.000,0.017,4,2,0.36598,1,1,1,70,34.0,4.0,,0,0,88,21.0,27.0
11857157,0,2015,0.000,0.000,0.034,0.000,0.021,0.154,0.068,0.116,0.000,0.085,0.149,0.114,0.046,0.000,5,1,0.31696,1,1,1,60,,3.0,,0,0,86,11.0,14.0
11857845,1,2015,0.000,0.000,0.000,0.000,0.000,0.000,0.000,0.000,0.032,0.026,0.000,0.000,0.000,0.000,1,1,0.75926,1,1,0,40,27.0,,93.0,0,0,0,0.0,41.0
11919046,1,2015,0.000,0.000,0.000,0.000,0.000,0.000,0.000,0.000,0.000,0.055,0.000,0.000,0.026,0.000,2,1,0.72619,1,1,1,40,26.0,5.0,,0,1,85,21.0,0.0
11922435,1,2015,0.015,0.000,0.031,0.036,0.000,0.000,0.016,0.099,0.031,0.000,0.000,0.000,0.000,0.000,2,1,0.64894,1,1,1,90,25.0,5.0,,0,0,87,12.0,73.0
11922857,1,2015,0.000,0.000,0.000,0.000,0.000,0.000,0.000,0.029,0.013,0.000,0.000,0.013,0.000,0.000,2,2,0.44737,1,1,1,60,34.0,4.0,,0,0,85,59.0,50.0
11928262,1,2015,0.000,0.000,0.000,0.000,0.021,0.000,0.000,0.000,0.000,0.000,0.000,0.000,0.000,0.027,2,2,0.48438,1,1,1,60,32.0,,94.0,0,0,86,5.0,3.0
11934798,1,2015,0.000,0.000,0.000,0.000,0.042,0.072,0.000,0.000,0.000,0.025,0.000,0.035,0.023,0.017,5,1,0.32979,1,1,1,50,32.0,,93.0,0,0,86,5.0,22.0
11935092,1,2015,0.121,0.011,0.045,0.153,0.050,0.060,0.018,0.159,0.194,0.135,0.000,0.011,0.072,0.067,3,1,0.46127,1,1,1,60,27.0,5.0,,0,0,85,52.0,83.0
11935766,1,2015,0.000,0.012,0.000,0.082,0.033,0.000,0.000,0.037,0.022,0.000,0.000,0.046,0.062,0.090,4,1,0.36905,1,1,1,80,32.0,,95.0,0,0,84,47.0,
11936408,1,2015,0.030,0.020,0.031,0.014,0.000,0.014,0.016,0.154,0.031,0.000,0.010,0.000,0.000,0.000,1,1,0.83824,1,1,1,90,34.0,,94.0,0,0,87,24.0,
11937674,1,2015,0.000,0.035,0.017,0.046,0.077,0.020,0.018,0.000,0.109,0.105,0.067,0.000,0.129,0.063,3,2,0.42523,1,1,1,70,32.0,4.0,,0,0,86,76.0,
11943275,1,2015,0.000,0.000,0.014,0.166,0.000,0.000,0.000,0.062,0.047,0.032,0.196,0.000,0.045,0.000,3,1,0.39803,1,1,1,50,33.0,,95.0,0,0,85,5.0,
11943697,1,2015,0.054,0.191,0.034,0.071,0.085,0.174,0.018,0.089,0.034,0.160,0.109,0.103,0.043,0.066,3,2,0.38736,1,1,1,60,39.0,4.0,,0,0,83,31.0,30.0
11944537,1,2015,0.000,0.000,0.000,0.015,0.000,0.065,0.040,0.049,0.000,0.000,0.000,0.000,0.000,0.000,5,1,0.32979,1,1,1,80,26.0,6.0,,0,0,86,93.0,89.0
11950731,1,2015,0.012,0.047,0.046,0.000,0.000,0.016,0.042,0.025,0.031,0.032,0.129,0.014,0.000,0.000,5,1,0.41156,1,1,1,90,19.0,4.0,,0,0,91,74.0,52.0
11953555,1,2015,0.054,0.038,0.000,0.223,0.014,0.062,0.018,0.140,0.000,0.022,0.000,0.035,0.054,0.025,2,1,0.63793,1,1,1,90,28.0,6.0,,0,0,86,42.0,24.0
11961820,1,2015,0.000,0.055,0.000,0.089,0.113,0.180,0.000,0.000,0.043,0.044,0.000,0.048,0.065,0.084,6,1,0.34804,1,1,1,80,27.0,4.0,,0,0,86,44.0,71.0
11963044,1,2015,0.040,0.000,0.014,0.019,0.000,0.000,0.086,0.031,0.000,0.000,0.082,0.000,0.088,0.000,3,1,0.32042,1,1,1,60,21.0,5.0,,0,0,79,0.0,0.0
11963640,1,2015,0.054,0.035,0.034,0.027,0.000,0.030,0.000,0.053,0.000,0.027,0.021,0.062,0.069,0.025,2,1,0.65984,1,1,1,70,33.0,7.0,,0,0,89,72.0,63.0
11964181,1,2015,0.000,0.216,0.000,0.000,0.029,0.000,0.099,0.061,0.000,0.059,0.282,0.022,0.026,0.055,5,1,0.41156,1,1,1,90,27.0,4.0,,0,0,87,3.0,29.0
11964769,1,2015,0.144,0.104,0.014,0.027,0.029,0.059,0.000,0.090,0.037,0.037,0.000,0.044,0.023,0.050,3,1,0.68079,1,1,1,70,30.0,4.0,,0,0,83,38.0,74.0
11964934,1,2015,0.036,0.020,0.182,0.000,0.015,0.000,0.031,0.021,0.018,0.000,0.000,0.047,0.000,0.086,2,1,0.49554,1,1,1,50,35.0,7.0,,0,0,81,60.0,82.0
11965004,1,2015,0.000,0.120,0.000,0.000,0.021,0.072,0.000,0.073,0.000,0.025,0.134,0.057,0.000,0.000,3,1,0.35417,1,1,1,60,32.0,5.0,,0,0,89,12.0,19.0
11966152,1,2015,0.000,0.026,0.000,0.051,0.021,0.000,0.045,0.047,0.032,0.026,0.000,0.022,0.014,0.017,4,1,0.33117,1,1,1,90,27.0,4.0,,0,0,84,89.0,75.0
11966494,1,2015,0.054,0.000,0.024,0.027,0.078,0.030,0.031,0.028,0.000,0.015,0.000,0.018,0.023,0.146,3,1,0.35827,1,1,1,70,34.0,4.0,,0,0,88,4.0,48.0
11966579,1,2015,0.070,0.000,0.000,0.045,0.000,0.000,0.000,0.085,0.000,0.000,0.000,0.016,0.012,0.000,3,1,0.52597,1,1,1,60,33.0,5.0,,0,0,84,7.0,
11966589,1,2015,0.070,0.000,0.017,0.183,0.000,0.050,0.047,0.044,0.000,0.015,0.000,0.000,0.157,0.025,2,2,0.47436,1,1,1,80,31.0,5.0,,0,0,80,15.0,25.0
11969511,1,2015,0.025,0.000,0.000,0.000,0.000,0.032,0.018,0.034,0.000,0.000,0.000,0.000,0.000,0.000,3,2,0.36905,1,1,1,60,30.0,6.0,,0,0,93,,
11972007,1,2015,0.000,0.011,0.000,0.000,0.000,0.000,0.013,0.000,0.000,0.147,0.021,0.000,0.026,0.084,2,2,0.46552,1,1,1,50,35.0,,94.0,0,0,86,26.0,86.0
11972185,1,2015,0.054,0.047,0.000,0.070,0.000,0.086,0.025,0.028,0.000,0.000,0.179,0.000,0.136,0.025,2,2,0.41393,1,1,1,70,37.0,6.0,,0,0,89,11.0,19.0
11972755,1,2015,0.000,0.012,0.015,0.092,0.101,0.014,0.045,0.000,0.070,0.032,0.021,0.000,0.068,0.126,3,1,0.38060,1,1,1,70,34.0,,94.0,0,0,87,47.0,57.0
11972793,1,2015,0.000,0.000,0.034,0.014,0.021,0.028,0.047,0.117,0.015,0.000,0.039,0.111,0.020,0.121,2,1,0.72697,1,1,1,80,32.0,6.0,,0,0,91,63.0,55.0
11973980,1,2015,0.000,0.000,0.000,0.030,0.000,0.014,0.000,0.000,0.000,0.000,0.000,0.000,0.000,0.000,2,1,0.57258,1,1,1,60,28.0,3.0,,0,0,83,,
11974964,1,2015,0.016,0.000,0.000,0.157,0.047,0.049,0.000,0.016,0.022,0.033,0.027,0.000,0.077,0.082,3,2,0.41753,1,1,1,70,33.0,6.0,,0,0,88,38.0,42.0
11975110,1,2015,0.000,0.061,0.046,0.090,0.068,0.086,0.031,0.025,0.107,0.044,0.000,0.053,0.034,0.131,5,1,0.44161,1,1,0,50,25.0,4.0,,0,0,0,21.0,21.0
11976168,1,2015,0.016,0.048,0.000,0.205,0.099,0.000,0.022,0.047,0.135,0.046,0.039,0.022,0.128,0.208,3,1,0.44022,1,1,1,70,28.0,6.0,,0,0,85,0.0,44.0
11976946,1,2015,0.105,0.023,0.031,0.093,0.033,0.030,0.000,0.028,0.034,0.000,0.021,0.000,0.116,0.196,3,2,0.35827,1,1,1,60,26.0,3.0,,0,0,83,47.0,0.0
11978541,1,2015,0.016,0.020,0.000,0.019,0.021,0.000,0.047,0.060,0.015,0.026,0.064,0.080,0.000,0.201,3,2,0.35563,1,1,1,80,33.0,8.0,,0,0,91,68.0,76.0
11979298,1,2015,0.000,0.090,0.031,0.089,0.048,0.000,0.049,0.056,0.074,0.026,0.048,0.070,0.065,0.167,4,0,0.29310,1,1,1,90,33.0,3.0,,0,0,90,81.0,
11980909,1,2015,0.000,0.000,0.063,0.000,0.000,0.030,0.000,0.025,0.000,0.000,0.000,0.049,0.020,0.000,3,2,0.38060,1,1,1,70,27.0,3.0,,0,0,78,64.0,19.0
11981734,1,2015,0.000,0.000,0.000,0.000,0.035,0.014,0.016,0.000,0.026,0.000,0.000,0.000,0.000,0.000,3,0,0.25000,1,1,1,60,25.0,3.0,,0,0,83,50.0,83.0
11981805,1,2015,0.015,0.000,0.024,0.026,0.015,0.020,0.069,0.058,0.000,0.054,0.021,0.053,0.000,0.040,3,1,0.35965,1,1,1,80,32.0,4.0,,0,0,89,21.0,16.0
11983096,1,2015,0.000,0.011,0.031,0.041,0.000,0.048,0.034,0.074,0.117,0.094,0.000,0.035,0.026,0.000,3,2,0.30597,1,1,1,80,27.0,6.0,,0,0,83,50.0,74.0
11983823,1,2015,0.040,0.026,0.021,0.000,0.085,0.102,0.034,0.060,0.109,0.092,0.044,0.102,0.000,0.000,5,0,0.21795,1,1,1,70,33.0,5.0,,0,0,82,81.0,58.0
11984069,1,2015,0.013,0.087,0.000,0.194,0.049,0.000,0.000,0.000,0.122,0.120,0.028,0.035,0.123,0.027,3,2,0.30682,1,1,1,70,33.0,6.0,,0,0,90,58.0,70.0
11984533,1,2015,0.035,0.000,0.000,0.000,0.000,0.000,0.000,0.000,0.000,0.000,0.000,0.000,0.000,0.000,1,1,0.79688,1,1,1,80,32.0,5.0,,0,0,86,53.0,52.0
11985232,1,2015,0.054,0.021,0.000,0.027,0.021,0.118,0.000,0.028,0.000,0.025,0.000,0.065,0.023,0.025,4,1,0.32979,1,1,1,50,34.0,,92.0,0,0,78,17.0,7.0
11986575,1,2015,0.015,0.206,0.000,0.046,0.141,0.095,0.036,0.034,0.212,0.116,0.241,0.000,0.077,0.063,3,2,0.33152,1,1,1,80,24.0,4.0,,0,0,86,,
11988723,1,2015,0.000,0.000,0.034,0.000,0.021,0.072,0.000,0.025,0.032,0.077,0.000,0.068,0.020,0.020,3,1,0.48810,1,1,1,70,29.0,6.0,,0,0,82,,77.0
11989799,1,2015,0.131,0.011,0.046,0.157,0.087,0.066,0.000,0.070,0.147,0.078,0.027,0.051,0.162,0.178,4,0,0.23547,1,1,1,60,33.0,6.0,,0,0,86,37.0,79.0
11990167,1,2015,0.000,0.063,0.052,0.000,0.000,0.000,0.000,0.025,0.199,0.093,0.108,0.029,0.000,0.039,2,1,0.47196,1,1,1,70,32.0,6.0,,0,0,94,67.0,58.0
11990591,1,2015,0.068,0.000,0.021,0.026,0.000,0.021,0.000,0.015,0.018,0.063,0.000,0.064,0.000,0.020,3,1,0.44608,1,1,1,50,32.0,5.0,,0,0,83,31.0,46.0
11991043,1,2015,0.000,0.035,0.015,0.092,0.081,0.182,0.089,0.068,0.116,0.015,0.055,0.034,0.111,0.213,3,2,0.35827,1,1,1,70,33.0,6.0,,0,1,94,45.0,
11991510,1,2015,0.000,0.029,0.000,0.000,0.000,0.036,0.000,0.036,0.000,0.036,0.027,0.000,0.043,0.000,4,1,0.35057,1,1,1,70,29.0,5.0,,0,1,93,37.0,21.0
11992826,1,2015,0.017,0.047,0.116,0.000,0.000,0.000,0.000,0.040,0.015,0.032,0.194,0.030,0.000,0.041,4,1,0.49648,1,1,1,60,29.0,4.0,,0,0,87,28.0,
11993737,1,2015,0.026,0.033,0.031,0.036,0.090,0.050,0.018,0.041,0.363,0.183,0.000,0.000,0.000,0.000,2,1,0.67526,1,1,1,80,26.0,4.0,,0,0,86,10.0,0.0
11996007,1,2015,0.013,0.000,0.000,0.046,0.048,0.014,0.000,0.000,0.079,0.037,0.000,0.000,0.034,0.063,5,0,0.29808,1,1,1,80,32.0,4.0,,0,0,83,48.0,67.0
11996091,1,2015,0.131,0.127,0.034,0.159,0.035,0.074,0.025,0.056,0.058,0.026,0.021,0.030,0.237,0.077,3,1,0.38889,1,1,1,60,32.0,5.0,,0,0,85,26.0,25.0
11997269,1,2015,0.069,0.023,0.058,0.027,0.000,0.030,0.016,0.057,0.049,0.081,0.049,0.000,0.023,0.025,5,0,0.20079,1,1,1,90,26.0,7.0,,0,0,85,39.0,25.0
11997528,1,2015,0.013,0.000,0.024,0.041,0.029,0.000,0.013,0.000,0.037,0.059,0.000,0.035,0.000,0.017,5,0,0.17816,1,1,1,70,33.0,5.0,,0,0,89,29.0,77.0
11997576,1,2015,0.054,0.125,0.000,0.131,0.028,0.030,0.000,0.028,0.000,0.032,0.062,0.000,0.023,0.046,3,1,0.49457,1,1,1,60,32.0,6.0,,0,0,83,28.0,54.0
11998051,1,2015,0.000,0.000,0.062,0.000,0.058,0.036,0.052,0.065,0.209,0.149,0.095,0.000,0.000,0.019,1,1,0.75197,1,1,1,70,28.0,5.0,,0,0,86,77.0,88.0
11998343,1,2015,0.067,0.000,0.034,0.073,0.154,0.274,0.031,0.053,0.089,0.154,0.000,0.172,0.097,0.092,5,0,0.28521,1,1,1,80,26.0,4.0,,0,0,87,3.0,4.0
11998994,1,2015,0.012,0.000,0.000,0.000,0.055,0.093,0.000,0.000,0.064,0.015,0.201,0.000,0.000,0.044,4,1,0.33152,1,1,1,90,40.0,4.0,,0,0,90,40.0,83.0
11999641,1,2015,0.036,0.038,0.080,0.109,0.014,0.000,0.000,0.025,0.031,0.000,0.000,0.014,0.031,0.044,3,1,0.37295,1,1,1,80,31.0,6.0,,0,0,91,67.0,80.0
12003437,1,2015,0.074,0.047,0.000,0.027,0.000,0.062,0.063,0.062,0.000,0.000,0.067,0.000,0.039,0.025,3,0,0.27193,1,1,1,70,26.0,3.0,,0,0,88,66.0,89.0
12005436,1,2015,0.054,0.011,0.060,0.027,0.000,0.030,0.075,0.053,0.116,0.034,0.028,0.000,0.191,0.025,3,1,0.37195,1,1,1,60,32.0,,95.0,0,0,69,21.0,18.0
12006595,0,2015,0.000,0.011,0.000,0.118,0.066,0.000,0.049,0.000,0.098,0.051,0.051,0.018,0.068,0.198,2,1,0.42361,1,1,1,30,,,93.0,0,0,82,33.0,6.0
12006651,1,2015,0.054,0.082,0.021,0.073,0.095,0.102,0.000,0.028,0.061,0.025,0.067,0.064,0.057,0.102,4,1,0.39706,1,1,1,40,30.0,,93.0,0,0,81,74.0,67.0
12029835,1,2015,0.015,0.026,0.014,0.000,0.000,0.016,0.000,0.031,0.000,0.000,0.015,0.022,0.000,0.000,4,1,0.36905,1,1,1,50,26.0,3.0,,0,0,87,55.0,33.0
12030044,1,2015,0.000,0.050,0.031,0.029,0.014,0.094,0.000,0.025,0.074,0.015,0.028,0.000,0.017,0.000,4,0,0.21914,1,1,1,70,30.0,5.0,,0,0,87,25.0,25.0
12030182,1,2015,0.069,0.134,0.046,0.101,0.035,0.132,0.000,0.090,0.031,0.047,0.077,0.070,0.023,0.025,6,0,0.20098,1,1,1,70,31.0,4.0,,0,0,89,24.0,75.0
12030264,1,2015,0.000,0.052,0.000,0.000,0.000,0.036,0.016,0.092,0.000,0.000,0.042,0.044,0.043,0.000,4,1,0.39706,1,1,1,70,33.0,3.0,,0,0,88,8.0,23.0
12030336,1,2015,0.000,0.028,0.000,0.000,0.049,0.000,0.000,0.000,0.054,0.031,0.000,0.000,0.000,0.000,3,1,0.48438,1,1,1,50,32.0,2.0,,0,0,90,57.0,70.0
12041160,1,2015,0.013,0.000,0.072,0.017,0.026,0.000,0.049,0.000,0.061,0.093,0.030,0.018,0.014,0.091,4,0,0.26068,1,1,1,70,25.0,4.0,,0,0,86,42.0,
12041882,1,2015,0.115,0.023,0.000,0.027,0.000,0.051,0.057,0.049,0.072,0.019,0.000,0.000,0.023,0.025,3,1,0.41393,1,1,1,60,35.0,5.0,,0,0,89,6.0,22.0
12043171,1,2015,0.012,0.028,0.065,0.000,0.058,0.032,0.065,0.074,0.164,0.097,0.018,0.016,0.132,0.000,5,0,0.21257,1,1,1,90,27.0,6.0,,0,0,85,50.0,31.0
12046963,1,2015,0.000,0.070,0.015,0.157,0.066,0.000,0.000,0.015,0.044,0.000,0.067,0.000,0.082,0.145,2,1,0.69118,1,1,1,70,28.0,5.0,,0,0,87,62.0,91.0
12049608,1,2015,0.000,0.000,0.000,0.065,0.000,0.000,0.000,0.099,0.032,0.026,0.000,0.000,0.000,0.000,3,1,0.41892,1,1,1,40,29.0,4.0,,0,0,73,0.0,0.0
12050370,1,2015,0.000,0.000,0.014,0.000,0.091,0.000,0.036,0.000,0.068,0.159,0.010,0.000,0.000,0.000,4,1,0.38587,1,1,1,40,31.0,6.0,,0,0,86,33.0,13.0
12051194,1,2015,0.000,0.000,0.000,0.000,0.000,0.000,0.018,0.029,0.064,0.043,0.097,0.000,0.000,0.065,4,1,0.31098,1,1,1,90,25.0,5.0,,0,0,83,50.0,42.0
12051221,1,2015,0.082,0.114,0.000,0.027,0.000,0.030,0.031,0.028,0.068,0.081,0.187,0.018,0.023,0.080,3,2,0.35057,1,1,1,60,27.0,,93.0,0,0,86,20.0,
12053848,1,2015,0.054,0.011,0.034,0.070,0.050,0.107,0.069,0.028,0.080,0.019,0.021,0.016,0.138,0.055,5,0,0.22263,1,1,1,90,31.0,6.0,,0,0,87,,18.0
12054022,1,2015,0.052,0.000,0.031,0.189,0.099,0.000,0.022,0.000,0.066,0.015,0.000,0.000,0.161,0.233,4,1,0.47810,1,1,1,70,32.0,8.0,,0,0,85,45.0,99.0
12054160,1,2015,0.000,0.058,0.000,0.000,0.032,0.000,0.000,0.000,0.054,0.019,0.067,0.000,0.000,0.014,3,1,0.55405,1,1,1,60,33.0,4.0,,0,0,73,33.0,42.0
12055922,1,2015,0.000,0.000,0.017,0.000,0.000,0.000,0.031,0.000,0.000,0.030,0.000,0.048,0.108,0.067,2,1,0.63194,1,1,1,70,33.0,6.0,,0,0,88,70.0,
12056880,1,2015,0.054,0.000,0.021,0.027,0.063,0.102,0.000,0.028,0.018,0.039,0.000,0.064,0.023,0.069,5,1,0.32979,1,1,1,70,29.0,,94.0,0,0,85,,
12057150,1,2015,0.054,0.073,0.000,0.027,0.000,0.046,0.000,0.084,0.000,0.000,0.098,0.022,0.023,0.025,3,1,0.42045,1,1,1,90,20.0,3.0,,0,0,72,,4.0
12057666,1,2015,0.054,0.029,0.029,0.027,0.029,0.096,0.018,0.028,0.049,0.078,0.039,0.000,0.023,0.062,3,1,0.40432,1,1,1,80,31.0,4.0,,0,0,85,39.0,25.0
12059704,1,2015,0.013,0.012,0.000,0.015,0.044,0.066,0.054,0.034,0.086,0.115,0.069,0.030,0.000,0.149,3,1,0.69408,1,1,1,80,28.0,5.0,,0,0,90,87.0,95.0
12062347,1,2015,0.013,0.000,0.035,0.000,0.064,0.014,0.018,0.000,0.130,0.089,0.039,0.029,0.000,0.000,2,1,0.67910,1,1,1,70,28.0,2.0,,0,0,84,0.0,10.0
12063117,1,2015,0.000,0.000,0.000,0.052,0.000,0.000,0.000,0.000,0.000,0.070,0.000,0.070,0.000,0.037,2,1,0.56250,1,1,1,80,24.0,,93.0,0,0,90,9.0,
12064395,1,2015,0.000,0.093,0.000,0.000,0.094,0.000,0.034,0.015,0.173,0.144,0.067,0.000,0.000,0.076,2,2,0.51869,1,1,1,80,32.0,,94.0,0,0,90,3.0,
12065032,1,2015,0.024,0.094,0.000,0.000,0.057,0.014,0.031,0.000,0.015,0.000,0.235,0.018,0.000,0.081,3,2,0.38258,1,1,1,60,29.0,,94.0,0,0,85,29.0,6.0
12067888,1,2015,0.099,0.093,0.000,0.027,0.000,0.030,0.000,0.049,0.015,0.000,0.127,0.016,0.023,0.059,6,0,0.19318,1,1,1,60,26.0,6.0,,0,0,82,,46.0
12072301,1,2015,0.000,0.078,0.000,0.000,0.035,0.018,0.000,0.031,0.021,0.053,0.000,0.038,0.028,0.017,3,1,0.52062,1,1,1,80,33.0,,93.0,0,0,82,41.0,33.0
12072465,1,2015,0.000,0.038,0.015,0.029,0.046,0.063,0.056,0.000,0.000,0.000,0.067,0.000,0.079,0.017,4,1,0.34804,1,1,1,60,32.0,,93.0,0,1,94,5.0,
12073347,1,2015,0.083,0.141,0.000,0.070,0.035,0.118,0.045,0.028,0.063,0.037,0.246,0.048,0.125,0.025,4,2,0.37755,1,1,1,90,26.0,5.0,,0,0,91,0.0,10.0
12076365,1,2015,0.062,0.000,0.021,0.000,0.000,0.000,0.000,0.015,0.018,0.000,0.010,0.042,0.000,0.000,4,2,0.31098,1,1,1,60,28.0,3.0,,0,0,87,50.0,69.0
12078494,1,2015,0.054,0.000,0.045,0.073,0.068,0.160,0.000,0.028,0.068,0.000,0.015,0.000,0.057,0.088,4,0,0.25000,1,1,1,80,32.0,4.0,,0,0,85,,44.0
12141028,0,2015,0.000,0.108,0.130,0.029,0.056,0.144,0.000,0.000,0.058,0.079,0.134,0.070,0.000,0.000,3,1,0.32267,1,1,1,60,,5.0,,0,0,84,22.0,16.0
12146193,1,2015,0.000,0.101,0.000,0.051,0.030,0.000,0.000,0.016,0.108,0.040,0.000,0.000,0.017,0.146,3,2,0.41156,1,1,1,80,33.0,7.0,,0,0,92,63.0,
12156512,1,2015,0.015,0.081,0.034,0.000,0.036,0.079,0.069,0.090,0.034,0.026,0.010,0.055,0.032,0.047,6,0,0.23106,1,1,1,70,35.0,,95.0,0,0,93,,
12202040,1,2015,0.000,0.000,0.050,0.017,0.000,0.000,0.000,0.000,0.018,0.000,0.000,0.029,0.000,0.000,5,1,0.49038,1,1,1,60,28.0,7.0,,0,0,89,,8.0
12213303,1,2015,0.061,0.058,0.000,0.000,0.000,0.000,0.000,0.000,0.054,0.019,0.067,0.000,0.000,0.000,1,1,0.82836,1,1,1,50,33.0,,93.0,0,0,86,47.0,
12226490,1,2015,0.000,0.108,0.014,0.046,0.050,0.072,0.000,0.000,0.075,0.044,0.000,0.048,0.000,0.000,3,1,0.30342,1,1,1,50,17.0,3.0,,0,0,90,19.0,13.0
12246803,1,2015,0.054,0.026,0.000,0.106,0.021,0.102,0.000,0.090,0.032,0.084,0.015,0.057,0.071,0.025,3,0,0.28472,1,1,1,70,24.0,4.0,,0,0,86,29.0,
12246987,1,2015,0.036,0.059,0.031,0.000,0.000,0.083,0.058,0.025,0.031,0.000,0.094,0.000,0.043,0.025,4,1,0.38258,1,1,1,70,28.0,4.0,,0,0,87,0.0,93.0
12247304,1,2015,0.069,0.095,0.044,0.094,0.029,0.060,0.051,0.057,0.056,0.030,0.000,0.000,0.023,0.025,5,1,0.30952,1,1,1,60,32.0,3.0,,0,1,89,71.0,85.0
12247315,1,2015,0.000,0.000,0.085,0.046,0.033,0.030,0.000,0.025,0.040,0.000,0.018,0.062,0.054,0.063,3,1,0.47810,1,1,1,80,33.0,5.0,,0,0,87,,17.0
12247422,1,2015,0.000,0.000,0.015,0.000,0.029,0.030,0.018,0.000,0.066,0.112,0.000,0.000,0.000,0.000,3,1,0.52597,1,1,1,60,28.0,3.0,,0,0,79,10.0,8.0
12247836,1,2015,0.082,0.122,0.000,0.056,0.055,0.131,0.000,0.028,0.037,0.096,0.077,0.051,0.051,0.025,3,2,0.39610,1,1,1,60,31.0,7.0,,0,0,88,15.0,78.0
12248052,1,2015,0.000,0.094,0.055,0.000,0.029,0.036,0.094,0.025,0.122,0.167,0.270,0.092,0.063,0.095,5,1,0.33224,1,1,1,80,34.0,4.0,,0,0,83,,21.0
12248167,1,2015,0.013,0.011,0.000,0.000,0.021,0.103,0.031,0.000,0.122,0.081,0.000,0.053,0.000,0.040,3,2,0.33178,1,1,1,70,34.0,6.0,,0,0,92,48.0,62.0
12249277,1,2015,0.000,0.061,0.000,0.065,0.151,0.086,0.000,0.068,0.080,0.025,0.000,0.057,0.034,0.080,3,1,0.44161,1,1,1,70,26.0,2.0,,0,0,82,57.0,39.0
12249526,1,2015,0.117,0.020,0.093,0.000,0.000,0.000,0.000,0.025,0.055,0.037,0.010,0.062,0.020,0.050,2,2,0.46104,1,1,1,40,22.0,2.0,,0,0,80,52.0,74.0
12249542,1,2015,0.000,0.117,0.000,0.092,0.066,0.056,0.040,0.000,0.044,0.000,0.212,0.000,0.111,0.143,2,2,0.49306,1,1,1,90,28.0,6.0,,0,1,90,62.0,88.0
12250055,1,2015,0.000,0.083,0.000,0.029,0.083,0.000,0.018,0.000,0.143,0.162,0.028,0.000,0.000,0.017,3,2,0.42361,1,1,1,70,31.0,5.0,,0,0,85,16.0,0.0
12250230,1,2015,0.000,0.000,0.000,0.000,0.000,0.000,0.000,0.000,0.024,0.165,0.000,0.030,0.078,0.027,2,2,0.51869,1,1,0,70,26.0,4.0,,0,0,0,20.0,60.0
12250260,1,2015,0.013,0.000,0.000,0.000,0.029,0.036,0.018,0.000,0.115,0.115,0.068,0.000,0.043,0.000,3,1,0.49510,1,1,1,60,34.0,2.0,,0,0,81,6.0,17.0
12250705,1,2015,0.000,0.117,0.000,0.046,0.047,0.029,0.000,0.000,0.037,0.000,0.261,0.000,0.071,0.063,2,1,0.51709,1,1,1,80,29.0,5.0,,0,0,82,0.0,0.0
12250965,1,2015,0.000,0.038,0.000,0.029,0.123,0.000,0.036,0.000,0.068,0.104,0.000,0.000,0.000,0.000,1,1,0.87500,1,1,1,70,36.0,5.0,,0,0,88,33.0,75.0
12251297,1,2015,0.000,0.000,0.000,0.014,0.021,0.032,0.018,0.096,0.024,0.030,0.000,0.000,0.000,0.032,3,1,0.35417,1,1,0,90,33.0,5.0,,0,0,0,68.0,70.0
12251341,1,2015,0.146,0.020,0.077,0.027,0.000,0.030,0.000,0.053,0.000,0.000,0.010,0.033,0.043,0.025,2,2,0.49390,1,1,1,60,33.0,4.0,,0,0,84,25.0,50.0
12251903,1,2015,0.000,0.173,0.000,0.029,0.029,0.018,0.000,0.000,0.021,0.000,0.000,0.000,0.000,0.000,1,1,0.68803,1,1,1,80,29.0,5.0,,0,0,70,13.0,0.0
12252574,1,2015,0.023,0.000,0.000,0.014,0.000,0.000,0.000,0.085,0.000,0.000,0.067,0.000,0.000,0.000,4,1,0.48810,1,1,1,70,34.0,5.0,,0,0,82,6.0,31.0
12252678,1,2015,0.000,0.079,0.017,0.000,0.132,0.086,0.104,0.000,0.060,0.077,0.067,0.035,0.045,0.015,3,1,0.47959,1,1,1,70,31.0,5.0,,0,0,89,7.0,12.0
12252731,1,2015,0.000,0.070,0.000,0.000,0.021,0.092,0.000,0.000,0.055,0.077,0.167,0.000,0.000,0.046,2,2,0.45089,1,1,1,70,36.0,6.0,,0,0,77,6.0,14.0
12252830,1,2015,0.079,0.000,0.031,0.053,0.021,0.134,0.080,0.112,0.031,0.047,0.000,0.149,0.023,0.132,3,1,0.58046,1,1,1,70,39.0,6.0,,0,0,92,58.0,89.0
12253063,1,2015,0.054,0.000,0.125,0.073,0.075,0.046,0.000,0.078,0.102,0.000,0.000,0.000,0.147,0.162,3,1,0.47810,1,1,1,90,32.0,6.0,,0,0,85,8.0,63.0
12253297,1,2015,0.054,0.026,0.065,0.058,0.036,0.146,0.018,0.059,0.050,0.077,0.066,0.057,0.068,0.062,5,0,0.27551,1,1,1,70,33.0,6.0,,0,0,85,40.0,0.0
12253416,1,2015,0.000,0.020,0.034,0.026,0.021,0.000,0.000,0.025,0.000,0.022,0.000,0.068,0.020,0.068,2,1,0.42361,1,1,0,60,34.0,4.0,,0,0,0,6.0,8.0
12254048,1,2015,0.036,0.000,0.034,0.092,0.066,0.020,0.049,0.025,0.059,0.000,0.110,0.051,0.102,0.208,3,2,0.42045,1,1,1,80,35.0,5.0,,0,0,87,56.0,78.0
12254330,1,2015,0.084,0.000,0.000,0.014,0.000,0.000,0.000,0.062,0.000,0.000,0.000,0.000,0.012,0.025,3,1,0.60714,1,1,1,60,33.0,6.0,,0,0,83,61.0,77.0
12254407,1,2015,0.015,0.058,0.051,0.000,0.000,0.000,0.016,0.054,0.078,0.049,0.376,0.033,0.088,0.000,3,1,0.33197,1,1,0,60,29.0,4.0,,0,0,0,,56.0
12254649,1,2015,0.000,0.011,0.031,0.046,0.110,0.178,0.022,0.025,0.155,0.065,0.253,0.070,0.034,0.140,4,1,0.38889,1,1,1,80,27.0,7.0,,0,0,80,,
12254696,1,2015,0.122,0.000,0.029,0.027,0.000,0.086,0.000,0.074,0.015,0.000,0.039,0.013,0.023,0.050,4,1,0.42045,1,1,1,70,28.0,3.0,,0,0,78,38.0,5.0
12254717,1,2015,0.015,0.000,0.000,0.000,0.021,0.108,0.044,0.042,0.000,0.025,0.000,0.035,0.000,0.000,3,1,0.46552,1,1,1,50,29.0,5.0,,0,0,73,24.0,7.0
12255096,1,2015,0.000,0.000,0.015,0.037,0.000,0.000,0.000,0.000,0.013,0.000,0.000,0.000,0.000,0.000,3,1,0.35965,1,1,1,70,34.0,8.0,,0,0,89,17.0,
12255149,1,2015,0.013,0.093,0.000,0.061,0.069,0.000,0.000,0.031,0.092,0.064,0.000,0.035,0.060,0.116,4,1,0.34804,1,1,1,70,28.0,6.0,,0,0,85,24.0,78.0
12255549,1,2015,0.000,0.000,0.015,0.046,0.096,0.318,0.000,0.000,0.037,0.075,0.066,0.105,0.077,0.063,3,1,0.61585,1,1,1,60,28.0,4.0,,0,0,88,0.0,36.0
12255640,1,2015,0.054,0.026,0.065,0.063,0.029,0.066,0.018,0.146,0.065,0.079,0.000,0.055,0.069,0.025,1,1,0.75234,1,1,1,70,28.0,6.0,,0,0,90,14.0,25.0
12255919,1,2015,0.000,0.000,0.000,0.049,0.000,0.000,0.000,0.016,0.000,0.000,0.000,0.000,0.000,0.000,2,1,0.64063,1,1,1,70,34.0,5.0,,0,0,86,11.0,67.0
12256414,1,2015,0.000,0.032,0.019,0.000,0.000,0.018,0.018,0.000,0.089,0.076,0.030,0.000,0.026,0.017,4,1,0.37850,1,1,1,70,40.0,8.0,,0,0,93,,17.0
12256718,1,2015,0.016,0.200,0.000,0.091,0.093,0.000,0.000,0.031,0.106,0.032,0.042,0.022,0.050,0.063,4,0,0.27551,1,1,1,60,31.0,5.0,,0,0,85,72.0,90.0
12256740,1,2015,0.082,0.000,0.000,0.086,0.000,0.036,0.016,0.029,0.000,0.027,0.027,0.000,0.154,0.000,2,1,0.58482,1,1,1,80,26.0,5.0,,0,0,77,,10.0
12256862,1,2015,0.000,0.073,0.000,0.000,0.035,0.082,0.018,0.034,0.158,0.056,0.101,0.013,0.043,0.017,4,2,0.33224,1,1,1,60,28.0,4.0,,0,0,85,53.0,
12257028,1,2015,0.015,0.021,0.000,0.000,0.000,0.000,0.016,0.029,0.000,0.046,0.000,0.000,0.026,0.019,1,1,0.71053,1,1,1,70,26.0,5.0,,0,0,86,0.0,0.0
12257579,1,2015,0.144,0.038,0.000,0.123,0.014,0.060,0.013,0.056,0.024,0.052,0.000,0.035,0.046,0.050,5,0,0.29562,1,1,1,80,27.0,7.0,,0,0,70,21.0,65.0
12258257,0,2015,0.000,0.000,0.000,0.000,0.012,0.000,0.000,0.023,0.000,0.054,0.000,0.016,0.097,0.000,3,1,0.60448,1,1,1,70,,3.0,,0,0,68,3.0,10.0
12258619,1,2015,0.012,0.026,0.000,0.015,0.021,0.045,0.031,0.031,0.000,0.026,0.000,0.070,0.000,0.077,3,0,0.26623,1,1,1,90,34.0,6.0,,0,0,85,0.0,88.0
12258853,1,2015,0.020,0.047,0.000,0.000,0.029,0.000,0.065,0.015,0.034,0.084,0.088,0.014,0.000,0.000,4,1,0.30597,1,1,1,60,27.0,6.0,,0,0,84,52.0,44.0
12259498,1,2015,0.013,0.033,0.000,0.118,0.066,0.000,0.031,0.000,0.243,0.131,0.000,0.083,0.068,0.261,3,1,0.52597,1,1,1,70,29.0,6.0,,0,0,73,0.0,
12259647,0,2015,0.064,0.000,0.000,0.000,0.064,0.014,0.034,0.029,0.152,0.104,0.069,0.000,0.000,0.055,3,1,0.37195,1,1,1,50,,3.0,,0,0,81,10.0,16.0
12259823,1,2015,0.015,0.186,0.031,0.029,0.044,0.000,0.016,0.025,0.073,0.000,0.077,0.000,0.000,0.000,3,1,0.31696,1,1,1,60,32.0,4.0,,0,0,83,,9.0
12260114,1,2015,0.054,0.000,0.031,0.200,0.171,0.062,0.018,0.188,0.075,0.000,0.000,0.000,0.091,0.307,2,2,0.54459,1,1,1,70,34.0,4.0,,0,0,77,6.0,13.0
12260452,1,2015,0.054,0.038,0.058,0.071,0.123,0.212,0.018,0.053,0.034,0.077,0.027,0.084,0.086,0.025,2,2,0.47436,1,1,1,60,25.0,2.0,,0,0,74,8.0,17.0
12260664,1,2015,0.000,0.000,0.000,0.000,0.000,0.000,0.000,0.000,0.000,0.000,0.041,0.000,0.000,0.000,2,2,0.32353,1,1,1,60,28.0,4.0,,0,0,77,40.0,54.0
12260679,1,2015,0.000,0.000,0.000,0.000,0.000,0.032,0.018,0.034,0.000,0.000,0.000,0.000,0.000,0.014,4,0,0.28378,1,1,1,70,29.0,4.0,,0,0,80,24.0,60.0
12260691,1,2015,0.000,0.117,0.079,0.017,0.042,0.205,0.058,0.050,0.031,0.050,0.240,0.103,0.020,0.000,3,1,0.36513,1,1,1,40,25.0,2.0,,0,0,73,11.0,11.0
12260943,1,2015,0.012,0.060,0.000,0.000,0.064,0.062,0.142,0.080,0.183,0.117,0.039,0.022,0.026,0.000,4,0,0.25000,1,1,1,90,30.0,7.0,,0,0,87,,
12261065,1,2015,0.054,0.000,0.000,0.128,0.054,0.030,0.058,0.028,0.046,0.056,0.000,0.000,0.088,0.125,4,2,0.31890,1,1,1,80,30.0,3.0,,0,0,76,11.0,7.0
12261223,0,2015,0.000,0.000,0.000,0.000,0.000,0.000,0.031,0.000,0.032,0.068,0.000,0.000,0.038,0.000,3,2,0.43617,1,1,1,70,,5.0,,0,0,76,20.0,7.0
12261320,1,2015,0.041,0.041,0.044,0.000,0.000,0.000,0.133,0.000,0.011,0.032,0.021,0.014,0.056,0.000,4,1,0.33224,1,1,1,70,39.0,5.0,,0,0,87,50.0,63.0
12261331,1,2015,0.054,0.000,0.000,0.099,0.050,0.134,0.036,0.153,0.034,0.077,0.000,0.035,0.054,0.025,3,1,0.49457,1,1,1,50,35.0,3.0,,0,0,72,,18.0
12261457,1,2015,0.069,0.043,0.063,0.073,0.053,0.030,0.000,0.105,0.022,0.012,0.000,0.055,0.077,0.088,4,1,0.40805,1,1,1,70,33.0,4.0,,0,0,73,,0.0
12261772,1,2015,0.000,0.023,0.000,0.000,0.000,0.000,0.000,0.021,0.000,0.000,0.021,0.000,0.000,0.000,2,1,0.55405,1,1,1,60,34.0,7.0,,0,0,90,19.0,
12261992,1,2015,0.039,0.061,0.079,0.029,0.043,0.000,0.043,0.050,0.274,0.275,0.018,0.033,0.076,0.020,4,0,0.27953,1,1,1,50,25.0,4.0,,0,0,90,37.0,48.0
12262247,1,2015,0.054,0.070,0.034,0.073,0.054,0.102,0.000,0.028,0.046,0.055,0.124,0.035,0.163,0.088,3,2,0.36161,1,1,1,60,30.0,3.0,,0,0,75,67.0,12.0
12262261,1,2015,0.028,0.067,0.058,0.000,0.062,0.000,0.000,0.025,0.037,0.063,0.077,0.049,0.048,0.020,4,1,0.31696,1,1,1,80,26.0,5.0,,0,0,83,21.0,
12262604,1,2015,0.000,0.020,0.034,0.000,0.029,0.036,0.018,0.025,0.034,0.067,0.027,0.033,0.063,0.065,4,1,0.31890,1,1,1,50,26.0,5.0,,0,0,75,94.0,89.0
12262741,1,2015,0.054,0.221,0.000,0.042,0.077,0.152,0.104,0.028,0.082,0.051,0.021,0.035,0.079,0.042,3,1,0.40988,1,1,1,60,32.0,5.0,,0,0,89,,55.0
12263018,1,2015,0.000,0.000,0.000,0.026,0.000,0.069,0.138,0.000,0.024,0.030,0.060,0.000,0.000,0.034,1,1,0.62281,1,1,1,80,26.0,3.0,,0,0,80,58.0,41.0
12263141,1,2015,0.016,0.011,0.000,0.163,0.033,0.000,0.000,0.078,0.040,0.000,0.000,0.000,0.034,0.063,2,1,0.79907,1,1,1,70,25.0,4.0,,0,0,79,29.0,
12263437,1,2015,0.015,0.011,0.045,0.092,0.054,0.072,0.000,0.041,0.127,0.044,0.000,0.035,0.034,0.063,3,1,0.37195,1,1,1,60,34.0,,93.0,0,0,87,10.0,
12263556,1,2015,0.000,0.000,0.000,0.000,0.000,0.000,0.000,0.000,0.032,0.026,0.000,0.016,0.028,0.000,4,1,0.32813,1,1,1,60,30.0,4.0,,0,0,86,38.0,80.0
12263602,1,2015,0.054,0.011,0.000,0.053,0.070,0.126,0.125,0.085,0.106,0.063,0.027,0.049,0.136,0.039,3,1,0.36161,1,1,1,70,28.0,4.0,,0,0,75,,5.0
12263680,1,2015,0.015,0.000,0.034,0.026,0.039,0.086,0.018,0.025,0.015,0.073,0.136,0.103,0.020,0.037,3,1,0.42523,1,1,1,70,26.0,5.0,,0,0,69,31.0,77.0
12264002,1,2015,0.000,0.000,0.021,0.052,0.029,0.072,0.034,0.000,0.088,0.148,0.000,0.099,0.000,0.000,3,1,0.49554,1,1,1,70,39.0,4.0,,0,0,88,11.0,11.0
12264092,1,2015,0.015,0.000,0.000,0.046,0.033,0.072,0.016,0.029,0.116,0.056,0.056,0.000,0.034,0.063,3,1,0.44022,1,1,1,80,33.0,7.0,,0,0,88,,17.0
12264610,1,2015,0.013,0.017,0.024,0.000,0.105,0.014,0.018,0.000,0.086,0.070,0.097,0.030,0.000,0.044,4,1,0.37850,1,1,1,50,30.0,5.0,,0,0,80,34.0,22.0
12264645,1,2015,0.000,0.000,0.000,0.043,0.021,0.014,0.034,0.015,0.000,0.000,0.030,0.000,0.045,0.044,4,1,0.33117,1,1,1,70,24.0,3.0,,0,0,75,,0.0
12264667,1,2015,0.000,0.094,0.062,0.050,0.000,0.041,0.022,0.157,0.062,0.000,0.134,0.000,0.000,0.000,3,1,0.52597,1,1,1,80,29.0,4.0,,0,0,81,35.0,21.0
12264794,0,2015,0.000,0.000,0.051,0.000,0.042,0.088,0.056,0.029,0.000,0.104,0.021,0.076,0.214,0.035,4,1,0.33178,1,1,1,60,,5.0,,0,0,71,32.0,20.0
12264804,1,2015,0.000,0.035,0.000,0.026,0.062,0.104,0.049,0.034,0.021,0.068,0.000,0.088,0.000,0.040,4,0,0.29902,1,1,1,40,27.0,3.0,,0,0,79,60.0,
12264829,1,2015,0.015,0.026,0.043,0.000,0.000,0.000,0.000,0.031,0.015,0.026,0.039,0.022,0.000,0.020,3,2,0.40625,1,1,1,70,32.0,5.0,,0,0,87,32.0,67.0
12264918,1,2015,0.000,0.011,0.000,0.000,0.029,0.000,0.018,0.000,0.088,0.121,0.000,0.000,0.000,0.000,2,1,0.64894,1,1,1,50,26.0,4.0,,0,0,76,7.0,36.0
12265279,1,2015,0.000,0.017,0.000,0.000,0.071,0.214,0.160,0.000,0.049,0.102,0.107,0.120,0.043,0.040,2,1,0.49554,1,1,1,50,33.0,4.0,,0,0,79,,7.0
12265610,1,2015,0.000,0.000,0.000,0.014,0.000,0.000,0.031,0.062,0.000,0.062,0.000,0.018,0.000,0.109,3,1,0.41753,1,1,1,90,32.0,4.0,,0,0,79,22.0,0.0
12265637,1,2015,0.054,0.026,0.000,0.063,0.000,0.062,0.018,0.125,0.000,0.000,0.000,0.022,0.040,0.025,3,1,0.44737,1,1,1,80,32.0,6.0,,0,0,64,,59.0
12266104,1,2015,0.000,0.038,0.127,0.029,0.014,0.000,0.074,0.000,0.000,0.000,0.000,0.000,0.045,0.000,4,1,0.30682,1,1,1,90,28.0,7.0,,0,0,91,16.0,8.0
12266362,1,2015,0.028,0.050,0.000,0.029,0.047,0.000,0.045,0.044,0.037,0.037,0.118,0.000,0.000,0.027,3,1,0.42045,1,1,1,90,27.0,6.0,,0,0,75,,28.0
12266413,1,2015,0.000,0.096,0.031,0.000,0.064,0.014,0.000,0.071,0.057,0.000,0.088,0.022,0.000,0.000,3,2,0.35057,1,1,1,90,33.0,5.0,,0,0,87,9.0,
12266470,1,2015,0.036,0.017,0.031,0.000,0.062,0.072,0.000,0.025,0.031,0.037,0.018,0.065,0.014,0.052,3,1,0.37295,1,1,1,90,30.0,6.0,,0,0,84,,29.0
12266696,1,2015,0.099,0.000,0.050,0.000,0.000,0.000,0.000,0.000,0.055,0.037,0.000,0.059,0.047,0.027,3,1,0.47436,1,1,1,50,35.0,5.0,,0,0,83,12.0,0.0
12267210,1,2015,0.000,0.034,0.000,0.000,0.040,0.036,0.000,0.000,0.054,0.019,0.106,0.043,0.000,0.027,4,1,0.44022,1,1,1,80,29.0,5.0,,0,0,82,37.0,0.0
12267252,1,2015,0.031,0.094,0.049,0.093,0.029,0.036,0.097,0.132,0.049,0.052,0.230,0.033,0.094,0.068,4,1,0.30682,1,1,1,60,39.0,4.0,,0,0,82,47.0,83.0
12267319,1,2015,0.000,0.035,0.034,0.000,0.092,0.014,0.013,0.025,0.111,0.078,0.000,0.049,0.065,0.078,5,0,0.25000,1,1,1,90,31.0,5.0,,0,0,92,,
12267954,1,2015,0.000,0.000,0.149,0.117,0.048,0.000,0.000,0.150,0.022,0.022,0.000,0.101,0.074,0.063,3,2,0.47196,1,1,1,70,34.0,3.0,,0,0,75,99.0,40.0
12268577,1,2015,0.000,0.000,0.000,0.000,0.055,0.000,0.018,0.000,0.049,0.052,0.039,0.000,0.000,0.000,2,1,0.52299,1,1,1,50,34.0,6.0,,0,0,86,46.0,25.0
12268605,1,2015,0.000,0.000,0.029,0.033,0.050,0.098,0.065,0.125,0.057,0.015,0.028,0.044,0.084,0.027,3,3,0.30682,1,1,1,60,26.0,3.0,,0,0,86,,56.0
12268747,1,2015,0.013,0.000,0.035,0.043,0.021,0.212,0.112,0.034,0.079,0.107,0.124,0.082,0.074,0.057,4,1,0.31890,1,1,1,70,33.0,7.0,,0,0,91,,
12268862,1,2015,0.054,0.052,0.017,0.073,0.033,0.030,0.000,0.053,0.066,0.026,0.000,0.000,0.173,0.088,3,1,0.58046,1,1,1,80,17.0,4.0,,0,0,79,,75.0
12269061,1,2015,0.015,0.011,0.000,0.046,0.178,0.036,0.036,0.000,0.144,0.123,0.109,0.000,0.077,0.080,3,2,0.38258,1,1,1,60,25.0,6.0,,0,0,86,17.0,39.0
12269311,1,2015,0.177,0.020,0.048,0.112,0.029,0.060,0.049,0.081,0.071,0.089,0.031,0.090,0.097,0.077,4,1,0.34470,1,1,1,60,33.0,4.0,,0,0,82,65.0,14.0
12269421,1,2015,0.013,0.047,0.015,0.000,0.085,0.094,0.080,0.034,0.107,0.167,0.127,0.000,0.000,0.143,4,0,0.26894,1,1,1,50,29.0,3.0,,0,0,75,24.0,0.0
12269671,1,2015,0.015,0.011,0.129,0.031,0.000,0.000,0.016,0.104,0.062,0.000,0.067,0.033,0.020,0.000,2,1,0.47638,1,1,1,70,34.0,6.0,,0,0,86,31.0,15.0
12269852,1,2015,0.015,0.000,0.000,0.056,0.029,0.000,0.034,0.029,0.034,0.074,0.000,0.035,0.000,0.000,2,1,0.53509,1,1,1,80,32.0,6.0,,0,0,84,22.0,71.0
12269937,1,2015,0.015,0.000,0.017,0.000,0.000,0.032,0.059,0.063,0.000,0.000,0.000,0.016,0.146,0.000,4,1,0.37195,1,1,1,60,29.0,5.0,,0,0,87,0.0,8.0
12270151,1,2015,0.067,0.000,0.000,0.027,0.036,0.150,0.000,0.028,0.111,0.140,0.000,0.062,0.023,0.025,3,2,0.36161,1,1,1,70,28.0,5.0,,0,0,84,31.0,72.0
12270204,1,2015,0.108,0.000,0.000,0.150,0.075,0.096,0.000,0.095,0.040,0.042,0.027,0.000,0.165,0.176,5,1,0.46127,1,1,1,60,27.0,4.0,,0,0,77,37.0,40.0
12270240,1,2015,0.015,0.113,0.051,0.000,0.072,0.036,0.000,0.025,0.057,0.000,0.097,0.078,0.077,0.027,3,1,0.34615,1,1,1,90,31.0,8.0,,0,0,92,56.0,
12270367,1,2015,0.013,0.058,0.150,0.015,0.035,0.014,0.000,0.000,0.135,0.056,0.067,0.000,0.000,0.017,4,0,0.25000,1,1,1,70,31.0,3.0,,0,0,78,44.0,22.0
12270402,1,2015,0.013,0.000,0.014,0.089,0.033,0.000,0.056,0.000,0.101,0.099,0.103,0.018,0.121,0.103,3,2,0.38587,1,1,1,70,28.0,5.0,,0,0,85,,15.0
12270600,1,2015,0.013,0.000,0.034,0.000,0.029,0.000,0.018,0.025,0.107,0.156,0.000,0.033,0.046,0.014,2,1,0.57787,1,1,1,60,29.0,4.0,,0,0,81,32.0,33.0
12270826,1,2015,0.000,0.123,0.000,0.000,0.056,0.018,0.000,0.031,0.078,0.061,0.000,0.038,0.067,0.042,4,1,0.43162,1,1,1,70,33.0,,93.0,0,0,69,45.0,67.0
12270966,1,2015,0.036,0.047,0.000,0.000,0.000,0.032,0.018,0.049,0.000,0.000,0.067,0.000,0.000,0.025,3,1,0.42361,1,1,1,50,20.0,,93.0,0,0,65,0.0,4.0
12271081,1,2015,0.016,0.047,0.019,0.019,0.021,0.013,0.000,0.041,0.061,0.060,0.067,0.000,0.000,0.031,5,1,0.35563,1,1,1,70,32.0,4.0,,0,0,85,52.0,25.0
12271183,0,2015,0.000,0.021,0.050,0.072,0.103,0.028,0.000,0.025,0.169,0.048,0.000,0.067,0.034,0.063,2,2,0.49554,1,1,1,70,,3.0,,0,0,81,0.0,32.0
12271253,1,2015,0.108,0.040,0.029,0.208,0.108,0.168,0.000,0.072,0.098,0.098,0.064,0.086,0.185,0.176,5,0,0.25000,1,1,1,60,28.0,4.0,,0,0,82,4.0,0.0
12271354,1,2015,0.171,0.059,0.045,0.027,0.000,0.030,0.045,0.074,0.063,0.026,0.067,0.000,0.023,0.080,2,1,0.62409,1,1,1,90,30.0,4.0,,0,0,77,62.0,85.0
12271520,1,2015,0.106,0.020,0.029,0.159,0.054,0.030,0.046,0.028,0.022,0.000,0.067,0.078,0.131,0.177,4,1,0.37755,1,1,1,70,32.0,4.0,,0,0,81,,9.0
12271558,1,2015,0.000,0.000,0.058,0.000,0.015,0.000,0.031,0.025,0.000,0.000,0.000,0.064,0.020,0.040,4,1,0.31443,1,1,1,50,28.0,6.0,,0,0,85,87.0,95.0
12271666,1,2015,0.000,0.011,0.000,0.065,0.033,0.000,0.036,0.016,0.022,0.027,0.060,0.030,0.060,0.156,2,1,0.60448,1,1,1,50,33.0,3.0,,0,0,86,18.0,15.0
12271668,1,2015,0.000,0.049,0.000,0.000,0.014,0.020,0.200,0.000,0.024,0.049,0.018,0.018,0.000,0.061,4,1,0.39085,1,1,1,50,29.0,4.0,,0,0,76,34.0,45.0
12271678,1,2015,0.016,0.000,0.000,0.000,0.000,0.036,0.000,0.015,0.031,0.079,0.138,0.000,0.043,0.000,2,1,0.53509,1,1,1,50,34.0,5.0,,0,0,76,0.0,5.0
12271816,1,2015,0.038,0.011,0.014,0.034,0.000,0.036,0.034,0.106,0.101,0.045,0.163,0.000,0.043,0.017,3,1,0.43701,1,1,1,70,28.0,5.0,,0,0,81,67.0,25.0
12271849,1,2015,0.000,0.000,0.034,0.000,0.000,0.000,0.000,0.025,0.015,0.000,0.039,0.046,0.020,0.000,2,2,0.49306,1,1,1,80,33.0,3.0,,0,0,86,,39.0
12271886,1,2015,0.092,0.011,0.127,0.046,0.068,0.014,0.031,0.000,0.131,0.019,0.067,0.047,0.046,0.145,4,0,0.29562,1,1,1,80,25.0,4.0,,0,0,85,77.0,79.0
12271895,1,2015,0.016,0.000,0.000,0.046,0.033,0.000,0.045,0.000,0.022,0.000,0.000,0.000,0.034,0.063,3,1,0.54255,1,1,1,70,25.0,4.0,,0,0,84,5.0,45.0
12272094,1,2015,0.013,0.038,0.045,0.121,0.179,0.088,0.000,0.000,0.099,0.077,0.041,0.094,0.068,0.143,3,1,0.43162,1,1,1,90,27.0,7.0,,0,0,89,65.0,
12272150,1,2015,0.000,0.207,0.000,0.087,0.092,0.014,0.018,0.000,0.060,0.000,0.030,0.080,0.028,0.057,3,1,0.54762,1,1,1,90,28.0,5.0,,0,0,91,28.0,13.0
12272198,1,2015,0.054,0.029,0.000,0.027,0.000,0.030,0.015,0.028,0.000,0.000,0.000,0.064,0.035,0.025,3,0,0.23134,1,1,1,70,29.0,4.0,,0,0,84,43.0,44.0
12272808,1,2015,0.000,0.026,0.031,0.019,0.050,0.072,0.018,0.072,0.108,0.179,0.049,0.073,0.000,0.000,3,1,0.54412,1,1,1,80,26.0,4.0,,0,0,80,78.0,0.0
12273432,1,2015,0.013,0.081,0.019,0.012,0.030,0.036,0.000,0.000,0.153,0.056,0.000,0.000,0.000,0.032,2,1,0.62946,1,1,1,80,33.0,4.0,,0,0,88,26.0,73.0
12273463,1,2015,0.054,0.081,0.000,0.027,0.049,0.102,0.062,0.028,0.000,0.012,0.054,0.084,0.137,0.122,4,0,0.24150,1,1,1,80,27.0,6.0,,0,0,82,30.0,
12273467,1,2015,0.013,0.000,0.021,0.000,0.000,0.013,0.000,0.000,0.109,0.067,0.078,0.029,0.000,0.000,4,1,0.33117,1,1,1,70,29.0,4.0,,0,0,83,60.0,38.0
12273510,1,2015,0.036,0.000,0.000,0.046,0.091,0.036,0.036,0.000,0.108,0.104,0.094,0.030,0.122,0.088,3,1,0.39706,1,1,1,70,35.0,4.0,,0,0,77,14.0,21.0
12273517,1,2015,0.000,0.000,0.000,0.000,0.000,0.000,0.031,0.013,0.000,0.000,0.000,0.018,0.000,0.040,4,0,0.22340,1,1,1,80,26.0,6.0,,0,0,79,74.0,0.0
12273849,1,2015,0.069,0.011,0.069,0.070,0.011,0.080,0.000,0.053,0.072,0.019,0.000,0.062,0.074,0.042,6,0,0.21479,1,1,1,70,24.0,3.0,,0,0,91,70.0,92.0
12273936,1,2015,0.168,0.047,0.014,0.066,0.000,0.060,0.109,0.085,0.055,0.052,0.108,0.049,0.046,0.130,3,2,0.36513,1,1,1,60,32.0,5.0,,0,0,82,21.0,
12274009,1,2015,0.036,0.000,0.000,0.154,0.066,0.021,0.000,0.000,0.059,0.019,0.039,0.060,0.068,0.205,3,1,0.33152,1,1,1,60,35.0,5.0,,0,0,85,57.0,93.0
12274056,1,2015,0.042,0.000,0.062,0.000,0.042,0.184,0.000,0.050,0.099,0.087,0.000,0.102,0.000,0.000,3,1,0.33178,1,1,1,60,25.0,4.0,,0,0,82,22.0,17.0
12274192,1,2015,0.000,0.000,0.000,0.000,0.000,0.000,0.025,0.000,0.032,0.062,0.000,0.000,0.070,0.030,3,1,0.54255,1,1,1,50,34.0,2.0,,0,0,75,,
12274326,1,2015,0.054,0.000,0.059,0.027,0.088,0.132,0.000,0.028,0.000,0.025,0.000,0.051,0.108,0.025,3,1,0.34804,1,1,1,60,32.0,7.0,,0,0,82,53.0,56.0
12274356,1,2015,0.015,0.052,0.057,0.014,0.131,0.000,0.067,0.062,0.122,0.202,0.042,0.018,0.000,0.061,5,0,0.20902,1,1,1,60,27.0,5.0,,0,0,72,,33.0
12274390,1,2015,0.015,0.000,0.014,0.000,0.000,0.000,0.000,0.000,0.015,0.000,0.039,0.000,0.000,0.000,3,2,0.35965,1,1,1,80,28.0,,92.0,0,0,77,3.0,30.0
12274456,1,2015,0.000,0.073,0.241,0.014,0.012,0.032,0.018,0.167,0.018,0.000,0.067,0.084,0.110,0.000,2,1,0.67323,1,1,0,90,33.0,5.0,,0,0,0,,18.0
12274673,1,2015,0.000,0.000,0.000,0.135,0.066,0.072,0.000,0.000,0.044,0.081,0.054,0.032,0.319,0.126,3,1,0.39764,1,1,1,70,30.0,4.0,,0,0,86,47.0,44.0
12274883,1,2015,0.074,0.011,0.034,0.014,0.000,0.032,0.034,0.150,0.052,0.037,0.106,0.033,0.020,0.000,3,1,0.52062,1,1,1,50,33.0,4.0,,0,0,87,25.0,26.0
12274903,1,2015,0.000,0.000,0.031,0.012,0.032,0.036,0.103,0.025,0.031,0.000,0.027,0.000,0.167,0.017,4,0,0.26894,1,1,0,60,33.0,3.0,,0,0,0,7.0,0.0
12274989,1,2015,0.000,0.035,0.015,0.046,0.090,0.072,0.057,0.000,0.055,0.039,0.000,0.035,0.034,0.080,4,0,0.29934,1,1,1,50,30.0,4.0,,0,0,68,,12.0
12275218,1,2015,0.000,0.064,0.067,0.029,0.035,0.000,0.018,0.056,0.049,0.022,0.030,0.124,0.000,0.071,5,0,0.24016,1,1,1,40,29.0,5.0,,0,0,86,23.0,
12275693,1,2015,0.027,0.017,0.014,0.000,0.020,0.000,0.000,0.000,0.000,0.012,0.067,0.030,0.000,0.027,3,1,0.49621,1,1,1,50,23.0,4.0,,0,0,84,61.0,83.0
12275755,1,2015,0.000,0.000,0.000,0.000,0.056,0.059,0.043,0.034,0.026,0.000,0.000,0.000,0.056,0.059,4,1,0.45833,1,1,1,90,35.0,4.0,,0,0,85,0.0,23.0
12275770,1,2015,0.085,0.000,0.043,0.027,0.042,0.195,0.076,0.028,0.000,0.050,0.000,0.083,0.039,0.025,4,0,0.29098,1,1,1,50,36.0,6.0,,0,0,84,0.0,25.0
12275909,1,2015,0.000,0.000,0.000,0.020,0.000,0.000,0.000,0.000,0.000,0.000,0.000,0.000,0.000,0.000,2,2,0.32353,1,1,1,50,29.0,4.0,,0,0,73,18.0,7.0
12275995,1,2015,0.054,0.038,0.000,0.107,0.014,0.050,0.085,0.044,0.032,0.107,0.030,0.030,0.049,0.083,4,0,0.26289,1,1,1,60,27.0,6.0,,0,1,90,0.0,56.0
12275998,1,2015,0.015,0.120,0.055,0.000,0.073,0.020,0.052,0.054,0.107,0.131,0.041,0.062,0.046,0.000,3,1,0.45833,1,1,1,80,34.0,7.0,,0,0,91,17.0,40.0
12276408,1,2015,0.036,0.141,0.000,0.118,0.047,0.000,0.025,0.000,0.076,0.033,0.000,0.000,0.121,0.150,4,1,0.45833,1,1,1,80,29.0,4.0,,0,0,84,49.0,55.0
12276553,1,2015,0.000,0.000,0.000,0.000,0.000,0.000,0.041,0.015,0.000,0.000,0.000,0.000,0.056,0.000,2,1,0.49194,1,1,0,50,26.0,6.0,,0,0,0,35.0,17.0
12276675,1,2015,0.000,0.000,0.015,0.000,0.029,0.000,0.047,0.000,0.000,0.000,0.067,0.000,0.000,0.000,2,2,0.57258,1,1,1,60,33.0,2.0,,0,0,79,18.0,17.0
12276864,1,2015,0.012,0.011,0.000,0.046,0.110,0.086,0.000,0.000,0.102,0.044,0.000,0.035,0.034,0.077,2,1,0.59091,1,1,1,60,32.0,6.0,,0,0,86,,68.0
12277002,0,2015,0.000,0.000,0.068,0.000,0.029,0.000,0.000,0.050,0.000,0.000,0.000,0.080,0.040,0.000,2,1,0.46382,1,1,1,90,,5.0,,0,0,77,39.0,6.0
12277160,0,2015,0.015,0.037,0.000,0.000,0.014,0.000,0.000,0.000,0.033,0.000,0.049,0.014,0.014,0.000,3,1,0.37850,1,1,1,50,,,93.0,0,0,78,24.0,23.0
12277303,1,2015,0.000,0.026,0.031,0.014,0.029,0.000,0.121,0.160,0.065,0.089,0.000,0.040,0.112,0.040,4,1,0.33197,1,1,1,60,27.0,3.0,,0,0,81,3.0,4.0
12277471,1,2015,0.000,0.000,0.000,0.000,0.000,0.000,0.025,0.000,0.000,0.000,0.000,0.000,0.070,0.000,2,1,0.75532,1,1,1,80,29.0,5.0,,0,0,86,0.0,25.0
12277543,1,2015,0.000,0.000,0.107,0.015,0.021,0.108,0.031,0.054,0.000,0.052,0.027,0.086,0.134,0.086,3,1,0.33197,1,1,1,60,34.0,7.0,,0,0,89,23.0,50.0
12277715,1,2015,0.000,0.099,0.000,0.000,0.050,0.000,0.049,0.000,0.067,0.052,0.127,0.018,0.000,0.057,3,1,0.45210,1,1,1,80,28.0,3.0,,0,0,86,85.0,75.0
12277972,1,2015,0.054,0.000,0.000,0.027,0.000,0.082,0.018,0.062,0.000,0.000,0.000,0.000,0.023,0.025,2,1,0.44737,1,1,1,90,27.0,2.0,,0,0,82,48.0,27.0
12278472,1,2015,0.130,0.058,0.048,0.132,0.082,0.030,0.000,0.076,0.022,0.027,0.010,0.087,0.103,0.140,3,2,0.30682,1,1,1,70,35.0,7.0,,0,0,87,10.0,73.0
12278503,1,2015,0.000,0.021,0.000,0.084,0.033,0.036,0.029,0.000,0.022,0.000,0.027,0.000,0.094,0.063,3,1,0.46104,1,1,1,70,33.0,4.0,,0,0,83,32.0,50.0
12278728,1,2015,0.023,0.029,0.000,0.014,0.020,0.000,0.000,0.062,0.079,0.087,0.049,0.000,0.000,0.030,3,2,0.31098,1,1,1,70,32.0,3.0,,0,0,75,84.0,28.0
12278985,1,2015,0.000,0.038,0.034,0.065,0.014,0.000,0.000,0.041,0.000,0.000,0.000,0.090,0.048,0.000,3,1,0.67683,1,1,1,90,34.0,3.0,,0,0,78,79.0,61.0
12279400,1,2015,0.040,0.000,0.014,0.086,0.042,0.000,0.000,0.000,0.037,0.074,0.000,0.035,0.000,0.054,2,1,0.51869,1,1,1,80,33.0,6.0,,0,0,87,63.0,89.0
12279401,1,2015,0.074,0.026,0.000,0.000,0.000,0.000,0.000,0.060,0.031,0.047,0.049,0.038,0.028,0.019,3,2,0.36513,1,1,1,70,33.0,5.0,,0,0,86,18.0,27.0
12279453,1,2015,0.000,0.000,0.000,0.026,0.000,0.000,0.000,0.023,0.000,0.054,0.021,0.049,0.000,0.000,3,1,0.48438,1,1,1,70,32.0,3.0,,0,0,85,62.0,57.0
12279612,1,2015,0.000,0.000,0.034,0.048,0.021,0.137,0.000,0.041,0.000,0.025,0.134,0.068,0.020,0.000,3,1,0.53689,1,1,0,80,28.0,3.0,,0,0,0,18.0,55.0
12279635,1,2015,0.015,0.020,0.034,0.145,0.066,0.000,0.000,0.041,0.044,0.000,0.010,0.047,0.102,0.126,3,1,0.41393,1,1,1,80,31.0,3.0,,0,0,78,5.0,0.0
12279684,1,2015,0.023,0.111,0.082,0.000,0.000,0.000,0.000,0.000,0.043,0.026,0.067,0.000,0.000,0.000,4,1,0.37295,1,1,1,70,30.0,5.0,,0,0,79,0.0,8.0
12805848,1,2015,0.000,0.000,0.000,0.046,0.033,0.000,0.000,0.000,0.054,0.026,0.000,0.000,0.050,0.082,3,1,0.38060,1,1,1,90,29.0,5.0,,0,0,82,67.0,64.0
12806076,1,2015,0.000,0.190,0.014,0.000,0.033,0.081,0.043,0.034,0.021,0.000,0.088,0.000,0.070,0.000,3,1,0.46382,1,1,0,60,26.0,5.0,,0,0,0,,
12806135,1,2015,0.000,0.000,0.000,0.040,0.029,0.000,0.043,0.062,0.058,0.104,0.000,0.035,0.056,0.000,3,0,0.27193,1,1,1,60,21.0,4.0,,0,0,74,,17.0
12807342,1,2015,0.027,0.020,0.000,0.000,0.035,0.034,0.000,0.021,0.026,0.000,0.010,0.000,0.026,0.000,3,0,0.27717,1,1,0,80,32.0,3.0,,0,0,0,55.0,18.0
12807355,1,2015,0.000,0.011,0.029,0.015,0.058,0.000,0.083,0.000,0.146,0.153,0.000,0.032,0.000,0.040,3,1,0.39610,1,1,1,60,27.0,4.0,,0,0,81,56.0,54.0
12808223,0,2015,0.015,0.029,0.060,0.052,0.082,0.014,0.016,0.054,0.057,0.044,0.000,0.116,0.000,0.000,4,0,0.25912,1,1,1,40,,,92.0,0,0,75,10.0,0.0
12809801,1,2015,0.000,0.096,0.019,0.115,0.029,0.000,0.000,0.000,0.021,0.022,0.000,0.035,0.031,0.000,4,0,0.28521,1,1,1,90,40.0,6.0,,0,0,89,99.0,99.0
12810062,1,2015,0.000,0.000,0.000,0.012,0.000,0.000,0.018,0.000,0.000,0.000,0.030,0.000,0.000,0.081,2,1,0.71053,1,1,1,80,33.0,6.0,,0,0,86,36.0,
12810099,1,2015,0.082,0.000,0.043,0.058,0.000,0.098,0.071,0.062,0.037,0.059,0.109,0.000,0.078,0.025,3,0,0.22768,1,1,1,50,31.0,6.0,,0,0,90,,
12810101,1,2015,0.000,0.023,0.030,0.000,0.000,0.000,0.000,0.000,0.000,0.000,0.021,0.000,0.000,0.000,2,1,0.63732,1,1,1,70,33.0,4.0,,0,0,88,20.0,42.0
12810104,1,2015,0.090,0.035,0.024,0.177,0.158,0.030,0.000,0.053,0.137,0.030,0.000,0.000,0.125,0.239,4,1,0.32042,1,1,1,70,24.0,4.0,,0,0,78,57.0,0.0
12810193,1,2015,0.054,0.104,0.015,0.119,0.139,0.060,0.018,0.059,0.179,0.082,0.077,0.066,0.091,0.218,4,0,0.29934,1,1,1,90,38.0,4.0,,0,0,87,,57.0
12810243,1,2015,0.036,0.020,0.000,0.000,0.032,0.061,0.018,0.034,0.000,0.000,0.000,0.000,0.000,0.063,3,1,0.35057,1,1,1,60,33.0,6.0,,0,0,83,62.0,23.0
12810290,1,2015,0.016,0.000,0.000,0.000,0.029,0.000,0.045,0.015,0.015,0.000,0.039,0.000,0.000,0.000,2,2,0.55488,1,1,1,70,32.0,5.0,,0,0,81,11.0,0.0
12810302,1,2015,0.000,0.061,0.034,0.092,0.081,0.032,0.043,0.090,0.065,0.021,0.000,0.055,0.161,0.190,2,1,0.45089,1,1,1,80,28.0,5.0,,0,0,80,0.0,18.0
12810358,1,2015,0.013,0.000,0.000,0.089,0.062,0.000,0.018,0.021,0.125,0.134,0.000,0.000,0.065,0.063,2,2,0.41129,1,1,1,50,28.0,5.0,,0,0,83,22.0,0.0
12810765,1,2015,0.103,0.000,0.000,0.041,0.015,0.044,0.031,0.090,0.037,0.090,0.000,0.000,0.086,0.070,4,1,0.31696,1,1,1,90,33.0,5.0,,0,0,85,16.0,15.0
12810888,1,2015,0.015,0.066,0.021,0.000,0.000,0.072,0.000,0.031,0.018,0.027,0.036,0.094,0.026,0.040,5,0,0.22768,1,1,1,60,26.0,4.0,,0,0,77,14.0,0.0
12810914,1,2015,0.012,0.017,0.019,0.072,0.111,0.000,0.058,0.000,0.123,0.182,0.116,0.000,0.034,0.063,3,1,0.34615,1,1,1,80,31.0,4.0,,0,0,74,26.0,3.0
12811227,1,2015,0.000,0.000,0.000,0.000,0.000,0.000,0.000,0.000,0.043,0.015,0.028,0.000,0.000,0.085,2,1,0.58654,1,1,1,80,35.0,6.0,,0,0,88,6.0,8.0
12811297,1,2015,0.031,0.000,0.123,0.046,0.062,0.000,0.000,0.075,0.115,0.014,0.000,0.000,0.034,0.091,4,0,0.29098,1,1,1,80,34.0,5.0,,0,0,88,48.0,
12811372,1,2015,0.015,0.000,0.014,0.020,0.000,0.000,0.016,0.029,0.000,0.027,0.000,0.000,0.026,0.000,4,1,0.48810,1,1,1,40,25.0,5.0,,0,0,82,37.0,21.0
12811966,1,2015,0.000,0.035,0.104,0.000,0.100,0.090,0.018,0.046,0.112,0.052,0.000,0.000,0.000,0.049,3,1,0.43701,1,1,1,60,33.0,4.0,,0,0,87,,58.0
12812656,1,2015,0.036,0.011,0.014,0.000,0.029,0.000,0.018,0.000,0.169,0.187,0.049,0.000,0.000,0.025,2,2,0.58046,1,1,1,70,39.0,7.0,,0,0,82,7.0,16.0
12812701,1,2015,0.000,0.020,0.108,0.138,0.099,0.000,0.000,0.025,0.084,0.000,0.000,0.094,0.122,0.242,4,0,0.29310,1,1,1,70,29.0,4.0,,0,0,93,5.0,23.0
12813158,1,2015,0.000,0.000,0.030,0.000,0.000,0.066,0.000,0.000,0.031,0.015,0.073,0.016,0.057,0.000,3,1,0.49554,1,1,1,70,28.0,6.0,,0,0,92,,0.0
12813218,1,2015,0.000,0.017,0.036,0.000,0.020,0.000,0.000,0.000,0.077,0.027,0.163,0.029,0.000,0.000,4,0,0.28505,1,1,1,70,28.0,5.0,,0,0,85,27.0,21.0
12813349,1,2015,0.017,0.037,0.034,0.000,0.107,0.036,0.054,0.038,0.134,0.222,0.000,0.033,0.020,0.021,3,1,0.43162,1,1,1,60,34.0,3.0,,0,0,77,5.0,42.0
12813497,1,2015,0.016,0.000,0.029,0.000,0.021,0.000,0.000,0.000,0.000,0.027,0.000,0.045,0.026,0.000,4,1,0.34804,1,1,1,90,30.0,4.0,,0,0,83,57.0,43.0
12813850,1,2015,0.071,0.000,0.000,0.027,0.000,0.030,0.000,0.080,0.000,0.000,0.000,0.025,0.023,0.044,4,1,0.35965,1,1,1,70,34.0,4.0,,0,0,76,0.0,18.0
12814123,1,2015,0.056,0.000,0.000,0.014,0.000,0.016,0.025,0.062,0.018,0.000,0.000,0.032,0.124,0.025,4,1,0.33197,1,1,1,70,24.0,3.0,,0,0,78,82.0,77.0
12814330,1,2015,0.052,0.000,0.000,0.000,0.000,0.000,0.000,0.000,0.031,0.015,0.028,0.000,0.000,0.000,3,1,0.41892,1,1,1,70,33.0,2.0,,0,0,75,,0.0
12814664,1,2015,0.000,0.000,0.050,0.026,0.000,0.016,0.031,0.000,0.018,0.022,0.000,0.109,0.000,0.040,1,1,0.75373,1,1,1,50,27.0,4.0,,0,0,88,33.0,50.0
12814848,0,2015,0.000,0.020,0.031,0.026,0.021,0.072,0.038,0.055,0.031,0.047,0.000,0.070,0.000,0.021,4,0,0.28472,1,1,1,60,,4.0,,0,0,79,15.0,7.0
12814898,1,2015,0.000,0.000,0.034,0.000,0.050,0.064,0.000,0.025,0.118,0.030,0.267,0.033,0.063,0.030,1,1,0.61215,1,1,1,80,31.0,3.0,,0,0,85,25.0,6.0
12815234,1,2015,0.000,0.095,0.034,0.019,0.021,0.106,0.182,0.085,0.000,0.025,0.000,0.108,0.020,0.040,4,0,0.25912,1,1,1,80,26.0,3.0,,0,0,80,38.0,
12815270,1,2015,0.000,0.150,0.000,0.000,0.015,0.000,0.016,0.015,0.021,0.027,0.000,0.043,0.038,0.027,2,1,0.57197,1,1,1,50,33.0,6.0,,0,0,77,,9.0
12815466,1,2015,0.013,0.000,0.000,0.138,0.120,0.036,0.000,0.023,0.103,0.069,0.048,0.000,0.159,0.203,3,1,0.33117,1,1,1,60,29.0,3.0,,0,0,77,,0.0
12815501,1,2015,0.067,0.048,0.029,0.136,0.199,0.252,0.022,0.059,0.219,0.132,0.000,0.092,0.091,0.200,4,1,0.30682,1,1,1,80,32.0,5.0,,0,0,86,18.0,19.0
12815556,1,2015,0.000,0.000,0.000,0.137,0.075,0.180,0.000,0.053,0.022,0.050,0.042,0.070,0.108,0.063,3,1,0.46552,1,1,1,90,25.0,8.0,,0,0,83,54.0,38.0
12816234,1,2015,0.067,0.000,0.015,0.073,0.083,0.221,0.067,0.062,0.124,0.182,0.158,0.053,0.116,0.142,3,2,0.35827,1,1,1,90,28.0,6.0,,0,0,82,47.0,11.0
12816327,1,2015,0.000,0.076,0.000,0.151,0.028,0.000,0.000,0.078,0.000,0.000,0.009,0.000,0.031,0.019,4,1,0.49390,1,1,1,50,26.0,5.0,,0,0,82,28.0,38.0
12816560,1,2015,0.020,0.000,0.000,0.014,0.000,0.000,0.000,0.075,0.000,0.000,0.000,0.046,0.040,0.046,3,0,0.25000,1,1,1,80,24.0,7.0,,0,0,87,93.0,24.0
12816615,1,2015,0.000,0.029,0.088,0.060,0.000,0.000,0.000,0.050,0.046,0.000,0.039,0.000,0.031,0.000,4,1,0.40805,1,1,1,80,24.0,5.0,,0,0,83,75.0,75.0
12816644,1,2015,0.000,0.000,0.031,0.026,0.015,0.014,0.075,0.000,0.000,0.033,0.021,0.000,0.230,0.000,2,1,0.59091,1,1,1,60,26.0,2.0,,0,0,78,84.0,19.0
12816742,0,2015,0.016,0.000,0.031,0.036,0.000,0.000,0.000,0.062,0.036,0.000,0.000,0.000,0.061,0.000,3,1,0.47638,1,1,1,80,,3.0,,0,0,78,67.0,29.0
12816836,1,2015,0.000,0.038,0.000,0.048,0.035,0.072,0.000,0.016,0.000,0.052,0.000,0.035,0.026,0.019,3,1,0.46382,1,1,1,60,28.0,4.0,,0,0,82,24.0,17.0
12816855,1,2015,0.020,0.232,0.000,0.000,0.000,0.000,0.000,0.031,0.031,0.015,0.053,0.038,0.028,0.000,4,1,0.46127,1,1,1,80,25.0,5.0,,0,0,75,,22.0
12816877,1,2015,0.054,0.022,0.000,0.087,0.062,0.030,0.018,0.090,0.195,0.105,0.028,0.000,0.057,0.088,2,1,0.39610,1,1,1,70,30.0,4.0,,0,0,88,38.0,83.0
12816883,1,2015,0.067,0.046,0.017,0.119,0.081,0.030,0.031,0.028,0.168,0.056,0.000,0.018,0.136,0.224,2,2,0.41753,1,1,1,90,27.0,2.0,,0,0,82,68.0,82.0
12817602,1,2015,0.000,0.058,0.049,0.026,0.021,0.142,0.000,0.025,0.054,0.145,0.109,0.103,0.020,0.000,3,2,0.41753,1,1,1,60,25.0,4.0,,0,0,89,50.0,75.0
12817656,1,2015,0.013,0.058,0.065,0.000,0.021,0.108,0.045,0.050,0.122,0.081,0.067,0.109,0.020,0.000,3,1,0.47810,1,1,0,70,31.0,5.0,,0,0,0,32.0,0.0
12817786,1,2015,0.000,0.000,0.074,0.000,0.021,0.072,0.045,0.025,0.038,0.025,0.142,0.097,0.020,0.000,2,1,0.55488,1,1,1,40,32.0,7.0,,0,0,85,,0.0
12818154,1,2015,0.054,0.000,0.000,0.027,0.042,0.030,0.018,0.028,0.000,0.000,0.069,0.030,0.023,0.142,2,2,0.52985,1,1,1,80,32.0,6.0,,0,0,86,24.0,40.0
12818357,1,2015,0.000,0.034,0.014,0.082,0.073,0.000,0.000,0.042,0.040,0.051,0.000,0.000,0.060,0.095,2,1,0.43519,1,1,1,80,27.0,4.0,,0,0,86,17.0,28.0
12818818,1,2015,0.000,0.000,0.000,0.000,0.042,0.128,0.022,0.000,0.031,0.070,0.055,0.035,0.043,0.027,3,1,0.62371,1,1,1,80,32.0,5.0,,0,0,84,8.0,29.0
12819553,1,2015,0.016,0.059,0.017,0.000,0.021,0.108,0.025,0.000,0.000,0.025,0.094,0.035,0.176,0.030,2,1,0.53689,1,1,1,70,35.0,5.0,,0,0,87,7.0,
12819570,1,2015,0.000,0.000,0.000,0.000,0.077,0.158,0.000,0.000,0.126,0.168,0.000,0.070,0.000,0.000,2,1,0.56250,1,1,1,40,35.0,8.0,,0,0,85,,
12819689,1,2015,0.067,0.215,0.000,0.027,0.075,0.046,0.000,0.028,0.058,0.049,0.129,0.000,0.023,0.025,3,1,0.42606,1,1,1,70,32.0,5.0,,0,0,77,44.0,28.0
13325499,1,2015,0.000,0.000,0.015,0.028,0.000,0.082,0.061,0.158,0.000,0.000,0.030,0.016,0.056,0.017,4,1,0.46907,1,1,1,70,34.0,,94.0,0,0,89,,
13663565,1,2015,0.000,0.000,0.000,0.031,0.000,0.000,0.000,0.029,0.000,0.000,0.000,0.000,0.000,0.000,3,1,0.49038,1,1,1,70,32.0,3.0,,0,0,76,10.0,56.0
13682848,1,2015,0.023,0.000,0.000,0.000,0.000,0.000,0.000,0.000,0.000,0.000,0.000,0.000,0.016,0.000,1,1,0.61765,1,1,1,80,26.0,4.0,,0,1,92,8.0,0.0
13691777,1,2015,0.108,0.012,0.000,0.054,0.000,0.112,0.058,0.090,0.000,0.000,0.030,0.016,0.074,0.081,4,1,0.33117,1,1,1,80,29.0,,94.0,0,0,85,,
13698149,1,2015,0.000,0.011,0.031,0.000,0.021,0.108,0.000,0.025,0.085,0.044,0.000,0.035,0.000,0.017,3,1,0.49038,1,1,1,30,28.0,,93.0,0,0,82,5.0,5.0
13700745,1,2015,0.000,0.011,0.000,0.026,0.000,0.000,0.031,0.000,0.087,0.041,0.147,0.053,0.000,0.040,2,1,0.52985,1,1,1,60,31.0,5.0,,0,0,87,33.0,0.0
13701299,1,2015,0.036,0.040,0.031,0.046,0.118,0.014,0.034,0.040,0.113,0.078,0.018,0.030,0.034,0.177,4,1,0.33152,1,1,1,60,27.0,3.0,,0,0,82,17.0,32.0
13702144,1,2015,0.000,0.143,0.000,0.036,0.106,0.000,0.081,0.016,0.108,0.106,0.051,0.000,0.000,0.017,5,0,0.26645,1,1,1,80,29.0,5.0,,0,0,86,33.0,20.0
13702869,1,2015,0.000,0.000,0.000,0.142,0.021,0.085,0.044,0.047,0.000,0.047,0.000,0.101,0.014,0.040,2,1,0.65888,1,1,1,60,27.0,3.0,,0,0,80,5.0,0.0
13702985,1,2015,0.096,0.000,0.082,0.070,0.018,0.096,0.022,0.028,0.086,0.066,0.073,0.029,0.111,0.025,4,0,0.27953,1,1,1,60,31.0,3.0,,0,0,85,66.0,82.0
