id,sex,year,t0,t1,t2,t3,t4,t5,t6,t7,t8,t9,t10,t11,t12,t13,t14,A10,A30,MAX,KKZ,KKZT,Officer,DAPAR,TZADAK,MAVDAK1,MAVDAK2,REJECTED,EXCEL,GRADE,SOCIO_TIRONUT,SOCIO_PIKUD
11679526,1,2015,0,0,12,0,8,13,0,11,0,0,9,0,10,14,0,5,1,0.31464,1,2,1,60.0,26.0,,93.0,0,0,75,0.0,
11679551,1,2015,0,0,10,0,11,9,0,0,13,8,0,0,12,14,0,4,1,0.41179,1,2,1,60.0,24.0,,92.0,0,0,74,,
11786800,1,2015,0,10,11,0,13,14,0,9,0,0,0,0,12,0,0,4,2,0.33353,1,2,1,60.0,25.0,4.0,,0,0,77,16.0,19.0
11788493,1,2015,0,7,10,8,9,12,0,14,0,11,0,0,13,0,0,3,1,0.67234,1,2,1,70.0,34.0,6.0,,0,0,81,92.0,59.0
11789026,1,2015,13,11,0,0,10,7,0,6,14,9,5,0,12,8,0,2,1,0.59288,1,2,1,60.0,33.0,4.0,,0,0,80,,
11789799,1,2015,0,0,12,0,10,14,0,8,13,7,0,0,9,11,0,3,1,0.44169,1,2,1,60.0,33.0,5.0,,0,0,78,43.0,
11842960,1,2015,0,11,9,0,12,8,7,0,14,0,0,0,10,13,0,3,1,0.55368,1,2,1,70.0,28.0,5.0,,0,0,78,47.0,
11843726,0,2015,9,6,14,0,11,12,8,0,6,13,0,0,10,0,0,3,1,0.67409,1,2,0,60.0,,3.0,,0,0,0,18.0,
11844279,0,2015,8,0,10,0,14,13,0,9,11,0,0,0,12,0,0,2,2,0.39115,1,2,1,60.0,,6.0,,0,0,75,,9.0
11844334,0,2015,0,0,10,0,12,13,8,0,0,14,0,0,9,11,0,3,1,0.42501,1,2,1,50.0,,5.0,,0,0,85,70.0,78.0
11844485,1,2015,0,8,10,0,13,11,7,0,0,0,9,0,12,14,0,2,1,0.46418,1,2,1,50.0,28.0,6.0,,0,0,84,6.0,8.0
11844524,1,2015,3,5,8,0,12,14,9,11,4,10,6,0,7,0,13,2,2,0.55274,1,2,1,50.0,33.0,6.0,,0,0,80,63.0,
11845560,1,2015,0,6,10,0,9,7,0,0,0,11,8,12,13,0,14,3,2,0.46669,1,2,1,60.0,26.0,4.0,,0,0,73,14.0,3.0
11846582,0,2015,8,7,13,0,10,11,0,9,0,6,0,11,14,0,0,3,1,0.70666,1,2,1,60.0,,3.0,,0,0,79,13.0,
11847450,1,2015,13,6,5,0,11,9,12,8,14,4,0,0,10,6,0,3,2,0.43964,1,2,1,80.0,32.0,7.0,,0,0,83,9.0,
11848534,0,2015,0,0,0,0,13,14,0,0,0,0,0,0,0,0,0,5,0,0.22079,1,2,1,60.0,,3.0,,0,0,83,15.0,27.0
11849127,0,2015,11,9,12,8,13,10,14,5,0,0,6,0,7,0,0,3,1,0.34732,1,2,1,60.0,,6.0,,0,0,79,16.0,17.0
11850045,0,2015,0,0,12,0,9,14,11,10,0,8,0,0,13,0,0,2,1,0.60210,1,2,1,60.0,,3.0,,0,0,75,40.0,
11850054,0,2015,0,8,13,0,9,14,10,7,0,6,0,12,11,0,0,2,1,0.51667,1,2,1,80.0,,4.0,,0,0,77,15.0,
11850150,0,2015,9,7,12,0,0,8,10,0,0,6,13,14,11,0,0,1,1,0.82743,1,2,1,50.0,,3.0,,0,0,78,,9.0
11850191,0,2015,8,11,12,0,6,14,13,0,0,9,7,0,10,0,0,2,1,0.42219,1,2,1,90.0,,5.0,,0,0,74,38.0,15.0
11850222,1,2015,0,12,14,0,0,10,0,0,0,0,0,0,13,0,11,1,1,0.58266,1,2,1,60.0,28.0,4.0,,0,0,83,8.0,0.0
11850461,1,2015,0,12,14,0,8,0,0,11,0,9,10,0,13,0,0,3,1,0.36621,1,2,1,30.0,25.0,4.0,,0,0,81,,
11850593,0,2015,8,10,13,0,9,14,7,0,0,0,0,0,11,12,0,3,1,0.49993,1,2,1,70.0,,5.0,,0,0,79,,16.0
11850719,0,2015,8,0,10,0,9,11,0,0,0,7,14,13,12,0,0,3,1,0.58095,1,2,1,60.0,,5.0,,0,0,84,31.0,16.0
11850772,0,2015,13,7,8,0,10,6,5,2,14,0,4,11,11,3,9,3,1,0.41080,1,2,1,80.0,,6.0,,0,1,82,,17.0
11851243,1,2015,6,13,4,14,12,11,3,7,0,8,0,0,10,5,9,2,2,0.36198,1,2,1,60.0,28.0,5.0,,0,0,82,,21.0
11851780,0,2015,9,4,11,14,6,13,5,10,0,12,0,8,7,0,0,3,2,0.40669,1,2,1,70.0,,5.0,,0,0,82,5.0,
11852504,1,2015,11,0,8,0,10,14,0,9,0,0,0,13,12,0,0,2,1,0.64850,1,2,1,70.0,38.0,4.0,,0,0,80,31.0,
11852664,1,2015,4,3,9,14,4,6,2,12,13,10,0,11,7,8,0,2,1,0.68515,1,2,1,80.0,31.0,5.0,,0,0,77,38.0,
11852758,1,2015,0,0,9,14,8,13,0,0,12,10,7,0,10,0,0,2,1,0.75111,1,2,1,60.0,33.0,4.0,,0,0,77,18.0,4.0
11853002,1,2015,13,0,10,0,11,14,0,0,0,0,0,12,9,0,0,2,2,0.49598,1,2,1,70.0,33.0,5.0,,0,0,81,52.0,
11853536,0,2015,8,7,14,0,11,13,9,5,0,6,0,0,12,10,0,2,1,0.61829,1,2,1,60.0,,,,0,0,76,74.0,80.0
11853853,1,2015,10,13,9,0,0,10,0,0,0,14,12,0,0,0,0,1,1,0.66796,1,2,1,60.0,30.0,4.0,,0,0,71,9.0,
11854357,1,2015,6,11,9,14,12,13,7,8,0,0,0,0,10,0,0,2,1,0.65349,1,2,1,70.0,32.0,4.0,,0,0,81,57.0,
11854371,0,2015,8,5,10,0,12,13,0,6,14,7,9,0,11,0,0,3,2,0.37376,1,2,1,80.0,,8.0,,0,0,80,,41.0
11855610,1,2015,14,0,12,0,10,13,0,0,0,0,0,0,9,11,0,1,1,0.87772,1,2,1,70.0,26.0,5.0,,0,0,79,,
11856399,0,2015,11,8,7,0,12,10,0,9,0,6,0,0,13,0,14,2,1,0.80059,1,2,1,70.0,,4.0,,0,0,75,25.0,
11856578,1,2015,11,4,10,0,9,8,14,5,0,7,13,0,12,6,0,3,2,0.47122,1,2,1,70.0,28.0,5.0,,0,0,78,9.0,29.0
11857664,0,2015,5,0,13,0,12,6,7,14,0,10,0,9,11,0,7,2,1,0.30614,1,2,1,40.0,,,94.0,0,0,77,36.0,27.0
11923662,1,2015,9,12,11,0,13,0,0,0,0,14,0,0,10,0,0,3,2,0.44984,1,2,1,80.0,25.0,,92.0,0,0,81,0.0,
11925375,1,2015,0,8,11,0,14,12,6,9,0,0,7,10,13,0,0,2,1,0.65646,1,2,1,30.0,33.0,,93.0,0,0,82,,14.0
11927180,1,2015,7,10,13,0,6,11,5,0,14,9,0,0,12,8,4,2,1,0.48631,1,2,1,90.0,35.0,,93.0,0,0,78,,
11937144,1,2015,0,0,12,0,13,10,7,0,0,6,11,9,14,8,0,3,1,0.32160,1,2,1,60.0,27.0,,93.0,0,0,80,64.0,40.0
11941586,1,2015,0,0,9,0,13,10,0,11,0,0,8,14,12,0,0,2,2,0.42744,1,2,1,70.0,31.0,,94.0,0,0,83,47.0,
11941639,0,2015,8,10,14,0,7,12,9,0,0,5,0,11,13,6,0,3,1,0.44319,1,2,1,50.0,,,93.0,0,0,76,,
11943652,1,2015,0,11,14,0,0,9,0,0,0,13,10,0,12,0,0,4,1,0.34286,1,2,1,50.0,32.0,,93.0,0,0,76,33.0,0.0
11945645,1,2015,0,11,8,0,9,10,0,0,14,13,7,0,12,0,0,3,1,0.52091,1,2,1,50.0,25.0,,93.0,0,0,75,2.0,
11946372,1,2015,0,0,8,7,11,12,13,0,0,0,6,0,9,10,14,3,1,0.52461,1,2,1,60.0,16.0,5.0,,0,0,78,11.0,9.0
11947768,1,2015,9,11,12,0,9,14,0,0,0,7,0,0,13,0,8,2,1,0.66263,1,2,1,50.0,24.0,,93.0,0,0,81,0.0,10.0
11952234,1,2015,7,10,12,0,11,14,5,0,0,6,0,8,13,9,0,3,1,0.35618,1,2,1,80.0,29.0,,95.0,0,0,80,,
11953175,1,2015,4,0,11,0,12,14,7,9,5,0,6,13,10,0,8,1,1,0.45883,1,2,1,50.0,24.0,,92.0,0,0,64,5.0,0.0
11953824,1,2015,8,0,10,0,9,11,12,5,14,7,0,13,6,0,0,3,2,0.34445,1,2,1,60.0,30.0,,93.0,0,1,90,64.0,
11955358,0,2015,12,10,7,0,13,14,0,6,0,4,0,11,8,5,9,4,0,0.21334,1,2,1,60.0,,,93.0,0,0,70,2.0,
11968081,1,2015,9,0,13,0,0,12,0,0,0,14,10,0,11,0,0,1,1,0.77507,1,2,1,70.0,24.0,,93.0,0,0,66,12.0,
11994591,0,2015,14,5,9,0,12,13,5,0,0,10,8,0,7,11,0,3,2,0.45611,1,2,1,50.0,,,94.0,0,0,81,54.0,
11994715,1,2015,8,0,9,14,13,11,5,6,0,0,0,0,7,12,10,3,1,0.67409,1,2,1,50.0,30.0,,93.0,0,0,81,19.0,
11997100,1,2015,0,8,13,0,7,12,0,0,9,6,11,10,14,0,0,2,1,0.66976,1,2,0,90.0,32.0,4.0,,0,0,0,5.0,
12000628,1,2015,11,0,13,0,8,14,9,0,7,6,10,0,12,0,0,4,1,0.35842,1,2,1,80.0,31.0,,94.0,0,0,89,,
12005761,0,2015,10,11,0,0,12,9,0,8,14,6,0,13,7,0,0,1,1,0.79321,1,2,1,80.0,,4.0,,0,0,75,17.0,12.0
12034880,1,2015,0,7,12,0,14,10,0,0,6,0,9,11,13,8,0,2,1,0.54985,1,2,1,50.0,24.0,,93.0,0,0,86,0.0,4.0
12036887,1,2015,0,12,10,0,0,10,0,0,0,13,14,0,0,0,0,3,1,0.56670,1,2,1,70.0,29.0,,93.0,0,0,86,9.0,
12037587,1,2015,11,0,0,0,0,0,13,0,0,0,0,0,10,14,11,3,2,0.36973,1,2,1,50.0,28.0,,93.0,0,0,81,77.0,
12040187,0,2015,7,13,10,0,8,14,6,0,0,0,11,0,12,9,0,1,1,0.75316,1,2,1,50.0,,,93.0,0,0,80,50.0,
12041354,1,2015,10,0,0,0,11,14,0,0,0,0,0,13,12,0,0,2,2,0.50335,1,2,1,80.0,27.0,,93.0,0,0,81,,
12042664,1,2015,7,6,10,0,0,9,12,0,14,5,0,0,11,13,8,3,2,0.35114,1,2,1,60.0,25.0,,94.0,0,0,77,4.0,
12044894,0,2015,7,6,8,14,12,13,10,11,0,5,0,0,9,0,0,2,2,0.35557,1,2,1,50.0,,,93.0,0,0,72,,
12048131,1,2015,0,0,7,14,13,10,8,9,0,11,0,12,6,0,0,2,1,0.80667,1,2,1,60.0,26.0,4.0,,0,0,76,45.0,
12056345,1,2015,2,5,12,10,6,11,8,0,14,7,3,9,13,0,3,2,2,0.55089,1,2,1,80.0,25.0,,92.0,0,0,76,3.0,
12062922,0,2015,0,0,0,0,12,10,0,0,0,9,8,14,13,0,11,1,1,0.76943,1,2,1,70.0,,,95.0,0,0,82,4.0,
12067593,1,2015,7,9,8,0,13,11,12,0,0,9,0,0,14,0,0,3,1,0.45418,1,2,1,30.0,26.0,,92.0,0,0,69,10.0,5.0
12072243,1,2015,0,9,14,0,10,13,0,0,0,11,0,0,12,0,0,3,1,0.31286,1,2,1,60.0,28.0,,93.0,0,0,79,3.0,
12072247,0,2015,10,7,8,0,11,12,0,0,0,0,14,0,13,9,0,2,2,0.51314,1,2,1,60.0,,,93.0,0,0,86,,
12072918,0,2015,5,8,11,0,9,7,4,12,14,6,0,0,10,0,13,4,1,0.35835,1,2,1,40.0,,,93.0,0,0,77,29.0,
12074766,1,2015,0,6,8,0,11,10,0,0,13,11,7,0,9,0,14,3,1,0.42052,1,2,1,90.0,33.0,3.0,,0,0,72,29.0,
12078989,1,2015,0,0,11,0,10,12,0,0,0,14,0,0,13,0,0,1,1,0.79181,1,2,1,90.0,26.0,,94.0,0,0,73,,
12079216,1,2015,13,14,11,8,6,12,7,0,0,5,9,0,10,0,0,1,1,0.72204,1,2,1,80.0,22.0,,92.0,0,0,76,,
12158625,0,2015,9,10,11,0,8,7,0,12,14,6,4,5,13,0,0,3,1,0.30088,1,2,0,30.0,,,93.0,0,0,0,,
12219362,1,2015,8,7,11,0,13,14,9,6,0,5,0,0,10,0,12,3,2,0.39943,1,2,1,50.0,28.0,,93.0,0,0,83,12.0,5.0
12219399,0,2015,8,8,13,0,10,14,0,7,0,12,0,0,11,0,0,1,1,0.70414,1,2,1,60.0,,,95.0,0,0,80,17.0,
12227242,1,2015,0,10,11,0,14,13,0,0,0,0,0,0,11,9,0,3,1,0.56033,1,2,1,70.0,19.0,,93.0,0,0,78,,
12227565,1,2015,0,0,10,14,12,13,9,0,0,8,0,0,11,0,0,2,1,0.72594,1,2,1,60.0,25.0,,94.0,0,0,78,8.0,
12232039,1,2015,7,3,9,12,8,13,6,14,4,11,0,0,10,5,0,2,2,0.53430,1,2,1,50.0,35.0,,94.0,0,1,89,10.0,
12235755,0,2015,0,10,8,0,12,14,7,11,0,0,0,13,0,9,0,2,2,0.42938,1,2,1,50.0,,,93.0,0,0,78,58.0,
12247001,1,2015,5,0,10,0,4,11,12,13,0,8,9,6,7,0,14,3,2,0.33272,1,2,1,60.0,23.0,3.0,,0,0,82,53.0,65.0
12247002,1,2015,0,7,12,0,13,14,8,6,0,11,10,0,9,0,0,1,1,0.68886,1,2,1,80.0,22.0,2.0,,0,0,83,11.0,5.0
12247358,0,2015,0,0,12,0,0,13,0,10,0,14,11,0,9,8,0,1,1,0.53331,1,2,1,70.0,,5.0,,0,0,81,17.0,
12248885,1,2015,0,0,12,0,8,13,11,0,0,6,14,9,10,0,7,3,1,0.64445,1,2,1,90.0,23.0,3.0,,0,0,86,35.0,
12249707,0,2015,8,6,12,0,4,13,14,10,6,9,11,0,4,0,0,4,1,0.30456,1,2,1,50.0,,3.0,,0,0,84,47.0,41.0
12250295,0,2015,10,0,12,0,13,11,0,7,14,9,0,0,8,0,0,2,1,0.56336,1,2,1,80.0,,6.0,,0,0,81,23.0,18.0
12250732,1,2015,12,0,11,0,8,9,7,14,0,13,0,0,10,0,0,2,2,0.50572,1,2,1,80.0,26.0,4.0,,0,0,76,0.0,0.0
12251848,1,2015,7,5,13,0,4,14,9,6,0,10,0,0,11,12,8,3,2,0.51560,1,2,1,60.0,29.0,5.0,,0,0,76,46.0,
12253212,1,2015,0,0,13,0,12,14,11,0,0,9,7,0,10,7,6,3,2,0.34798,1,2,1,60.0,30.0,5.0,,0,0,76,0.0,0.0
12254605,1,2015,0,0,0,0,0,0,0,0,0,0,14,0,0,0,0,2,2,0.45711,1,2,1,60.0,30.0,4.0,,0,0,70,2.0,
12254925,1,2015,10,8,11,0,12,14,0,8,0,6,6,0,13,0,0,3,1,0.47451,1,2,0,70.0,27.0,2.0,,0,0,0,0.0,27.0
12254939,0,2015,0,8,9,0,13,14,12,10,0,7,0,0,11,0,0,1,1,0.85109,1,2,1,60.0,,6.0,,0,0,79,,
12255022,0,2015,7,5,9,0,14,13,11,8,6,12,0,0,10,0,0,1,1,0.60595,1,2,1,80.0,,5.0,,0,0,79,,10.0
12255040,1,2015,6,12,11,0,8,10,9,7,13,3,4,0,14,5,0,3,1,0.44028,1,2,1,80.0,25.0,3.0,,0,0,84,19.0,
12255302,1,2015,9,7,11,0,14,13,0,8,0,6,0,0,10,12,0,3,1,0.50419,1,2,1,50.0,28.0,5.0,,0,0,76,43.0,
12256136,1,2015,9,8,10,0,13,14,0,0,0,11,0,0,11,0,0,2,2,0.41242,1,2,0,90.0,28.0,3.0,,0,0,0,20.0,
12257093,0,2015,0,0,8,0,12,13,0,6,14,10,10,0,7,9,0,4,1,0.30673,1,2,1,50.0,,4.0,,0,0,74,17.0,11.0
12258744,0,2015,7,0,6,0,14,13,12,9,0,0,10,0,11,8,0,3,0,0.29946,1,2,1,80.0,,4.0,,0,0,82,45.0,25.0
12258813,1,2015,10,8,6,0,7,14,12,0,0,5,11,13,8,0,0,3,1,0.41303,1,2,1,90.0,30.0,6.0,,0,0,77,29.0,
12258827,1,2015,11,7,12,0,13,14,0,8,0,0,0,0,9,10,0,4,1,0.45857,1,2,1,60.0,25.0,5.0,,0,0,71,,0.0
12259006,1,2015,9,7,5,0,14,12,4,3,0,11,10,8,13,6,0,4,1,0.34443,1,2,1,40.0,28.0,6.0,,0,0,81,0.0,0.0
12259231,1,2015,0,7,10,0,14,11,9,6,0,12,13,0,8,0,0,2,1,0.57193,1,2,1,90.0,28.0,5.0,,0,0,77,0.0,
12261265,0,2015,8,9,7,0,10,12,5,0,14,6,10,0,13,0,0,2,1,0.41758,1,2,1,60.0,,3.0,,0,0,78,56.0,
12261340,0,2015,0,11,9,0,8,13,0,0,14,7,0,0,12,10,0,3,1,0.46786,1,2,1,60.0,,6.0,,0,0,82,62.0,
12262219,0,2015,0,12,8,3,7,8,5,0,0,13,6,14,4,11,10,1,1,0.69534,1,2,1,50.0,,4.0,,0,0,74,60.0,
12263044,1,2015,8,0,12,0,7,10,0,11,14,13,0,0,9,0,0,4,1,0.38495,1,2,1,60.0,32.0,4.0,,0,0,76,9.0,
12264687,1,2015,0,0,11,0,13,14,0,0,0,10,0,0,12,0,0,4,2,0.31420,1,2,1,60.0,32.0,4.0,,0,0,76,0.0,40.0
12267022,1,2015,7,14,0,0,13,8,11,5,0,9,4,0,10,6,12,2,1,0.50606,1,2,1,50.0,30.0,3.0,,0,0,72,0.0,0.0
12267054,0,2015,4,8,9,0,11,13,10,5,0,12,6,0,7,14,0,3,1,0.43806,1,2,1,60.0,,4.0,,0,0,78,44.0,54.0
12267097,0,2015,7,0,10,0,13,14,0,12,6,9,0,8,11,0,0,4,2,0.34086,1,2,1,70.0,,4.0,,0,0,69,29.0,74.0
12267340,0,2015,9,10,11,0,14,13,0,7,0,0,8,0,12,0,0,3,2,0.40665,1,2,1,80.0,,5.0,,0,0,83,74.0,
12268734,1,2015,0,0,0,0,13,0,0,0,0,0,0,0,14,0,0,4,2,0.35276,1,2,1,60.0,32.0,5.0,,0,0,79,20.0,44.0
12268863,0,2015,6,14,10,0,8,11,0,0,13,0,7,12,9,0,0,3,1,0.49314,1,2,1,70.0,,7.0,,0,0,83,,45.0
12269237,0,2015,14,8,11,0,13,11,10,6,0,7,0,0,9,0,0,4,1,0.51909,1,2,1,40.0,,,94.0,0,0,87,23.0,79.0
12269459,1,2015,14,5,8,0,11,9,7,6,12,4,3,13,10,0,0,3,1,0.51325,1,2,1,70.0,31.0,5.0,,0,0,82,5.0,
12269905,1,2015,0,0,13,0,11,14,8,9,0,10,0,0,12,0,0,4,0,0.28766,1,2,1,80.0,22.0,2.0,,0,0,70,3.0,
12270584,1,2015,0,0,11,0,13,14,0,0,0,0,0,0,12,0,0,2,2,0.41921,1,2,1,50.0,25.0,4.0,,0,0,73,24.0,17.0
12270622,0,2015,8,7,9,0,12,12,5,10,0,11,6,0,14,0,0,3,1,0.49133,1,2,1,70.0,,4.0,,0,0,68,37.0,
12271349,1,2015,0,0,7,12,14,10,0,6,0,11,9,0,8,13,0,2,1,0.39260,1,2,1,70.0,26.0,4.0,,0,0,82,23.0,
12271384,0,2015,0,6,10,0,5,12,4,7,14,11,8,0,9,13,0,2,2,0.36193,1,2,1,60.0,,4.0,,0,0,66,40.0,
12271475,0,2015,12,7,13,0,8,11,0,14,0,10,0,0,9,0,0,2,1,0.46665,1,2,1,60.0,,4.0,,0,0,77,,69.0
12271771,0,2015,10,0,9,0,12,13,4,6,14,8,5,0,11,7,0,3,1,0.43679,1,2,1,70.0,,5.0,,0,0,79,10.0,0.0
12271977,1,2015,0,0,11,0,10,12,0,8,0,9,0,14,12,0,0,5,0,0.29537,1,2,1,80.0,27.0,,93.0,0,0,77,18.0,
12273690,0,2015,5,6,9,0,11,8,0,10,14,13,12,0,4,0,6,2,2,0.44628,1,2,1,50.0,,6.0,,0,0,74,3.0,50.0
12275241,0,2015,0,11,14,0,10,12,0,9,0,8,0,0,13,0,0,2,1,0.41406,1,2,1,60.0,,7.0,,0,0,76,,
12275398,1,2015,0,0,13,0,12,14,11,10,0,7,0,0,9,8,0,5,1,0.30665,1,2,1,80.0,30.0,5.0,,0,0,67,72.0,19.0
12275784,1,2015,0,0,12,0,10,14,0,11,0,13,8,0,9,0,0,4,0,0.27050,1,2,1,60.0,28.0,4.0,,0,0,77,,
12275894,1,2015,0,10,13,14,0,8,12,0,7,0,6,9,11,0,0,2,1,0.33889,1,2,1,80.0,25.0,3.0,,0,0,70,,
12276491,0,2015,0,0,10,0,11,12,0,0,0,8,14,9,13,0,0,3,2,0.39713,1,2,1,60.0,,4.0,,0,0,74,10.0,
12276823,1,2015,11,0,12,0,0,13,0,0,0,0,0,0,14,0,0,3,1,0.51112,1,2,1,70.0,24.0,4.0,,0,0,77,14.0,
12277546,1,2015,0,11,12,0,9,14,9,8,0,0,0,0,13,0,0,2,1,0.61339,1,2,1,90.0,34.0,7.0,,0,0,82,18.0,
12278351,1,2015,6,0,11,0,13,12,0,7,0,9,14,0,9,0,8,4,1,0.30724,1,2,1,70.0,27.0,4.0,,0,0,77,6.0,22.0
12278631,1,2015,0,0,14,0,9,12,0,0,0,7,8,6,11,13,10,4,1,0.34447,1,2,1,60.0,21.0,3.0,,0,0,80,,
12279276,0,2015,5,0,7,14,12,13,10,11,0,6,0,9,8,0,0,2,1,0.51663,1,2,1,50.0,,5.0,,0,0,79,86.0,75.0
12279671,1,2015,12,0,10,0,11,13,0,8,0,9,0,0,14,0,0,3,2,0.38867,1,2,1,70.0,26.0,3.0,,0,0,74,,36.0
12313649,0,2015,0,0,14,0,11,13,0,0,0,10,0,0,12,0,0,4,1,0.30665,1,2,1,60.0,,,94.0,0,0,77,,
12806318,0,2015,9,0,10,0,12,14,8,0,0,7,0,0,11,0,13,4,1,0.33707,1,2,1,60.0,,5.0,,0,0,80,11.0,
12809700,1,2015,0,0,0,0,12,14,0,0,13,0,0,0,0,0,0,6,0,0.25865,1,2,1,40.0,26.0,3.0,,0,0,74,2.0,42.0
12809743,1,2015,8,11,13,0,6,14,0,0,0,10,0,0,12,9,7,2,1,0.51590,1,2,1,70.0,25.0,5.0,,0,0,84,,
12810077,1,2015,8,9,13,0,10,14,12,0,0,0,0,0,11,0,0,4,1,0.33112,1,2,1,50.0,32.0,4.0,,0,0,85,0.0,0.0
12810331,0,2015,0,0,9,0,12,14,0,0,0,0,0,11,10,13,0,3,0,0.28810,1,2,0,70.0,,5.0,,0,0,0,40.0,5.0
12810608,1,2015,11,6,12,0,7,14,8,9,0,10,0,0,13,0,0,6,1,0.34077,1,2,1,70.0,34.0,6.0,,0,0,88,,
12811579,0,2015,0,0,12,0,13,11,0,0,14,9,0,0,8,0,10,3,1,0.43455,1,2,1,50.0,,4.0,,0,0,81,27.0,9.0
12811947,1,2015,7,0,11,14,10,9,0,0,13,5,6,0,12,8,0,4,1,0.32557,1,2,0,70.0,27.0,3.0,,0,0,0,19.0,
12812728,0,2015,7,0,9,0,12,14,0,0,0,8,10,0,13,11,0,3,2,0.37539,1,2,1,70.0,,6.0,,0,0,81,55.0,25.0
12813068,0,2015,14,9,11,0,13,12,10,6,0,0,0,0,8,7,0,3,0,0.27114,1,2,1,90.0,,7.0,,0,1,85,,
12813626,1,2015,6,8,12,0,10,14,0,0,0,7,0,9,11,13,0,7,0,0.20667,1,2,1,80.0,36.0,5.0,,0,0,83,,
12813779,1,2015,8,0,12,14,10,13,7,4,5,11,9,0,6,0,0,4,1,0.39256,1,2,1,60.0,31.0,5.0,,0,0,71,35.0,28.0
12813908,0,2015,8,0,12,0,13,14,11,0,0,9,0,0,10,0,0,3,2,0.35796,1,2,1,70.0,,5.0,,0,0,84,,50.0
12814356,0,2015,7,0,10,0,11,14,0,8,0,0,6,0,12,9,13,3,2,0.34398,1,2,1,60.0,,5.0,,0,0,87,,14.0
12816780,0,2015,6,14,9,0,7,10,11,12,0,0,0,0,8,13,0,3,2,0.44810,1,2,1,90.0,,4.0,,0,0,80,77.0,41.0
12816819,1,2015,0,0,10,0,12,14,8,11,0,0,8,0,13,0,0,3,2,0.45186,1,2,1,50.0,29.0,3.0,,0,0,77,0.0,0.0
12819005,1,2015,7,8,11,0,10,12,0,0,14,0,0,13,9,0,0,3,1,0.32423,1,2,1,80.0,27.0,4.0,,0,0,76,0.0,
13584510,1,2015,14,0,11,0,10,9,8,0,0,0,0,0,12,7,13,2,0,0.27879,1,2,1,60.0,24.0,,93.0,0,0,73,0.0,
13591063,0,2015,8,5,9,0,13,14,3,0,4,10,7,6,12,11,0,2,2,0.48497,1,2,1,60.0,,3.0,,0,0,67,,
13656095,1,2015,0,11,14,0,8,10,9,0,0,11,0,0,13,0,0,4,0,0.27551,1,2,1,70.0,32.0,,93.0,0,0,78,6.0,
13675385,1,2015,8,9,12,14,13,11,7,4,0,6,0,0,10,5,0,3,1,0.49074,1,2,1,80.0,33.0,,93.0,0,0,78,28.0,
13678587,1,2015,8,12,14,0,7,10,6,11,0,5,0,9,13,0,0,4,1,0.34874,1,2,1,50.0,31.0,,93.0,0,0,73,14.0,
13680303,0,2015,0,0,12,0,14,13,0,0,0,0,0,0,11,0,0,4,1,0.42702,1,2,1,70.0,,,93.0,0,0,82,26.0,
13687582,1,2015,0,9,13,0,10,14,7,0,0,11,8,0,12,0,0,4,1,0.38967,1,2,1,80.0,26.0,,92.0,0,0,80,,
13694747,1,2015,0,0,12,0,10,14,13,0,0,8,9,0,11,0,0,4,0,0.29526,1,2,1,70.0,30.0,,93.0,0,0,84,70.0,
13700833,1,2015,6,8,11,0,13,14,7,9,10,0,0,0,12,5,0,3,1,0.33146,1,2,0,80.0,24.0,3.0,,0,0,0,10.0,
13701287,1,2015,0,6,8,0,13,14,0,11,0,10,7,9,12,5,0,5,1,0.34933,1,2,1,50.0,31.0,4.0,,0,0,85,51.0,
13702405,1,2015,12,6,11,0,7,14,0,10,0,13,9,0,8,0,0,2,1,0.42701,1,2,1,60.0,24.0,5.0,,0,0,79,3.0,3.0
13703403,0,2015,6,0,10,0,8,14,12,11,7,4,5,9,13,0,0,6,0,0.16141,1,2,1,90.0,,8.0,,0,1,90,15.0,
13703442,1,2015,0,9,12,0,14,11,8,7,0,0,10,0,13,0,0,3,1,0.33911,1,2,1,70.0,32.0,7.0,,0,0,89,63.0,52.0
13707673,1,2015,8,12,9,0,7,13,6,0,14,0,0,0,11,10,0,3,1,0.36393,1,2,1,80.0,29.0,5.0,,0,0,78,13.0,0.0
13708191,0,2015,5,14,12,0,8,9,7,0,0,13,6,0,10,11,0,4,0,0.29525,1,2,1,70.0,,5.0,,0,0,88,64.0,
13708706,1,2015,5,6,14,12,0,11,8,13,0,9,0,0,10,6,0,2,2,0.35558,1,2,1,60.0,33.0,8.0,,0,0,85,,
13709353,1,2015,0,0,13,0,10,12,0,14,0,11,8,0,9,0,0,5,1,0.36205,1,2,1,50.0,33.0,,93.0,0,0,80,0.0,0.0
13713681,1,2015,0,0,10,0,9,11,0,8,0,0,14,13,12,0,0,4,1,0.35604,1,2,1,60.0,26.0,4.0,,0,0,74,27.0,
13717233,1,2015,14,10,12,0,0,13,0,0,0,9,0,0,11,0,0,3,0,0.28458,1,2,1,40.0,31.0,5.0,,0,0,82,,
13717406,1,2015,0,0,10,0,13,14,0,0,0,0,0,12,11,0,0,3,0,0.24890,1,2,1,70.0,30.0,6.0,,0,0,85,36.0,
13724351,1,2015,0,7,9,0,6,8,0,0,14,12,9,12,11,0,0,1,1,0.53343,1,2,1,60.0,31.0,5.0,,0,1,88,77.0,
13726910,1,2015,13,8,9,0,10,14,0,11,7,6,0,0,12,0,0,3,1,0.51112,1,2,1,80.0,32.0,,94.0,0,0,84,,
13727492,1,2015,8,13,12,9,11,10,5,6,0,3,4,0,14,7,0,2,2,0.43575,1,2,1,60.0,28.0,,93.0,0,0,79,,
13727786,1,2015,0,0,10,0,12,11,0,14,0,9,8,0,13,0,0,1,1,0.86667,1,2,1,70.0,33.0,5.0,,0,0,88,92.0,
13729553,0,2015,12,0,10,0,7,13,0,0,0,9,0,11,8,14,0,4,1,0.34826,1,2,1,90.0,,,93.0,0,0,76,,
13729783,1,2015,6,5,9,0,10,12,11,8,14,0,0,13,7,0,0,2,1,0.59411,1,2,1,70.0,31.0,,95.0,0,0,83,,
13730703,1,2015,0,8,9,0,11,13,14,0,0,0,0,12,10,0,0,4,1,0.42194,1,2,1,90.0,24.0,,93.0,0,0,74,5.0,
13735004,1,2015,7,10,13,14,0,6,5,0,10,9,8,0,12,4,0,4,1,0.47691,1,2,1,90.0,27.0,,94.0,0,0,82,2.0,
13735183,1,2015,9,8,11,14,10,12,7,0,0,5,0,0,13,6,0,2,0,0.22670,1,2,0,70.0,22.0,4.0,,0,0,0,,
13735787,1,2015,9,6,0,0,12,13,11,14,0,8,0,0,10,0,7,5,0,0.22178,1,2,1,80.0,27.0,5.0,,0,0,83,11.0,
13737326,1,2015,8,9,11,0,9,12,0,0,0,14,0,0,13,0,0,2,1,0.66931,1,2,1,90.0,26.0,4.0,,0,0,82,45.0,
13739360,1,2015,11,13,0,0,14,10,7,0,8,0,12,0,9,0,0,4,1,0.37513,1,2,1,80.0,33.0,5.0,,0,0,79,,
13745018,0,2015,7,8,10,0,13,11,6,4,14,9,0,0,12,5,0,5,1,0.36338,1,2,1,40.0,,,94.0,0,0,76,69.0,
13745102,1,2015,10,0,12,0,8,9,0,0,0,14,0,0,11,13,0,3,1,0.38402,1,2,1,70.0,25.0,4.0,,0,0,78,33.0,
13745940,1,2015,0,8,12,0,13,14,10,7,6,11,0,0,9,0,0,4,1,0.43575,1,2,1,70.0,27.0,,93.0,0,0,77,35.0,
13748716,1,2015,0,10,13,7,0,0,0,0,14,9,12,0,11,0,8,4,1,0.37859,1,2,1,70.0,33.0,4.0,,0,0,80,6.0,0.0
13749939,0,2015,0,9,10,0,8,13,11,14,0,7,0,0,12,0,0,3,1,0.45778,1,2,1,60.0,,6.0,,0,0,64,6.0,14.0
13750064,1,2015,9,11,14,0,10,12,7,0,8,6,5,0,13,0,0,4,1,0.30570,1,2,1,40.0,28.0,5.0,,0,0,78,44.0,0.0
13750163,1,2015,3,10,5,0,8,14,13,6,7,4,9,11,12,0,0,3,1,0.35364,1,2,1,60.0,25.0,5.0,,0,0,75,0.0,
13752153,1,2015,12,0,9,0,10,10,14,0,0,0,13,0,8,0,0,3,1,0.42489,1,2,1,50.0,25.0,,93.0,0,0,79,6.0,
13755463,0,2015,9,8,11,0,10,14,13,7,0,6,0,0,12,0,0,5,1,0.45189,1,2,1,50.0,,4.0,,0,0,84,60.0,
13755591,0,2015,0,7,6,0,11,13,8,14,0,10,5,0,12,9,0,4,1,0.43503,1,2,1,80.0,,5.0,,0,0,71,99.0,
13756014,1,2015,0,0,0,0,13,12,0,11,0,0,0,10,14,0,0,2,2,0.62051,1,2,1,80.0,32.0,4.0,,0,0,84,22.0,
13756635,1,2015,0,0,0,0,13,11,0,14,0,12,0,0,0,0,0,1,1,0.66928,1,2,1,70.0,26.0,4.0,,0,0,71,32.0,
13759848,1,2015,6,0,12,14,10,9,0,13,0,8,7,0,11,0,0,4,0,0.21336,1,2,1,90.0,31.0,5.0,,0,0,83,25.0,
13762266,0,2015,13,11,5,0,9,6,0,10,0,4,7,0,12,8,14,3,0,0.29044,1,2,1,70.0,,5.0,,0,0,78,17.0,
13765769,1,2015,0,10,14,0,12,13,8,9,0,0,0,0,11,0,0,2,1,0.50355,1,2,1,70.0,30.0,3.0,,0,0,81,50.0,0.0
13766297,0,2015,0,7,10,0,8,13,0,9,0,0,0,14,11,12,0,3,1,0.36975,1,2,1,60.0,,4.0,,0,0,80,29.0,24.0
13769350,0,2015,14,0,10,0,8,8,12,0,0,0,0,0,11,0,13,1,1,0.76668,1,2,1,40.0,,,93.0,0,0,76,35.0,
13769398,0,2015,6,4,11,0,12,14,9,5,0,8,3,7,13,10,0,4,0,0.26356,1,2,1,60.0,,4.0,,0,0,75,0.0,12.0
13775202,1,2015,12,7,6,8,9,10,13,11,0,5,0,0,14,0,0,3,0,0.25030,1,2,1,60.0,33.0,5.0,,0,0,84,48.0,
13776072,1,2015,8,0,8,0,12,14,0,0,13,0,7,0,11,0,10,3,1,0.39375,1,2,1,60.0,34.0,3.0,,0,0,70,33.0,
13780670,1,2015,11,7,10,13,9,14,0,0,0,12,0,0,8,0,0,2,1,0.30775,1,2,1,90.0,28.0,4.0,,0,0,84,27.0,
13780714,1,2015,8,9,11,0,0,12,0,0,7,6,12,14,10,0,0,3,1,0.58095,1,2,1,50.0,31.0,7.0,,0,0,83,64.0,
13781139,1,2015,6,10,14,0,9,11,0,0,0,8,7,0,13,12,0,4,1,0.50666,1,2,1,80.0,28.0,5.0,,0,0,80,8.0,0.0
13781425,0,2015,0,5,11,0,9,10,5,14,0,13,7,0,12,8,0,4,0,0.25557,1,2,1,70.0,,4.0,,0,0,77,,5.0
13783518,1,2015,5,7,8,14,6,11,3,0,13,0,12,4,10,2,9,3,2,0.34099,1,2,1,80.0,31.0,7.0,,0,0,88,23.0,
13784107,1,2015,0,8,12,0,10,13,7,0,0,14,9,0,11,0,0,3,1,0.36120,1,2,1,80.0,30.0,2.0,,0,0,76,25.0,12.0
13785100,1,2015,7,0,10,0,0,11,12,8,0,0,0,13,9,0,14,2,2,0.40447,1,2,1,60.0,25.0,4.0,,0,0,81,16.0,
13786587,1,2015,0,10,14,0,8,13,11,0,0,0,9,0,12,0,0,2,1,0.51666,1,2,1,60.0,28.0,4.0,,0,0,79,11.0,0.0
13787805,0,2015,0,0,7,0,12,11,0,8,13,0,9,0,10,14,0,1,1,0.42221,1,2,1,50.0,,6.0,,0,0,77,6.0,3.0
13818021,0,2015,0,6,11,0,7,9,0,0,14,12,13,0,8,0,10,2,2,0.51111,1,2,1,70.0,,6.0,,0,0,84,17.0,29.0
13818313,0,2015,6,10,9,14,8,11,13,5,0,12,0,0,7,0,0,4,1,0.36189,1,2,1,60.0,,6.0,,0,0,78,16.0,21.0
13818471,0,2015,0,0,13,0,12,14,0,0,0,10,0,0,11,0,0,4,1,0.36890,1,2,1,80.0,,6.0,,0,0,76,22.0,57.0
13818957,0,2015,2,9,12,0,3,4,7,14,10,8,5,13,11,6,0,4,0,0.29971,1,2,0,80.0,,3.0,,0,0,0,69.0,46.0
13819298,0,2015,0,0,10,0,11,14,13,0,0,0,8,9,12,0,0,1,1,0.89630,1,2,1,60.0,,4.0,,0,0,76,41.0,45.0
13819347,0,2015,10,4,12,6,7,14,9,8,0,3,0,0,13,5,11,3,1,0.35298,1,2,1,70.0,,6.0,,0,0,76,83.0,58.0
13819459,1,2015,8,11,6,0,14,12,0,7,0,0,5,0,10,9,13,4,1,0.47133,1,2,1,60.0,33.0,3.0,,0,0,77,21.0,
13819530,1,2015,5,11,13,14,10,9,7,0,0,4,8,0,12,0,6,5,1,0.36989,1,2,1,80.0,32.0,6.0,,0,0,83,47.0,37.0
13819550,0,2015,8,10,9,0,11,13,0,7,0,14,0,0,12,0,0,4,0,0.25759,1,2,1,70.0,,4.0,,0,0,71,,0.0
13819682,0,2015,10,0,7,0,12,14,6,5,0,13,11,9,8,0,0,4,0,0.26205,1,2,1,80.0,,7.0,,0,0,77,40.0,
13819908,0,2015,11,0,0,0,13,12,0,0,0,14,9,0,10,8,0,2,1,0.45947,1,2,1,80.0,,4.0,,0,0,74,,
13820325,0,2015,9,10,8,0,13,14,11,0,0,6,0,12,7,0,0,4,1,0.30195,1,2,1,70.0,,4.0,,0,0,74,3.0,3.0
13820326,0,2015,7,11,9,0,5,12,6,8,0,14,10,0,13,0,0,2,1,0.58889,1,2,1,60.0,,5.0,,0,0,76,,29.0
13821783,1,2015,0,11,14,0,0,13,0,0,0,10,0,0,12,0,0,4,0,0.25305,1,2,1,90.0,31.0,6.0,,0,0,72,84.0,
13821799,1,2015,0,0,0,0,14,13,0,11,0,0,10,0,12,0,0,4,1,0.32123,1,2,1,70.0,31.0,4.0,,0,0,73,39.0,30.0
13822651,1,2015,9,11,8,0,9,13,12,0,0,0,0,0,7,14,0,4,1,0.31812,1,2,1,70.0,35.0,4.0,,0,0,74,,
13822791,0,2015,6,10,14,0,7,12,0,0,0,11,0,0,13,8,9,5,0,0.26568,1,2,1,60.0,,7.0,,0,0,80,43.0,16.0
13823036,0,2015,14,0,8,0,9,12,12,0,0,0,11,0,10,0,0,4,1,0.48696,1,2,1,60.0,,4.0,,0,0,81,8.0,
13823398,1,2015,0,8,13,0,12,14,6,11,0,9,7,0,10,0,0,6,0,0.26338,1,2,1,50.0,33.0,5.0,,0,0,78,11.0,9.0
13824226,0,2015,8,9,10,6,0,13,0,7,0,5,0,14,11,12,0,3,1,0.50727,1,2,1,60.0,,6.0,,0,0,84,,6.0
13824446,0,2015,10,9,8,0,14,12,0,0,0,0,13,0,11,0,0,5,0,0.27892,1,2,1,50.0,,4.0,,0,0,84,,5.0
13824698,0,2015,9,8,11,0,12,14,10,0,0,0,0,0,13,0,0,3,2,0.35719,1,2,1,40.0,,4.0,,0,0,75,63.0,
13824706,0,2015,8,11,13,0,12,10,9,0,0,6,7,0,14,0,0,4,0,0.26830,1,2,1,50.0,,,93.0,0,0,75,45.0,47.0
13824851,0,2015,13,8,11,0,6,14,0,0,7,0,10,12,9,0,0,4,0,0.29355,1,2,1,60.0,,3.0,,0,0,71,23.0,
13825280,0,2015,6,0,9,0,13,10,5,0,14,11,7,0,12,8,0,3,2,0.39385,1,2,1,60.0,,6.0,,0,1,84,36.0,
13825683,0,2015,0,0,13,0,9,14,8,5,0,11,7,12,9,6,0,4,2,0.33924,1,2,1,60.0,,5.0,,0,0,71,30.0,
13825718,0,2015,0,0,12,0,11,14,0,0,13,8,0,9,10,7,0,3,2,0.34534,1,2,1,70.0,,6.0,,0,0,78,10.0,
13826845,1,2015,0,12,13,0,0,0,9,7,14,0,0,10,11,0,7,3,1,0.54386,1,2,1,60.0,25.0,6.0,,0,0,76,,14.0
13827304,0,2015,0,0,13,0,12,0,0,0,0,0,0,14,0,0,0,2,1,0.49299,1,2,0,60.0,,4.0,,0,0,0,17.0,
13827582,0,2015,0,0,11,0,8,10,0,0,14,9,0,0,13,12,7,2,2,0.49078,1,2,1,70.0,,6.0,,0,0,76,34.0,31.0
13827618,0,2015,13,0,0,0,14,12,0,9,0,0,8,11,10,0,0,3,2,0.35788,1,2,1,70.0,,6.0,,0,0,83,,35.0
13828428,0,2015,0,0,13,0,0,0,0,0,0,0,14,0,12,0,0,4,1,0.43478,1,2,0,70.0,,6.0,,0,0,0,48.0,27.0
13828628,0,2015,7,10,6,0,14,13,9,0,0,11,0,12,8,5,0,3,1,0.38473,1,2,1,60.0,,5.0,,0,0,76,,11.0
13828897,1,2015,0,12,7,0,11,14,0,6,10,7,0,0,9,13,0,3,1,0.70668,1,2,1,70.0,26.0,4.0,,0,0,83,6.0,
13828996,0,2015,9,7,10,0,12,14,0,0,13,6,5,0,11,8,0,3,1,0.51517,1,2,1,70.0,,5.0,,0,0,81,,12.0
13829006,0,2015,7,0,9,0,10,13,8,0,0,0,6,0,11,12,14,3,1,0.50832,1,2,1,70.0,,4.0,,0,0,77,19.0,
13829012,0,2015,0,8,7,0,6,11,13,0,9,0,14,12,10,0,0,5,0,0.25842,1,2,1,70.0,,5.0,,0,0,84,,10.0
13829050,1,2015,6,12,14,0,11,10,8,5,0,9,0,0,13,7,0,3,2,0.51329,1,2,1,60.0,30.0,4.0,,0,0,77,38.0,8.0
13829165,0,2015,13,8,10,0,9,14,7,11,0,6,0,0,12,0,0,4,0,0.27877,1,2,1,60.0,,6.0,,0,0,80,,17.0
13829341,0,2015,13,8,9,0,11,12,0,0,0,7,0,0,10,14,0,3,1,0.41332,1,2,1,60.0,,5.0,,0,0,77,0.0,
13829667,1,2015,5,0,7,14,13,11,12,10,4,8,5,0,9,0,0,5,1,0.31935,1,2,1,90.0,32.0,5.0,,0,0,78,21.0,
13829790,0,2015,5,6,8,0,11,10,12,7,14,4,3,0,9,2,13,3,2,0.37776,1,2,1,70.0,,4.0,,0,0,84,,
13830029,1,2015,0,10,14,0,7,11,0,0,13,9,6,0,12,0,7,1,1,0.67223,1,2,1,60.0,28.0,3.0,,0,0,68,0.0,0.0
13830646,0,2015,8,5,13,0,6,12,0,7,0,11,10,0,14,0,9,5,0,0.28147,1,2,1,90.0,,5.0,,0,0,74,,
13830749,1,2015,5,3,9,0,6,12,4,11,7,13,8,0,10,0,14,4,1,0.44154,1,2,1,60.0,25.0,4.0,,0,0,80,20.0,61.0
13830758,1,2015,0,6,8,11,14,13,0,9,10,7,5,0,12,0,0,3,1,0.66905,1,2,1,90.0,32.0,5.0,,0,0,87,22.0,
13830859,0,2015,5,0,10,0,14,13,6,12,7,8,0,0,9,11,0,3,1,0.43542,1,2,1,60.0,,5.0,,0,0,85,,51.0
13831466,1,2015,8,0,11,0,14,13,9,12,0,0,0,0,10,0,0,4,1,0.50839,1,2,1,60.0,24.0,4.0,,0,0,72,,0.0
13831476,1,2015,12,0,13,0,0,9,0,0,0,14,0,0,11,10,0,2,1,0.48585,1,2,1,50.0,30.0,5.0,,0,1,79,,
13831841,1,2015,0,12,13,0,0,11,0,0,0,10,0,0,14,0,0,2,1,0.69033,1,2,0,70.0,26.0,5.0,,0,0,0,39.0,
13831902,0,2015,13,0,11,0,7,8,0,0,0,6,14,0,9,12,10,3,1,0.44256,1,2,1,60.0,,4.0,,0,0,74,3.0,
13832152,1,2015,7,11,10,0,12,14,8,0,13,6,0,0,9,0,0,4,1,0.56259,1,2,1,70.0,28.0,3.0,,0,0,76,0.0,
13834258,0,2015,6,7,8,14,12,13,5,2,0,3,11,10,9,4,0,6,0,0.15239,1,2,1,70.0,,5.0,,0,0,82,12.0,
13834433,1,2015,0,0,13,0,11,14,0,0,0,10,0,0,12,0,0,3,1,0.57812,1,2,1,70.0,24.0,5.0,,0,0,79,30.0,
13835659,1,2015,6,8,0,0,13,7,8,0,5,14,10,0,12,11,0,3,0,0.27553,1,2,1,90.0,31.0,6.0,,0,0,72,8.0,
13836712,0,2015,0,0,11,0,13,14,0,0,0,0,0,0,12,10,0,3,0,0.23943,1,2,1,80.0,,4.0,,0,0,76,33.0,
13837105,1,2015,0,0,8,0,10,0,9,0,14,0,13,0,12,11,0,3,0,0.26671,1,2,1,70.0,35.0,6.0,,0,0,83,26.0,
13837132,0,2015,7,0,13,0,9,14,0,8,0,6,0,0,11,12,10,4,1,0.42829,1,2,1,60.0,,6.0,,0,0,75,46.0,
13837377,1,2015,0,10,13,14,7,9,6,11,0,0,0,0,12,0,8,3,1,0.36319,1,2,1,60.0,34.0,5.0,,0,0,80,29.0,
13837491,1,2015,6,0,11,0,13,12,8,5,14,6,0,0,10,9,0,3,1,0.42857,1,2,1,90.0,28.0,5.0,,0,0,86,39.0,
13837534,1,2015,4,8,13,0,9,12,5,3,14,11,6,0,10,7,0,4,1,0.45841,1,2,1,90.0,28.0,7.0,,0,0,88,,
13837707,0,2015,13,7,10,0,14,12,11,0,0,8,0,0,9,0,0,3,0,0.27877,1,2,1,60.0,,3.0,,0,0,81,0.0,13.0
13837709,0,2015,13,11,12,0,7,14,6,0,0,8,0,10,9,0,0,4,0,0.23784,1,2,1,60.0,,4.0,,0,0,70,34.0,
13838211,0,2015,5,8,14,0,8,12,7,0,0,11,6,8,13,0,0,4,1,0.33363,1,2,1,70.0,,4.0,,0,0,79,,0.0
13838419,1,2015,0,9,10,0,12,14,7,0,0,7,0,0,10,0,13,3,0,0.24276,1,2,1,60.0,29.0,2.0,,0,0,66,31.0,
13838451,1,2015,13,9,12,0,6,8,11,7,14,0,0,0,10,0,0,5,1,0.44841,1,2,1,60.0,26.0,3.0,,0,0,77,,
13838700,0,2015,10,0,11,0,13,14,6,12,7,8,0,0,9,0,0,2,1,0.71904,1,2,1,60.0,,5.0,,0,0,76,16.0,9.0
13838879,0,2015,0,0,11,0,13,14,0,9,0,0,0,0,12,10,0,4,1,0.49368,1,2,1,80.0,,4.0,,0,0,76,0.0,
13839910,0,2015,6,8,12,0,11,14,7,10,0,9,0,0,13,5,0,4,1,0.34392,1,2,1,80.0,,4.0,,0,0,87,14.0,24.0
13840611,0,2015,9,6,13,0,7,14,0,8,0,10,0,0,12,11,0,3,1,0.30178,1,2,1,50.0,,6.0,,0,0,79,39.0,52.0
13840697,1,2015,6,8,11,0,6,13,9,0,14,0,0,0,12,5,10,5,0,0.23469,1,2,1,80.0,23.0,4.0,,0,0,80,69.0,
13841182,0,2015,6,8,11,0,12,9,0,0,14,0,7,0,13,10,0,1,1,0.68892,1,2,1,50.0,,5.0,,0,0,75,42.0,52.0
13841212,0,2015,0,6,13,0,9,10,6,0,14,8,5,0,11,12,0,2,1,0.51668,1,2,1,60.0,,5.0,,0,0,82,45.0,8.0
13841327,1,2015,0,0,12,0,9,14,13,10,0,8,0,0,11,0,0,2,1,0.48453,1,2,1,70.0,27.0,2.0,,0,0,79,44.0,
13841600,0,2015,0,8,10,0,13,14,0,0,0,6,12,0,11,9,7,2,1,0.42511,1,2,1,90.0,,7.0,,0,0,81,46.0,
13841898,0,2015,5,6,7,0,12,13,8,0,0,0,10,9,11,0,14,3,0,0.27732,1,2,1,70.0,,4.0,,0,0,76,0.0,
13841918,0,2015,0,8,14,0,9,10,6,11,13,7,0,0,12,0,0,5,0,0.25835,1,2,1,60.0,,6.0,,0,0,68,55.0,
13841952,1,2015,5,6,4,0,13,14,10,6,0,3,0,12,8,9,11,4,0,0.28162,1,2,1,70.0,27.0,4.0,,0,0,84,22.0,
13842269,0,2015,6,0,14,0,9,10,8,0,13,12,11,0,7,5,0,3,1,0.40858,1,2,1,70.0,,7.0,,0,0,77,15.0,
13842278,1,2015,0,0,0,12,9,11,10,0,14,0,0,13,0,8,0,4,1,0.34540,1,2,0,60.0,25.0,3.0,,0,0,0,11.0,
13842785,0,2015,0,0,8,14,11,13,10,7,0,0,0,0,9,12,0,2,1,0.51666,1,2,1,60.0,,5.0,,0,0,77,,
13843095,0,2015,7,8,13,0,6,14,4,11,0,9,0,0,12,5,10,2,1,0.59691,1,2,1,70.0,,4.0,,0,0,68,,
13843408,0,2015,14,6,9,0,11,13,5,8,0,10,0,0,12,7,0,4,1,0.38249,1,2,0,50.0,,3.0,,0,0,0,5.0,
13843676,0,2015,9,6,12,0,13,14,7,8,0,5,0,0,11,10,0,2,2,0.47039,1,2,1,70.0,,4.0,,0,0,83,,
13844456,1,2015,11,9,14,0,0,10,0,0,0,12,8,0,13,0,0,2,1,0.43370,1,2,0,50.0,23.0,3.0,,0,0,0,,
13845088,0,2015,13,0,9,0,10,14,12,0,0,11,0,0,8,0,0,4,0,0.20504,1,2,0,80.0,,3.0,,0,0,0,0.0,
13900657,0,2015,0,5,9,0,11,13,8,6,0,0,7,10,12,4,14,6,0,0.28864,1,2,1,60.0,,4.0,,0,0,76,43.0,
13901236,1,2015,7,13,11,0,14,9,11,6,0,10,0,0,8,0,0,2,0,0.14692,1,2,1,60.0,32.0,2.0,,0,0,81,17.0,
13902361,1,2015,0,13,10,0,9,14,0,0,0,11,0,0,12,0,0,5,1,0.45881,1,2,1,40.0,32.0,4.0,,0,0,69,82.0,10.0
13902385,0,2015,0,9,0,0,10,11,14,0,0,13,0,0,12,0,0,3,1,0.35445,1,2,1,70.0,,4.0,,0,0,82,,
13903491,1,2015,6,10,12,0,13,8,0,0,14,3,5,6,11,4,8,4,1,0.31584,1,2,1,60.0,28.0,4.0,,0,0,76,,
13904685,0,2015,0,10,11,0,12,14,0,0,0,9,7,8,13,0,0,3,1,0.43320,1,2,1,60.0,,5.0,,0,0,82,18.0,
13905206,1,2015,0,10,0,11,8,13,12,0,14,0,0,0,9,0,0,2,1,0.47958,1,2,1,60.0,33.0,5.0,,0,0,67,18.0,
13908247,1,2015,10,9,7,0,12,14,8,13,0,6,0,0,11,0,0,3,1,0.56730,1,2,0,80.0,28.0,5.0,,0,0,0,5.0,0.0
14179892,1,2015,0,11,10,0,13,12,6,7,0,14,8,0,9,0,0,2,1,0.49948,1,2,1,90.0,28.0,8.0,,0,0,82,0.0,
14179918,1,2015,7,0,10,0,11,13,0,0,0,8,0,12,9,0,14,4,1,0.43858,1,2,1,60.0,28.0,6.0,,0,0,80,54.0,
14179981,0,2015,7,0,0,0,10,11,9,0,14,0,12,0,8,13,0,3,0,0.25889,1,2,1,60.0,,4.0,,0,0,79,,
14180025,0,2015,12,7,10,0,11,14,13,9,0,0,0,0,8,0,0,5,0,0.24738,1,2,1,60.0,,6.0,,0,0,72,,7.0
14180066,0,2015,10,0,11,0,14,12,13,9,0,0,0,0,0,0,0,2,1,0.64237,1,2,1,50.0,,5.0,,0,0,80,,
14180383,0,2015,8,4,9,0,13,7,6,5,14,11,3,0,12,0,10,4,0,0.26280,1,2,1,50.0,,7.0,,0,0,68,37.0,48.0
14180503,0,2015,8,0,9,0,11,12,13,0,0,14,7,0,10,0,0,4,0,0.29525,1,2,1,60.0,,5.0,,0,0,76,,4.0
14180571,0,2015,13,0,10,0,11,12,8,0,14,9,0,0,0,0,0,3,1,0.37219,1,2,1,70.0,,5.0,,0,0,73,,
14180603,0,2015,14,0,10,0,13,12,0,0,0,0,0,0,11,0,0,2,1,0.40772,1,2,1,60.0,,3.0,,0,0,76,21.0,18.0
14180740,1,2015,10,7,13,0,11,14,0,0,0,9,8,0,12,0,0,2,2,0.51115,1,2,0,90.0,25.0,3.0,,0,0,0,0.0,
14180793,1,2015,7,3,11,0,9,10,6,8,14,4,12,0,5,0,13,3,1,0.47883,1,2,1,80.0,30.0,3.0,,0,0,82,35.0,
14180847,0,2015,7,9,11,14,10,13,8,4,5,12,0,0,6,0,0,3,0,0.25559,1,2,1,70.0,,4.0,,0,0,82,0.0,
14180944,1,2015,11,13,12,0,8,6,7,0,14,5,9,0,10,0,0,3,1,0.45244,1,2,1,70.0,26.0,6.0,,0,0,78,,
14181407,0,2015,0,0,9,0,12,13,0,10,0,0,0,0,11,14,0,4,1,0.38495,1,2,1,70.0,,5.0,,0,0,80,24.0,
14183616,0,2015,8,0,10,14,12,13,7,0,9,0,0,0,11,6,0,3,1,0.30704,1,2,1,60.0,,4.0,,0,0,76,,
14183676,1,2015,0,0,10,0,13,14,0,0,0,9,0,12,11,0,0,3,1,0.30460,1,2,1,60.0,24.0,5.0,,0,0,77,27.0,
14186075,0,2015,0,0,12,0,13,14,11,9,0,8,0,0,10,0,0,3,1,0.40126,1,2,1,80.0,,4.0,,0,0,76,67.0,
14187044,1,2015,4,6,12,14,6,13,0,5,0,10,11,0,8,9,0,5,0,0.25637,1,2,1,60.0,26.0,5.0,,0,0,82,0.0,
14187298,0,2015,14,8,7,0,5,9,11,0,13,12,10,0,6,0,0,3,2,0.44219,1,2,1,60.0,,8.0,,0,0,72,57.0,
14187387,0,2015,7,9,6,0,10,8,0,0,0,12,13,0,11,0,14,3,1,0.58089,1,2,1,50.0,,5.0,,0,0,75,5.0,16.0
14189325,0,2015,14,9,12,0,8,13,10,0,0,7,0,0,11,0,0,4,1,0.40303,1,2,1,60.0,,5.0,,0,0,82,44.0,10.0
14189541,1,2015,7,10,11,0,14,12,8,13,0,0,0,0,9,0,0,4,1,0.39527,1,2,1,70.0,25.0,4.0,,0,0,78,10.0,
14189851,0,2015,8,5,10,14,7,13,3,0,9,0,4,6,11,0,12,4,1,0.35672,1,2,0,70.0,,6.0,,0,0,0,9.0,10.0
14189977,0,2015,13,0,12,0,0,11,0,0,0,14,0,0,0,0,0,4,1,0.39510,1,2,1,60.0,,5.0,,0,0,80,19.0,50.0
14190494,0,2015,7,0,13,0,9,14,0,10,0,8,0,12,11,0,0,5,0,0.23696,1,2,1,70.0,,7.0,,0,0,81,,
14190504,1,2015,0,8,13,0,11,9,7,10,14,6,0,0,12,0,0,3,1,0.49734,1,2,1,60.0,30.0,6.0,,0,0,78,,
14191072,0,2015,8,0,11,14,10,13,0,0,0,0,7,0,9,12,0,4,1,0.32195,1,2,1,60.0,,6.0,,0,0,78,26.0,14.0
14191142,1,2015,9,0,7,14,10,12,13,0,0,0,11,8,6,0,0,3,1,0.45783,1,2,1,60.0,32.0,5.0,,0,0,73,16.0,46.0
14191308,0,2015,0,0,10,0,14,12,0,0,0,11,13,0,9,0,0,6,0,0.20672,1,2,1,70.0,,4.0,,0,0,73,,
14191449,0,2015,6,11,10,0,7,14,8,13,0,12,0,0,9,0,0,3,2,0.34190,1,2,1,70.0,,5.0,,0,0,75,6.0,
14191480,0,2015,0,8,13,0,10,11,0,0,0,14,12,0,9,0,0,4,0,0.27626,1,2,1,80.0,,4.0,,0,0,81,3.0,3.0
14191511,0,2015,6,8,10,0,12,14,9,6,13,5,0,0,11,0,0,3,1,0.59953,1,2,1,50.0,,4.0,,0,0,78,28.0,
14191563,1,2015,0,8,10,0,12,11,9,13,0,0,0,14,7,0,0,3,1,0.46249,1,2,1,80.0,33.0,4.0,,0,0,77,,
14191572,1,2015,10,6,7,0,12,9,5,0,14,13,0,11,8,0,0,3,2,0.46964,1,2,1,70.0,26.0,6.0,,0,0,74,15.0,
14191635,0,2015,6,7,9,0,13,14,11,0,0,5,0,8,10,12,0,2,1,0.45601,1,2,0,60.0,,5.0,,0,0,0,0.0,
14191880,0,2015,5,7,6,0,8,13,9,0,0,12,0,14,11,10,0,3,1,0.42785,1,2,1,70.0,,5.0,,0,0,79,88.0,40.0
14192226,0,2015,9,0,8,0,13,14,11,0,0,0,7,0,12,10,0,4,1,0.35922,1,2,1,60.0,,6.0,,0,0,77,40.0,
14192323,0,2015,0,0,11,0,9,13,10,0,0,0,0,0,12,14,0,3,1,0.41471,1,2,1,50.0,,5.0,,0,0,71,17.0,17.0
14192349,0,2015,6,0,11,14,0,13,0,0,0,10,7,9,8,12,0,6,1,0.31482,1,2,1,90.0,,6.0,,0,0,85,,
14193417,1,2015,13,8,11,0,7,12,9,0,0,6,0,0,10,14,0,3,0,0.27627,1,2,1,70.0,33.0,3.0,,0,0,67,,
14193547,1,2015,0,0,0,0,11,13,12,0,0,14,0,0,10,9,0,5,0,0.24888,1,2,1,90.0,26.0,8.0,,0,0,81,,
14193707,0,2015,0,5,12,0,13,11,3,2,14,7,4,8,9,6,10,3,1,0.50464,1,2,1,70.0,,5.0,,0,0,80,,78.0
14193767,1,2015,7,9,10,14,0,11,0,0,0,6,8,0,12,13,0,5,0,0.22970,1,2,1,70.0,33.0,5.0,,0,0,80,50.0,
14193785,0,2015,7,4,12,0,9,14,5,6,8,11,0,0,13,10,0,2,1,0.58092,1,2,1,80.0,,4.0,,0,0,79,14.0,24.0
14193808,1,2015,0,6,11,0,10,12,7,0,0,0,8,9,13,0,14,4,0,0.25124,1,2,1,70.0,29.0,7.0,,0,0,83,,
14194082,0,2015,0,9,10,0,0,14,13,0,0,8,0,12,11,0,0,3,1,0.36242,1,2,1,70.0,,4.0,,0,0,78,22.0,6.0
14194259,0,2015,0,7,12,0,8,14,9,5,0,11,0,13,10,6,0,2,1,0.55656,1,2,1,60.0,,4.0,,0,0,77,24.0,43.0
14194435,0,2015,8,0,11,14,10,13,0,0,0,7,0,0,9,12,0,3,1,0.43804,1,2,1,60.0,,4.0,,0,0,74,,29.0
14194442,0,2015,13,0,0,0,14,11,12,10,0,0,0,0,9,0,0,3,1,0.42780,1,2,1,60.0,,7.0,,0,0,78,54.0,43.0
14194564,0,2015,14,8,13,0,0,9,0,0,0,12,10,0,11,0,0,5,1,0.38336,1,2,1,70.0,,4.0,,0,0,75,21.0,
14194572,1,2015,0,0,8,0,10,13,10,0,12,7,0,0,9,0,14,4,1,0.34168,1,2,1,70.0,29.0,6.0,,0,0,84,5.0,
14194920,0,2015,14,7,11,0,8,9,0,0,12,6,10,0,13,0,0,4,0,0.26291,1,2,1,60.0,,4.0,,0,0,76,54.0,58.0
14195452,0,2015,0,9,13,0,10,14,0,0,7,6,0,8,11,12,0,4,1,0.34480,1,2,1,70.0,,5.0,,0,0,71,36.0,0.0
14195829,0,2015,8,0,11,14,13,12,9,7,0,6,0,0,10,0,0,2,1,0.75832,1,2,1,60.0,,4.0,,0,0,80,99.0,
14195901,0,2015,10,7,12,0,13,14,6,8,0,5,0,9,11,0,0,4,1,0.31042,1,2,1,40.0,,3.0,,0,0,78,15.0,29.0
14196016,0,2015,10,13,7,0,8,9,0,0,14,12,0,0,11,0,0,2,1,0.47898,1,2,1,40.0,,6.0,,0,1,80,,25.0
14196058,0,2015,8,0,11,0,10,14,13,0,0,9,0,0,12,0,0,3,1,0.58093,1,2,1,60.0,,4.0,,0,0,77,75.0,
14196927,0,2015,13,0,9,7,10,14,12,6,0,8,5,0,11,0,0,5,1,0.32180,1,2,1,60.0,,4.0,,0,0,76,7.0,
14197565,0,2015,10,9,12,0,11,14,0,8,0,7,0,0,13,0,0,1,1,0.76669,1,2,1,60.0,,3.0,,0,0,72,20.0,10.0
14197761,0,2015,0,0,10,0,14,12,0,9,0,0,0,13,0,0,11,3,2,0.36375,1,2,1,80.0,,4.0,,0,0,69,31.0,8.0
14197873,0,2015,5,7,13,0,12,10,0,0,0,11,0,9,6,8,14,3,1,0.34306,1,2,1,70.0,,5.0,,0,0,86,85.0,78.0
14197933,0,2015,8,0,10,0,14,11,7,13,0,9,0,0,12,0,0,4,1,0.40446,1,2,1,70.0,,6.0,,0,0,83,64.0,
14198007,0,2015,6,0,7,9,14,11,3,5,13,4,12,0,8,10,0,4,1,0.32452,1,2,1,70.0,,5.0,,0,0,75,8.0,
14198176,0,2015,8,8,14,0,10,13,0,7,0,11,0,0,12,0,0,2,2,0.50836,1,2,1,80.0,,4.0,,0,0,68,55.0,
14198372,0,2015,0,7,10,0,11,14,0,5,6,4,8,13,9,12,0,3,0,0.26242,1,2,1,70.0,,6.0,,0,0,85,,13.0
14198419,0,2015,7,0,10,14,12,13,0,9,0,5,8,0,11,6,0,2,1,0.50019,1,2,1,60.0,,6.0,,0,0,71,5.0,
14198479,0,2015,0,7,8,0,10,12,0,0,0,11,14,9,13,0,0,3,2,0.34449,1,2,1,70.0,,5.0,,0,0,79,36.0,22.0
14198548,0,2015,0,10,12,0,8,9,0,0,0,11,0,14,13,0,0,2,1,0.40391,1,2,1,70.0,,4.0,,0,0,76,56.0,22.0
14198589,1,2015,9,0,14,0,11,12,0,0,0,8,10,0,13,0,0,4,0,0.24590,1,2,1,60.0,32.0,5.0,,0,0,78,14.0,
14198680,0,2015,0,0,10,0,14,13,12,9,0,0,0,0,11,0,0,3,0,0.25217,1,2,1,60.0,,3.0,,0,0,76,37.0,
14198769,0,2015,6,8,12,0,4,13,3,9,0,5,7,11,10,0,14,3,1,0.43549,1,2,1,80.0,,5.0,,0,0,73,,15.0
14199415,1,2015,6,7,12,0,14,13,9,10,5,0,8,0,10,0,0,3,0,0.27334,1,2,1,60.0,27.0,4.0,,0,0,72,29.0,
14199547,0,2015,10,5,11,0,7,13,8,6,0,4,0,14,9,12,0,4,0,0.23328,1,2,1,70.0,,5.0,,0,0,89,,10.0
14200182,0,2015,7,6,12,0,13,14,9,8,0,10,0,0,11,0,0,3,1,0.34991,1,2,1,70.0,,5.0,,0,0,77,0.0,
14200338,0,2015,7,0,13,0,14,12,0,8,0,10,0,0,11,9,0,2,1,0.36974,1,2,1,60.0,,6.0,,0,0,79,,30.0
14200353,0,2015,5,3,6,0,7,12,9,8,0,10,13,4,11,0,14,4,1,0.30196,1,2,1,70.0,,6.0,,0,0,88,46.0,
14200752,0,2015,0,7,10,0,13,12,6,8,14,11,0,0,9,0,0,2,2,0.35556,1,2,0,50.0,,2.0,,0,0,0,6.0,
14200978,0,2015,0,0,12,0,13,14,11,8,0,7,0,0,10,9,0,5,0,0.28219,1,2,1,70.0,,6.0,,0,0,86,,62.0
14201042,0,2015,7,10,9,0,13,12,10,0,6,0,0,0,8,0,14,2,1,0.60442,1,2,1,60.0,,6.0,,0,0,80,40.0,30.0
14201043,0,2015,12,8,7,0,11,13,9,5,14,0,6,0,10,0,0,3,1,0.39091,1,2,1,60.0,,4.0,,0,0,82,,15.0
14201373,1,2015,0,0,0,0,12,13,0,0,0,0,0,0,0,14,0,4,0,0.27765,1,2,1,80.0,23.0,3.0,,0,0,79,57.0,52.0
14201624,0,2015,7,5,12,0,11,14,0,6,0,8,8,0,13,10,0,4,1,0.42080,1,2,1,70.0,,4.0,,0,0,77,,
14201938,1,2015,12,6,10,8,11,7,14,0,13,0,0,0,9,0,0,3,2,0.34073,1,2,1,60.0,29.0,5.0,,0,0,75,9.0,19.0
14202312,0,2015,0,0,12,0,10,14,0,7,13,11,9,0,8,0,0,3,1,0.37516,1,2,1,60.0,,4.0,,0,0,76,7.0,
14202336,0,2015,10,8,9,0,12,14,7,0,0,5,6,0,11,13,0,4,0,0.25608,1,2,1,60.0,,4.0,,0,0,80,,
14203211,0,2015,12,8,0,0,0,0,0,10,0,9,0,13,11,0,14,4,1,0.36856,1,2,1,90.0,,5.0,,0,0,78,28.0,
14203272,0,2015,0,0,9,0,13,12,0,0,0,0,14,0,11,0,10,3,1,0.48163,1,2,1,90.0,,4.0,,0,0,78,69.0,24.0
14203395,0,2015,5,6,10,0,9,11,0,0,12,8,7,0,13,0,14,2,1,0.40315,1,2,1,60.0,,4.0,,0,0,76,,22.0
14203451,0,2015,8,0,0,0,13,14,10,0,11,0,7,0,12,9,0,6,1,0.31173,1,2,1,60.0,,4.0,,0,0,82,,18.0
14203614,1,2015,7,8,9,0,10,14,0,0,0,11,6,0,12,0,13,3,2,0.34449,1,2,1,40.0,30.0,5.0,,0,0,77,23.0,42.0
14203629,0,2015,11,8,7,0,14,12,5,5,0,0,4,9,10,13,0,2,1,0.31206,1,2,1,70.0,,4.0,,0,0,72,20.0,
14203631,0,2015,7,10,13,0,8,9,12,0,4,11,5,0,14,6,0,6,0,0.22965,1,2,0,60.0,,2.0,,0,0,0,45.0,
14203897,0,2015,12,9,6,0,10,11,0,0,14,13,7,0,0,8,0,3,1,0.39413,1,2,1,80.0,,6.0,,0,0,81,45.0,
14204173,0,2015,9,0,14,0,11,13,8,0,0,10,0,0,12,0,0,3,1,0.53733,1,2,1,70.0,,5.0,,0,0,78,52.0,27.0
14204314,0,2015,12,11,13,0,7,9,0,8,0,6,0,10,14,0,0,4,0,0.27261,1,2,1,60.0,,4.0,,0,0,79,,
14204357,0,2015,0,0,12,14,7,13,9,0,8,6,0,0,11,10,0,3,0,0.24132,1,2,1,70.0,,3.0,,0,0,81,15.0,26.0
14204440,1,2015,10,13,14,0,8,11,0,0,3,5,7,9,12,5,4,2,1,0.67778,1,2,1,60.0,32.0,4.0,,0,0,73,0.0,
14204445,0,2015,14,7,9,0,8,13,11,0,6,12,0,0,10,0,0,4,0,0.22759,1,2,1,50.0,,4.0,,0,0,79,0.0,
14204461,0,2015,12,6,9,0,14,11,8,0,0,10,7,0,13,0,0,3,2,0.43363,1,2,0,50.0,,4.0,,0,0,0,6.0,
14204595,1,2015,0,10,8,0,14,13,11,9,0,0,0,0,11,0,0,3,0,0.23586,1,2,1,70.0,28.0,5.0,,0,0,81,,
14204618,1,2015,6,9,8,14,7,12,0,0,0,11,0,0,10,13,0,3,0,0.24823,1,2,1,50.0,30.0,4.0,,0,0,80,,
14205260,0,2015,0,8,11,14,10,13,9,7,0,6,0,0,12,0,0,4,0,0.26426,1,2,1,70.0,,4.0,,0,0,72,,
14205297,0,2015,0,0,12,0,0,13,0,0,0,0,0,0,11,14,0,3,1,0.55232,1,2,1,60.0,,4.0,,0,0,79,29.0,
14205376,0,2015,10,0,12,0,13,14,9,0,0,8,0,0,11,0,0,2,2,0.57934,1,2,1,60.0,,5.0,,0,0,80,,0.0
14205689,0,2015,9,11,14,0,5,8,7,6,0,4,13,10,12,0,0,2,2,0.46669,1,2,1,80.0,,5.0,,0,0,85,60.0,
14205701,0,2015,4,8,13,0,12,14,0,6,0,7,5,9,11,10,0,4,1,0.33984,1,2,1,70.0,,7.0,,0,0,74,29.0,17.0
14206056,0,2015,11,0,9,0,12,14,10,0,0,0,0,0,8,13,0,5,0,0.19626,1,2,1,90.0,,4.0,,0,0,75,,
14206086,0,2015,9,11,5,14,4,8,7,12,0,10,0,13,6,0,0,5,1,0.31721,1,2,1,60.0,,3.0,,0,0,80,42.0,
14206516,0,2015,12,0,7,0,14,13,9,6,0,10,5,7,11,0,0,4,1,0.34982,1,2,1,80.0,,4.0,,0,0,83,18.0,15.0
14206611,0,2015,7,8,12,14,9,10,0,0,0,11,0,0,6,0,13,6,1,0.30670,1,2,1,60.0,,6.0,,0,0,82,,
14206680,0,2015,0,0,10,0,11,12,0,8,0,12,9,0,14,0,0,3,1,0.38150,1,2,1,70.0,,5.0,,0,0,76,26.0,54.0
14207170,0,2015,0,0,14,0,11,13,0,0,0,10,0,0,12,9,0,2,1,0.44621,1,2,1,70.0,,4.0,,0,0,84,,19.0
14207344,0,2015,13,5,12,0,8,9,10,0,14,11,0,0,7,6,0,5,1,0.36916,1,2,1,50.0,,5.0,,0,0,84,,19.0
14207375,1,2015,0,9,13,0,0,12,11,0,0,8,0,0,14,10,0,3,1,0.70667,1,2,1,60.0,28.0,5.0,,0,0,76,0.0,
14207490,0,2015,13,11,10,0,0,8,7,0,0,0,12,0,9,6,14,4,0,0.28404,1,2,1,40.0,,5.0,,0,0,72,42.0,
14207710,0,2015,0,8,0,12,10,9,0,0,14,0,13,0,11,7,0,4,2,0.39915,1,2,1,70.0,,6.0,,0,0,85,,69.0
14207714,1,2015,0,14,11,0,0,10,8,0,0,7,13,0,12,9,0,4,0,0.24795,1,2,1,80.0,26.0,4.0,,0,0,84,41.0,
14207950,1,2015,0,0,9,0,12,14,0,0,13,8,0,0,10,0,11,4,1,0.35850,1,2,1,80.0,29.0,3.0,,0,0,66,,
14208004,0,2015,6,9,8,0,10,12,4,13,14,11,0,0,5,7,0,2,1,0.80446,1,2,1,60.0,,4.0,,0,0,84,,27.0
14208072,0,2015,8,0,9,14,13,12,0,0,0,10,7,0,11,0,0,5,0,0.28653,1,2,1,50.0,,4.0,,0,1,85,66.0,63.0
14208082,0,2015,0,12,14,0,7,9,8,6,0,11,0,0,13,10,0,4,1,0.32415,1,2,1,70.0,,4.0,,0,0,86,14.0,6.0
14208142,0,2015,0,0,8,0,7,13,9,0,14,11,10,0,6,12,0,4,1,0.34446,1,2,1,60.0,,4.0,,0,0,78,27.0,38.0
14208199,0,2015,0,14,11,0,13,0,10,0,0,0,0,0,12,0,0,3,1,0.32809,1,2,1,50.0,,4.0,,0,0,73,12.0,
14208208,0,2015,5,7,12,0,14,13,8,11,0,6,0,9,10,0,0,3,1,0.43287,1,2,1,50.0,,5.0,,0,0,77,,14.0
14208335,0,2015,0,11,10,0,14,12,0,0,0,8,9,0,13,0,0,2,1,0.37113,1,2,1,60.0,,6.0,,0,1,86,,70.0
14208568,0,2015,0,8,11,0,10,14,0,0,0,6,7,0,12,9,13,3,1,0.40562,1,2,1,50.0,,6.0,,0,0,78,,36.0
14208669,1,2015,6,9,11,0,10,14,8,7,13,0,0,0,12,0,0,4,0,0.27170,1,2,1,40.0,24.0,,94.0,0,0,79,0.0,
14208805,1,2015,6,0,7,0,13,12,9,5,0,0,14,0,8,11,10,4,0,0.27026,1,2,1,90.0,26.0,3.0,,0,0,79,13.0,36.0
14208819,0,2015,9,10,12,0,11,14,6,7,0,4,5,0,13,8,0,2,1,0.56882,1,2,1,60.0,,5.0,,0,0,72,,4.0
14208863,0,2015,0,0,12,0,13,10,0,0,0,14,0,0,10,0,0,6,0,0.20668,1,2,0,60.0,,4.0,,0,0,0,16.0,
14208919,0,2015,12,7,0,0,11,9,14,0,0,10,8,0,6,13,0,3,1,0.31266,1,2,1,90.0,,4.0,,0,0,72,,
14208979,0,2015,0,0,0,0,0,11,10,0,0,14,12,0,9,13,0,2,1,0.51674,1,2,1,60.0,,4.0,,0,0,83,18.0,16.0
14208988,0,2015,9,0,10,8,13,14,0,12,0,0,7,0,11,0,0,2,2,0.50833,1,2,1,70.0,,5.0,,0,0,79,,0.0
14209187,0,2015,0,0,10,14,6,12,0,11,7,13,8,0,9,0,0,4,1,0.41515,1,2,1,80.0,,4.0,,0,0,76,6.0,3.0
14209202,0,2015,10,8,12,0,11,9,0,0,14,7,6,0,13,0,0,2,1,0.67302,1,2,1,70.0,,6.0,,0,1,91,54.0,73.0
14209326,0,2015,0,11,9,0,13,8,0,0,0,0,10,0,12,0,14,3,1,0.38679,1,2,1,70.0,,6.0,,0,0,72,,10.0
14209443,0,2015,0,7,13,0,11,12,8,10,0,8,0,0,14,0,0,3,1,0.33066,1,2,1,80.0,,5.0,,0,0,80,55.0,76.0
14209506,0,2015,13,0,9,0,14,11,10,6,0,0,7,0,12,8,0,3,1,0.50884,1,2,1,80.0,,4.0,,0,0,70,10.0,
14209758,0,2015,8,0,12,10,14,13,6,9,0,5,0,0,11,7,0,2,2,0.41265,1,2,1,70.0,,4.0,,0,0,76,,
14209861,0,2015,6,10,11,0,7,12,0,5,0,14,8,9,13,4,0,3,0,0.28188,1,2,1,80.0,,4.0,,0,0,74,0.0,
14209936,1,2015,0,9,12,0,13,11,0,0,0,10,7,0,14,0,8,4,1,0.44939,1,2,1,60.0,33.0,4.0,,0,0,65,,0.0
14210143,0,2015,0,0,13,0,10,14,11,0,0,0,9,0,11,0,0,2,1,0.46061,1,2,1,80.0,,3.0,,0,0,74,4.0,
14210986,0,2015,14,7,11,8,11,13,0,10,0,9,0,0,6,5,0,6,0,0.20670,1,2,1,80.0,,5.0,,0,0,83,0.0,
14211109,0,2015,13,0,10,0,10,0,0,0,14,0,0,0,9,12,0,2,1,0.48874,1,2,1,70.0,,5.0,,0,0,76,,
14211187,1,2015,7,0,6,0,10,9,0,13,0,11,12,0,8,0,14,4,1,0.34326,1,2,1,70.0,26.0,7.0,,0,0,74,,
14212581,0,2015,12,6,8,0,7,13,9,5,0,4,10,0,11,0,14,2,1,0.50499,1,2,1,70.0,,6.0,,0,0,76,43.0,39.0
14212603,0,2015,10,5,11,0,7,12,4,6,0,8,0,14,9,13,0,5,0,0.24504,1,2,1,80.0,,5.0,,0,0,84,99.0,
14212690,1,2015,10,0,8,0,14,11,7,13,0,0,0,0,9,12,0,4,0,0.27123,1,2,1,70.0,26.0,2.0,,0,0,80,0.0,
14212792,1,2015,9,0,10,0,8,12,7,6,14,5,13,0,11,0,0,5,1,0.44502,1,2,1,80.0,25.0,2.0,,0,0,75,10.0,4.0
14212903,0,2015,0,14,0,0,0,12,0,0,0,0,0,13,0,0,0,3,1,0.46723,1,2,1,50.0,,6.0,,0,0,77,27.0,
14213782,0,2015,9,6,12,0,10,13,0,5,8,14,0,7,11,0,4,2,1,0.77363,1,2,1,60.0,,4.0,,0,0,81,,9.0
14214066,0,2015,5,14,12,0,10,13,8,6,0,9,7,0,11,0,0,5,1,0.31375,1,2,1,60.0,,4.0,,0,0,76,37.0,
14214870,1,2015,0,0,9,0,11,14,13,0,0,0,0,12,10,0,0,3,2,0.39999,1,2,1,80.0,30.0,4.0,,0,0,79,,28.0
14215397,0,2015,8,0,9,0,12,13,5,6,14,0,7,0,10,11,0,4,0,0.23467,1,2,0,50.0,,2.0,,0,0,0,7.0,
14215398,0,2015,0,0,9,0,11,14,8,10,0,0,13,0,12,0,0,4,1,0.55177,1,2,1,70.0,,6.0,,0,0,79,83.0,
14215428,1,2015,0,8,10,0,9,11,0,14,7,13,0,0,12,6,0,3,1,0.41220,1,2,1,80.0,31.0,5.0,,0,0,83,8.0,
14215439,0,2015,8,7,12,0,10,9,0,0,14,13,6,0,11,0,0,3,1,0.53550,1,2,1,40.0,,4.0,,0,0,80,62.0,33.0
14216006,0,2015,11,9,12,14,8,10,7,0,0,0,0,0,13,0,0,2,1,0.64955,1,2,1,60.0,,4.0,,0,0,76,,3.0
14216060,1,2015,0,5,7,14,12,8,0,6,0,0,10,13,9,11,0,4,1,0.33647,1,2,1,70.0,27.0,3.0,,0,0,76,33.0,
14216189,0,2015,0,0,10,0,14,13,9,8,0,0,11,0,12,0,0,4,0,0.27372,1,2,1,70.0,,4.0,,0,0,71,,
14216388,1,2015,0,9,11,14,8,13,10,0,0,0,0,0,12,0,0,4,1,0.34441,1,2,1,70.0,26.0,5.0,,0,0,81,7.0,9.0
14216603,0,2015,7,6,9,0,14,13,0,0,0,11,0,10,12,8,0,2,2,0.35556,1,2,1,70.0,,3.0,,0,0,83,,52.0
14216995,1,2015,0,13,9,0,14,12,0,0,0,0,8,0,11,10,0,3,1,0.38335,1,2,0,60.0,34.0,4.0,,0,0,0,,
14217423,0,2015,10,0,9,0,11,14,7,5,12,4,6,13,8,0,0,3,2,0.40796,1,2,1,70.0,,5.0,,0,0,76,,8.0
14217430,0,2015,7,0,4,0,9,8,5,13,11,12,6,0,10,0,14,4,1,0.55524,1,2,1,40.0,,7.0,,0,0,82,,14.0
14217452,0,2015,0,0,8,14,9,10,6,13,5,11,0,12,7,0,0,2,2,0.39585,1,2,1,80.0,,4.0,,0,0,78,41.0,41.0
14217503,1,2015,0,0,9,14,11,13,0,12,0,7,0,0,8,0,10,4,1,0.30964,1,2,1,70.0,27.0,5.0,,0,0,77,,0.0
14217668,0,2015,12,0,9,0,10,13,7,0,0,6,0,0,8,11,14,4,0,0.28120,1,2,1,90.0,,4.0,,0,0,68,4.0,
14218027,0,2015,0,0,12,0,10,14,6,8,0,9,7,0,13,11,0,4,1,0.32078,1,2,1,60.0,,4.0,,0,0,67,25.0,
14218467,1,2015,10,11,13,0,0,0,0,14,0,0,0,0,12,0,0,3,1,0.32066,1,2,1,50.0,29.0,2.0,,0,0,69,20.0,
14218491,1,2015,0,0,0,0,12,13,0,0,0,0,0,0,11,0,14,2,2,0.55497,1,2,1,60.0,25.0,3.0,,0,0,69,44.0,
14218508,1,2015,0,9,7,0,11,14,6,8,13,0,5,0,10,0,12,4,0,0.22888,1,2,1,50.0,29.0,3.0,,0,0,83,36.0,
14218655,1,2015,6,7,9,0,8,14,0,0,13,5,4,12,11,0,10,3,1,0.54274,1,2,1,50.0,33.0,4.0,,0,0,81,25.0,62.0
14218818,0,2015,0,7,10,0,13,11,0,6,12,8,0,14,9,0,0,3,1,0.40854,1,2,1,50.0,,5.0,,0,0,72,15.0,
14219282,0,2015,9,11,12,0,0,7,0,8,0,14,0,10,13,0,0,2,1,0.73237,1,2,1,70.0,,4.0,,0,0,85,50.0,47.0
14219544,1,2015,12,0,9,0,11,13,6,0,0,0,0,7,8,10,14,3,1,0.33455,1,2,1,80.0,27.0,4.0,,0,0,85,60.0,61.0
14219624,0,2015,6,0,10,14,13,12,0,0,0,9,8,0,11,7,0,3,2,0.40774,1,2,1,60.0,,4.0,,0,0,82,33.0,32.0
14219827,1,2015,5,7,11,0,14,13,6,10,12,3,4,8,9,0,0,4,1,0.31467,1,2,1,70.0,27.0,4.0,,0,0,73,,
14220547,1,2015,7,8,9,0,14,13,0,11,0,0,10,0,12,0,0,4,1,0.30107,1,2,1,50.0,33.0,4.0,,0,0,81,57.0,15.0
14220647,0,2015,5,10,12,0,8,11,0,4,0,9,6,7,13,14,0,2,1,0.42979,1,2,1,50.0,,4.0,,0,0,80,38.0,37.0
14220753,1,2015,9,7,8,14,13,12,3,10,0,5,4,0,11,6,0,3,0,0.25358,1,2,1,60.0,40.0,4.0,,0,0,77,,0.0
14220789,0,2015,14,5,7,0,10,12,9,2,13,4,3,8,6,10,0,3,1,0.70336,1,2,1,60.0,,5.0,,0,0,73,,
14221120,0,2015,8,6,10,0,12,13,9,0,0,7,5,0,11,0,14,3,1,0.42184,1,2,1,70.0,,6.0,,0,0,83,,
14221324,0,2015,14,3,8,0,9,12,6,5,7,1,2,10,11,4,13,3,2,0.34447,1,2,0,70.0,,6.0,,0,0,0,32.0,
14221350,0,2015,8,5,11,0,13,14,0,0,6,12,7,9,10,0,0,2,1,0.65247,1,2,1,60.0,,6.0,,0,0,85,,52.0
14221490,0,2015,0,0,10,0,0,12,0,0,14,11,0,0,13,0,0,3,1,0.35611,1,2,1,80.0,,4.0,,0,0,83,,
14221609,0,2015,13,0,9,0,10,12,0,0,14,0,0,0,11,0,0,4,0,0.21938,1,2,0,70.0,,5.0,,0,0,0,,
14221634,0,2015,7,10,9,0,11,12,0,8,6,4,5,0,13,0,14,3,1,0.33704,1,2,1,60.0,,4.0,,0,0,82,39.0,
14221641,0,2015,0,9,14,0,12,13,7,10,0,8,0,0,11,0,0,4,0,0.23512,1,2,1,70.0,,6.0,,0,0,74,,
14221655,0,2015,6,8,7,0,9,10,0,14,11,12,5,0,13,0,0,5,1,0.33320,1,2,1,80.0,,4.0,,0,0,83,58.0,
14221660,0,2015,7,8,10,0,13,14,9,0,0,5,6,0,12,10,0,3,0,0.26678,1,2,1,80.0,,4.0,,0,1,84,,48.0
14221672,0,2015,6,10,9,0,7,13,12,0,0,11,14,0,8,5,0,4,1,0.37101,1,2,1,60.0,,5.0,,0,0,79,,
14221879,0,2015,0,7,10,0,14,13,12,6,0,11,0,0,9,8,0,3,1,0.33360,1,2,1,60.0,,4.0,,0,0,80,6.0,47.0
14222280,1,2015,7,10,12,0,8,13,0,0,14,6,0,0,11,9,0,1,1,0.53333,1,2,1,40.0,33.0,4.0,,0,0,74,17.0,11.0
14222369,0,2015,10,9,12,0,13,14,7,0,0,0,0,0,11,8,0,3,1,0.32434,1,2,1,60.0,,6.0,,0,0,80,45.0,33.0
14222973,1,2015,13,9,11,0,10,14,0,0,0,7,8,0,12,0,0,6,1,0.31245,1,2,1,60.0,26.0,4.0,,0,0,81,23.0,
14223225,1,2015,8,0,12,0,13,10,7,0,14,0,0,0,11,8,0,4,1,0.34449,1,2,1,90.0,33.0,5.0,,0,0,84,55.0,
14223295,0,2015,0,0,0,0,0,0,0,0,0,0,0,0,14,0,0,5,0,0.28013,1,2,1,70.0,,4.0,,0,0,75,82.0,41.0
14223381,0,2015,11,0,0,14,13,12,0,0,0,0,0,10,9,0,0,3,1,0.34040,1,2,1,50.0,,5.0,,0,0,73,24.0,42.0
14223535,0,2015,14,7,11,0,13,12,9,5,0,8,10,0,6,0,0,4,1,0.39241,1,2,1,90.0,,6.0,,0,0,81,27.0,
14223570,0,2015,0,0,9,0,7,14,12,8,10,0,0,0,11,12,0,4,0,0.22807,1,2,1,70.0,,3.0,,0,0,81,,
14223694,0,2015,0,0,13,0,9,14,8,0,0,12,9,0,11,0,0,2,1,0.63613,1,2,1,50.0,,4.0,,0,0,76,30.0,41.0
14223908,0,2015,7,0,10,0,13,14,9,0,0,6,0,8,11,12,0,5,1,0.32102,1,2,1,40.0,,5.0,,0,0,68,18.0,21.0
14224118,0,2015,12,8,9,0,11,13,0,0,0,6,7,0,10,0,14,3,1,0.34253,1,2,1,70.0,,6.0,,0,0,84,3.0,
14224125,1,2015,14,5,8,0,10,9,7,0,0,6,12,0,11,0,13,4,1,0.31447,1,2,1,60.0,28.0,6.0,,0,0,73,10.0,18.0
14224183,0,2015,7,0,8,0,14,13,0,10,5,0,6,9,12,11,0,3,0,0.29053,1,2,1,60.0,,3.0,,0,0,73,,36.0
14224327,1,2015,0,0,11,0,12,14,0,9,0,0,10,0,13,0,0,2,1,0.58888,1,2,1,70.0,30.0,5.0,,0,0,84,8.0,
14224353,0,2015,5,14,11,0,10,12,8,0,13,6,0,0,9,7,0,3,1,0.49127,1,2,1,50.0,,4.0,,0,0,76,,6.0
14224396,0,2015,0,13,0,14,10,10,12,0,0,0,0,8,9,0,0,3,0,0.25648,1,2,1,80.0,,5.0,,0,0,81,12.0,17.0
14224503,0,2015,9,7,12,0,13,14,10,0,0,6,0,8,11,0,0,5,0,0.27066,1,2,1,70.0,,7.0,,0,0,89,,
14224622,0,2015,5,6,7,0,11,10,0,0,13,9,0,12,8,14,0,3,1,0.48671,1,2,1,70.0,,4.0,,0,0,83,43.0,93.0
14224684,0,2015,6,14,9,0,7,11,12,4,13,10,4,0,8,0,0,3,0,0.26671,1,2,1,70.0,,5.0,,0,0,78,,15.0
14224687,1,2015,0,0,9,14,13,10,0,8,0,12,0,11,0,0,0,0,0,0.06667,1,2,1,60.0,25.0,7.0,,0,0,78,36.0,
14224715,0,2015,9,0,14,0,10,13,5,8,0,11,7,0,12,6,0,4,1,0.40215,1,2,1,60.0,,4.0,,0,0,79,10.0,
14224951,1,2015,0,0,9,0,12,14,0,7,0,11,8,0,10,13,0,3,1,0.52716,1,2,1,90.0,28.0,4.0,,0,0,74,5.0,
14225033,1,2015,7,9,10,0,14,13,6,5,0,4,3,8,12,11,0,1,1,0.82425,1,2,1,70.0,33.0,4.0,,0,0,69,,
14225039,1,2015,7,0,11,0,12,14,8,0,0,10,0,13,9,0,0,3,1,0.39506,1,2,0,70.0,27.0,6.0,,0,0,0,10.0,4.0
14225164,0,2015,10,11,6,0,13,14,7,0,0,12,0,8,9,5,0,3,1,0.34209,1,2,1,70.0,,4.0,,0,0,86,,10.0
14225230,0,2015,0,0,6,0,9,12,8,13,14,11,7,10,5,0,0,3,1,0.43810,1,2,1,50.0,,7.0,,0,0,81,,71.0
14225699,0,2015,8,0,9,0,12,14,0,0,0,13,0,10,11,7,0,2,2,0.43718,1,2,1,60.0,,5.0,,0,0,78,,23.0
14225771,0,2015,0,0,14,0,8,12,9,0,0,13,11,0,10,0,0,2,1,0.49020,1,2,1,80.0,,4.0,,0,0,75,21.0,14.0
14225928,0,2015,13,7,6,0,14,11,0,12,0,9,10,0,8,0,0,3,0,0.27774,1,2,1,70.0,,5.0,,0,0,82,60.0,
14226075,0,2015,0,12,14,0,11,7,10,0,0,8,6,0,13,0,9,3,1,0.36966,1,2,1,80.0,,5.0,,0,0,85,8.0,15.0
14226583,0,2015,6,0,12,0,11,14,7,9,0,13,0,0,10,8,0,3,1,0.60378,1,2,1,90.0,,3.0,,0,0,80,99.0,
14226920,0,2015,13,0,6,0,12,10,0,0,0,9,0,7,8,11,14,3,1,0.44676,1,2,1,60.0,,5.0,,0,0,75,31.0,
14226965,0,2015,8,9,11,0,13,14,12,0,6,5,0,0,10,7,0,4,1,0.46792,1,2,1,70.0,,6.0,,0,0,79,53.0,
14227117,0,2015,13,6,6,0,12,14,0,0,4,10,10,0,9,5,8,3,2,0.42973,1,2,1,50.0,,5.0,,0,1,79,46.0,36.0
14227211,0,2015,7,6,9,14,12,13,7,0,0,0,0,11,10,0,0,6,0,0.14766,1,2,1,60.0,,4.0,,0,0,85,,4.0
14227304,1,2015,0,10,13,14,0,0,11,0,0,0,0,0,12,0,0,3,1,0.30518,1,2,1,70.0,25.0,3.0,,0,0,75,0.0,12.0
14227307,0,2015,12,0,8,0,7,14,5,0,9,13,6,0,10,11,0,5,1,0.30670,1,2,1,70.0,,5.0,,0,0,75,3.0,3.0
14227362,0,2015,0,11,0,0,0,0,12,14,0,13,10,0,0,0,0,3,1,0.43657,1,2,1,40.0,,6.0,,0,0,75,45.0,39.0
14227410,0,2015,9,0,0,0,11,10,13,0,0,12,0,14,0,0,0,4,1,0.32328,1,2,1,80.0,,4.0,,0,0,89,5.0,
14228417,0,2015,10,11,12,0,13,8,6,0,0,0,7,9,14,5,0,3,0,0.23592,1,2,1,60.0,,4.0,,0,0,81,46.0,29.0
14228452,1,2015,11,10,4,0,12,6,9,8,14,4,7,0,13,0,0,4,0,0.26042,1,2,1,60.0,27.0,4.0,,0,1,80,5.0,17.0
14228613,1,2015,13,0,9,0,10,14,0,12,0,0,0,0,11,0,0,2,1,0.36972,1,2,1,70.0,26.0,5.0,,0,0,76,12.0,0.0
14228826,1,2015,0,9,8,0,14,11,12,0,0,0,7,0,13,10,0,2,1,0.36972,1,2,1,80.0,28.0,3.0,,0,0,78,7.0,
14229238,0,2015,10,0,11,0,13,14,0,9,0,8,0,0,12,0,0,3,1,0.39169,1,2,1,60.0,,5.0,,0,0,78,60.0,25.0
14229349,1,2015,0,0,12,0,14,13,0,10,0,0,0,0,11,0,0,7,0,0.20677,1,2,1,70.0,25.0,3.0,,0,0,72,,14.0
14230314,0,2015,0,0,7,0,13,8,0,14,0,11,12,9,10,0,0,3,1,0.61822,1,2,1,70.0,,6.0,,0,0,82,57.0,70.0
14230409,0,2015,0,10,14,0,9,12,0,0,0,13,0,0,8,11,0,4,1,0.32481,1,2,1,70.0,,5.0,,0,0,80,45.0,8.0
14230512,0,2015,0,0,11,0,14,13,0,12,0,0,0,9,10,0,0,5,0,0.29333,1,2,1,70.0,,3.0,,0,0,80,17.0,51.0
14230895,0,2015,7,0,9,0,12,14,10,0,13,0,11,0,8,0,0,1,1,0.53344,1,2,1,70.0,,6.0,,0,0,77,44.0,46.0
14230897,1,2015,9,4,8,3,7,14,11,6,0,2,0,12,10,13,5,3,1,0.58711,1,2,1,90.0,27.0,5.0,,0,0,82,8.0,
14231009,0,2015,6,3,10,0,11,7,4,5,9,8,13,0,12,0,14,4,0,0.18491,1,2,1,80.0,,6.0,,0,0,79,,20.0
14231130,1,2015,0,9,8,0,14,12,5,6,13,6,0,11,10,0,0,2,1,0.52654,1,2,1,80.0,32.0,4.0,,0,0,82,22.0,
14231133,0,2015,0,10,5,14,9,8,7,12,13,11,0,0,6,0,0,3,1,0.35403,1,2,1,80.0,,4.0,,0,0,82,13.0,93.0
14231375,0,2015,10,0,8,0,14,13,7,5,0,12,0,9,6,11,0,4,1,0.39308,1,2,1,70.0,,5.0,,0,0,75,22.0,32.0
14231517,0,2015,5,9,14,0,13,10,7,4,0,12,6,0,11,8,0,2,1,0.64341,1,2,1,60.0,,6.0,,0,0,80,,
14231652,0,2015,9,0,13,14,10,11,8,0,0,6,6,0,12,0,0,6,0,0.20670,1,2,1,70.0,,4.0,,0,0,66,0.0,
14231991,0,2015,6,8,14,10,5,11,7,9,0,12,4,0,13,3,0,3,1,0.49235,1,2,1,50.0,,5.0,,0,0,78,22.0,
14232499,0,2015,7,9,14,0,8,13,0,6,0,12,10,0,11,0,0,1,1,0.76667,1,2,1,70.0,,5.0,,0,0,79,63.0,
14232969,0,2015,6,0,8,0,12,14,10,9,7,0,5,0,13,11,0,4,1,0.48283,1,2,1,70.0,,3.0,,0,0,88,29.0,
14233112,0,2015,0,0,0,10,12,14,8,11,0,0,0,13,9,0,0,6,1,0.38482,1,2,1,50.0,,5.0,,0,0,75,22.0,24.0
14233229,0,2015,0,0,13,0,0,12,14,0,0,10,0,0,11,0,0,3,1,0.42102,1,2,1,60.0,,4.0,,0,0,76,38.0,
14233395,0,2015,0,9,8,0,14,12,13,0,0,10,0,0,11,0,0,0,0,0.06667,1,2,0,70.0,,4.0,,0,0,0,22.0,21.0
14233491,1,2015,10,4,12,0,11,7,5,6,14,9,8,0,13,0,0,3,1,0.51694,1,2,0,60.0,27.0,4.0,,0,0,0,32.0,0.0
14233575,0,2015,5,6,13,0,10,11,7,9,14,8,4,0,12,0,0,3,0,0.25585,1,2,0,90.0,,6.0,,0,0,0,0.0,
14233815,1,2015,7,0,0,0,9,8,10,11,0,0,14,13,12,0,0,4,0,0.23595,1,2,1,70.0,24.0,5.0,,0,0,83,0.0,5.0
14234128,0,2015,0,0,13,0,9,12,0,10,0,8,14,0,11,0,0,4,1,0.57630,1,2,1,60.0,,4.0,,0,0,74,31.0,46.0
14234252,1,2015,9,0,11,0,14,12,0,7,0,10,0,0,13,8,0,4,1,0.38969,1,2,1,60.0,28.0,4.0,,0,0,74,22.0,
14238230,0,2015,8,0,9,0,11,13,12,7,14,6,0,0,10,0,0,3,1,0.41332,1,2,1,70.0,,4.0,,0,0,71,9.0,
14238233,0,2015,8,9,14,0,12,11,10,5,0,6,0,0,13,7,0,4,1,0.37768,1,2,1,60.0,,4.0,,0,0,77,40.0,50.0
14238564,0,2015,8,5,13,0,6,6,0,0,0,9,11,14,12,10,0,4,2,0.39640,1,2,1,70.0,,6.0,,0,0,75,0.0,
14239215,0,2015,9,0,8,0,13,14,12,7,0,6,0,0,10,0,11,4,1,0.34133,1,2,1,70.0,,4.0,,0,0,78,,41.0
14239370,0,2015,9,0,8,0,13,14,6,11,10,0,7,0,12,0,0,4,1,0.42428,1,2,1,70.0,,5.0,,0,0,71,37.0,
14239447,0,2015,5,8,14,0,13,12,9,6,4,10,7,0,11,0,0,4,0,0.28740,1,2,1,50.0,,4.0,,0,0,74,25.0,
14239593,1,2015,7,0,12,0,11,13,8,9,0,0,14,0,10,0,0,4,0,0.27247,1,2,1,60.0,28.0,6.0,,0,1,84,40.0,
14239595,0,2015,0,0,13,0,14,11,0,0,0,12,9,0,10,0,0,4,1,0.32280,1,2,1,50.0,,,93.0,0,0,74,,50.0
14239665,0,2015,7,4,11,0,8,13,5,6,0,14,12,0,10,8,0,3,1,0.35638,1,2,1,60.0,,7.0,,0,0,80,10.0,29.0
14239784,0,2015,0,10,12,0,13,14,8,0,0,9,0,0,11,0,0,4,1,0.30601,1,2,1,50.0,,,94.0,0,0,77,10.0,7.0
14240351,0,2015,0,0,0,0,13,14,0,11,0,0,0,0,11,0,0,7,0,0.20665,1,2,1,90.0,,4.0,,0,0,71,,
14240544,1,2015,9,6,11,0,8,12,0,14,0,7,0,13,10,0,0,4,0,0.23733,1,2,1,60.0,23.0,4.0,,0,0,72,33.0,
14240613,0,2015,0,5,8,13,10,6,0,7,14,11,9,0,12,0,0,2,1,0.54850,1,2,1,80.0,,6.0,,0,0,75,,27.0
14240695,0,2015,9,6,11,0,13,14,8,10,0,4,0,7,12,5,0,4,0,0.27879,1,2,1,60.0,,4.0,,0,0,73,55.0,
14240725,0,2015,0,13,12,14,10,10,6,8,0,7,5,0,9,0,0,4,1,0.31699,1,2,1,70.0,,6.0,,0,0,77,6.0,
14240994,0,2015,9,12,11,0,7,13,8,0,14,0,0,0,10,0,0,4,0,0.24814,1,2,0,60.0,,4.0,,0,0,0,24.0,
14241155,0,2015,10,8,12,0,13,14,0,7,0,9,0,0,11,0,0,5,1,0.44475,1,2,1,80.0,,5.0,,0,0,83,29.0,
14241254,0,2015,0,0,10,0,11,12,0,9,0,13,7,0,14,8,0,3,1,0.50096,1,2,1,60.0,,5.0,,0,0,76,68.0,
14241792,0,2015,14,7,12,0,13,11,0,5,0,6,8,0,10,0,9,4,0,0.20451,1,2,1,60.0,,5.0,,0,0,78,,
14241828,0,2015,0,9,10,0,6,11,0,0,14,5,12,0,8,7,13,4,1,0.50834,1,2,1,60.0,,6.0,,0,0,73,30.0,
14241882,0,2015,0,0,8,0,10,9,0,12,0,0,0,0,11,14,13,2,2,0.52156,1,2,1,70.0,,5.0,,0,0,69,3.0,23.0
14241900,0,2015,0,0,12,14,0,0,13,0,0,0,11,0,0,0,0,3,1,0.45375,1,2,1,60.0,,5.0,,0,0,74,28.0,5.0
14241960,0,2015,7,5,13,14,8,12,9,0,0,6,11,0,10,0,0,4,1,0.34446,1,2,1,40.0,,,93.0,0,0,69,9.0,19.0
14242072,1,2015,0,0,8,14,13,10,0,12,0,9,7,0,11,0,0,4,1,0.32975,1,2,1,60.0,32.0,5.0,,0,0,72,7.0,
14242114,0,2015,0,10,8,0,12,14,0,0,13,9,0,0,11,0,0,3,1,0.45332,1,2,1,70.0,,6.0,,0,0,83,,19.0
14242458,0,2015,12,0,10,0,11,14,13,0,0,0,0,0,9,0,0,3,0,0.29409,1,2,1,60.0,,7.0,,0,0,74,,0.0
14242619,0,2015,4,5,6,0,9,13,6,10,0,12,11,8,14,3,0,5,0,0.26057,1,2,1,70.0,,5.0,,0,0,80,0.0,
14242721,0,2015,0,8,12,0,11,13,0,0,14,7,10,0,9,0,0,2,1,0.50667,1,2,1,60.0,,4.0,,0,0,78,10.0,
14243299,0,2015,11,9,12,0,8,13,6,0,14,5,0,0,10,0,6,2,1,0.47992,1,2,1,50.0,,7.0,,0,0,74,43.0,
14243471,0,2015,0,11,9,14,8,6,0,12,0,7,4,13,10,5,0,4,1,0.35495,1,2,1,60.0,,5.0,,0,0,76,11.0,
14243480,0,2015,10,9,14,0,6,12,0,0,0,11,8,0,13,7,0,3,2,0.36192,1,2,1,80.0,,6.0,,0,0,76,48.0,
14243508,1,2015,6,8,14,0,0,9,7,9,11,12,5,0,13,0,0,5,1,0.30236,1,2,0,70.0,26.0,4.0,,0,0,0,41.0,
14243640,0,2015,12,8,6,0,9,14,0,11,13,5,0,0,10,7,0,3,1,0.39375,1,2,1,70.0,,5.0,,0,0,80,,29.0
14243830,0,2015,10,0,12,0,9,14,7,0,0,8,0,0,11,13,0,3,2,0.45108,1,2,1,60.0,,4.0,,0,0,80,40.0,20.0
14244020,0,2015,7,8,14,9,11,12,5,0,0,6,10,0,13,0,0,4,1,0.42635,1,2,1,70.0,,5.0,,0,0,69,,14.0
14244219,0,2015,5,0,13,14,5,11,7,12,0,8,10,0,9,0,0,3,1,0.41333,1,2,1,70.0,,5.0,,0,0,80,,
14244589,0,2015,0,0,9,0,12,11,8,10,0,0,0,0,13,0,14,3,1,0.51494,1,2,1,60.0,,7.0,,0,0,80,,
14244601,0,2015,5,8,10,14,11,12,0,0,0,13,9,0,7,6,0,3,1,0.30053,1,2,1,60.0,,4.0,,0,0,78,,
14244741,0,2015,0,6,11,14,10,12,9,0,13,0,8,0,7,0,0,3,0,0.29793,1,2,1,70.0,,7.0,,0,0,79,31.0,
14245025,0,2015,0,6,13,0,0,9,7,10,0,14,11,8,12,0,0,3,1,0.50722,1,2,1,70.0,,4.0,,0,0,68,23.0,
14245280,1,2015,6,7,11,14,10,8,0,5,12,0,0,0,9,13,0,3,1,0.43672,1,2,1,70.0,35.0,6.0,,0,0,84,24.0,
14245444,1,2015,0,0,9,0,7,8,12,10,0,0,14,0,11,0,13,4,0,0.29178,1,2,1,50.0,32.0,4.0,,0,0,85,24.0,26.0
14245453,0,2015,12,0,7,0,0,9,8,0,13,6,14,10,11,0,0,3,1,0.47115,1,2,1,80.0,,7.0,,0,0,78,8.0,
14245643,1,2015,7,10,14,0,11,9,0,0,0,5,12,8,13,6,0,4,0,0.21295,1,2,1,70.0,29.0,6.0,,0,0,82,0.0,0.0
14245659,0,2015,7,9,10,0,11,14,6,0,13,0,8,0,12,5,0,4,0,0.21675,1,2,1,70.0,,6.0,,0,1,87,45.0,
14245675,0,2015,6,0,10,14,8,13,5,9,0,4,11,0,7,12,0,4,1,0.38945,1,2,1,70.0,,4.0,,0,0,77,9.0,0.0
14246161,0,2015,13,7,8,0,14,11,0,12,0,6,0,0,10,9,0,4,0,0.25835,1,2,1,60.0,,4.0,,0,0,86,,36.0
14246231,0,2015,13,11,0,0,14,12,10,7,0,0,6,9,8,0,0,4,1,0.38334,1,2,1,60.0,,4.0,,0,0,78,49.0,
14246253,0,2015,0,4,13,0,7,12,9,0,8,10,0,14,11,6,5,3,1,0.45815,1,2,0,60.0,,5.0,,0,0,0,18.0,17.0
14246985,0,2015,12,4,8,0,11,13,10,5,7,3,0,0,9,6,14,4,0,0.21347,1,2,1,90.0,,4.0,,0,0,81,27.0,
14247082,1,2015,0,0,9,14,12,13,0,0,0,10,7,0,11,8,0,2,1,0.51666,1,2,1,60.0,27.0,3.0,,0,0,83,41.0,27.0
14247649,0,2015,4,0,8,0,10,12,5,11,13,9,0,14,6,0,7,3,1,0.37494,1,2,1,60.0,,4.0,,0,0,73,9.0,
14247676,0,2015,8,10,9,0,11,11,13,0,0,6,0,14,7,0,0,3,1,0.42834,1,2,1,70.0,,5.0,,0,0,85,0.0,3.0
14248067,1,2015,0,0,12,0,0,13,9,14,0,8,0,11,10,0,0,2,1,0.39133,1,2,1,60.0,26.0,4.0,,0,0,78,,
14248425,0,2015,7,11,9,14,12,8,6,0,4,13,0,0,10,5,0,4,0,0.27430,1,2,0,60.0,,3.0,,0,0,0,85.0,
14248482,0,2015,10,9,11,8,7,13,0,0,14,0,0,0,12,0,0,5,0,0.20447,1,2,1,70.0,,4.0,,0,1,83,86.0,
14248715,0,2015,9,6,10,0,12,8,4,5,14,11,13,0,6,0,0,3,1,0.42397,1,2,1,60.0,,4.0,,0,0,81,78.0,
14249164,0,2015,8,7,11,0,12,6,8,0,13,4,2,5,10,3,14,2,1,0.52980,1,2,1,70.0,,4.0,,0,0,78,,0.0
14249384,0,2015,14,0,8,0,7,12,5,0,9,4,13,11,10,0,6,4,1,0.30969,1,2,1,70.0,,5.0,,0,0,77,46.0,29.0
14249660,0,2015,7,10,12,0,5,11,9,0,4,14,8,0,12,6,0,6,0,0.20433,1,2,1,70.0,,4.0,,0,0,83,64.0,51.0
14249747,0,2015,13,0,7,0,8,12,0,14,0,11,0,0,10,0,9,5,0,0.21718,1,2,1,60.0,,4.0,,0,0,83,57.0,71.0
14250689,0,2015,7,9,5,0,12,10,6,8,13,3,4,0,11,14,0,5,0,0.25836,1,2,1,80.0,,4.0,,0,0,80,20.0,
14250751,0,2015,10,8,7,0,13,14,12,9,0,6,0,0,11,0,0,5,0,0.21349,1,2,1,70.0,,5.0,,0,0,78,71.0,
14250818,1,2015,14,5,11,0,11,13,6,0,0,10,0,7,9,8,0,4,1,0.35133,1,2,1,60.0,29.0,3.0,,0,0,74,8.0,0.0
14250981,1,2015,8,5,12,0,7,13,10,0,14,3,4,11,9,6,0,1,1,0.68822,1,2,1,70.0,28.0,4.0,,0,0,76,75.0,
14251103,0,2015,14,10,8,0,11,12,0,0,9,0,0,0,13,0,0,5,1,0.34022,1,2,1,90.0,,5.0,,0,0,78,14.0,
14251223,1,2015,0,10,12,0,0,14,9,13,0,0,0,0,11,0,0,3,1,0.33260,1,2,1,60.0,29.0,3.0,,0,0,83,8.0,15.0
14251346,0,2015,9,6,10,0,10,14,4,7,0,5,0,8,12,13,0,4,1,0.38507,1,2,1,60.0,,5.0,,0,0,82,,0.0
14251552,1,2015,6,11,10,0,9,12,5,13,14,7,0,0,8,0,0,5,0,0.27310,1,2,1,60.0,26.0,4.0,,0,0,72,8.0,16.0
14251964,1,2015,5,7,14,0,8,11,6,0,9,3,3,13,12,10,0,5,1,0.33582,1,2,1,90.0,25.0,3.0,,0,0,82,14.0,
14252005,0,2015,13,12,10,0,8,14,11,0,0,0,0,9,7,6,0,1,1,0.42100,1,2,1,60.0,,3.0,,0,0,75,22.0,
14252292,0,2015,0,0,10,0,12,14,13,0,0,0,0,0,11,0,0,3,1,0.32655,1,2,1,80.0,,4.0,,0,0,67,10.0,
14252534,0,2015,0,8,11,0,13,10,12,14,0,6,0,8,7,5,0,4,1,0.48550,1,2,1,60.0,,4.0,,0,0,70,23.0,
14252633,1,2015,0,8,9,14,11,12,0,0,13,7,0,0,10,0,0,2,1,0.67402,1,2,1,50.0,26.0,3.0,,0,0,78,25.0,
14252778,0,2015,0,7,11,0,8,10,0,14,0,9,0,12,13,0,0,4,1,0.45507,1,2,1,50.0,,5.0,,0,0,83,0.0,8.0
14252795,0,2015,5,4,14,0,8,12,9,10,3,11,13,0,7,0,6,4,0,0.21338,1,2,1,60.0,,5.0,,0,0,79,26.0,
14252801,0,2015,7,5,8,0,12,13,0,11,0,9,6,0,10,14,0,4,1,0.31349,1,2,0,70.0,,4.0,,0,0,0,45.0,
14252862,0,2015,6,5,8,9,12,13,6,0,0,0,4,10,11,0,14,3,1,0.40286,1,2,1,60.0,,4.0,,0,0,77,0.0,8.0
14252987,0,2015,12,0,9,0,10,14,0,0,0,0,0,13,11,0,0,5,0,0.29527,1,2,1,60.0,,4.0,,0,0,73,,
14253322,0,2015,8,7,11,0,13,14,8,0,0,6,0,10,12,0,0,2,1,0.33890,1,2,1,60.0,,5.0,,0,0,79,73.0,38.0
14253631,1,2015,14,6,9,0,8,11,0,0,0,13,12,0,10,0,7,3,1,0.34729,1,2,1,80.0,25.0,4.0,,0,0,76,8.0,
14253639,1,2015,0,9,14,7,10,11,5,4,8,6,3,13,12,0,0,6,1,0.30401,1,2,1,50.0,35.0,5.0,,0,0,74,49.0,42.0
14254031,0,2015,5,6,7,0,10,8,12,8,14,11,4,0,13,0,0,3,1,0.50383,1,2,1,60.0,,4.0,,0,0,75,50.0,
14254177,1,2015,10,5,7,0,14,13,6,3,4,2,9,12,11,8,0,2,1,0.63334,1,2,1,50.0,33.0,5.0,,0,0,78,41.0,20.0
14254187,0,2015,14,8,9,0,11,13,7,0,0,0,0,10,12,0,0,3,0,0.29030,1,2,1,70.0,,5.0,,0,0,88,10.0,
14254197,0,2015,5,4,10,0,8,14,6,11,0,9,7,0,13,12,0,4,1,0.36413,1,2,1,70.0,,5.0,,0,0,87,,7.0
14254902,0,2015,0,0,9,0,13,14,10,12,0,8,7,0,11,0,0,4,0,0.27571,1,2,1,70.0,,6.0,,0,0,84,70.0,
14254959,1,2015,0,11,13,0,10,14,9,0,0,0,0,0,12,0,0,4,0,0.29525,1,2,0,70.0,30.0,3.0,,0,0,0,31.0,
14255035,0,2015,0,6,9,0,14,13,10,5,4,12,0,11,8,7,0,2,1,0.65023,1,2,1,80.0,,5.0,,0,0,81,,
14255191,0,2015,9,5,12,0,8,14,10,6,13,4,7,0,11,0,0,4,1,0.39665,1,2,1,50.0,,4.0,,0,0,80,60.0,76.0
14255282,0,2015,12,0,11,0,9,14,0,10,0,7,8,0,13,0,0,3,2,0.45186,1,2,1,80.0,,5.0,,0,0,68,30.0,42.0
14255541,0,2015,8,0,10,0,14,13,12,0,0,9,7,0,11,0,0,3,1,0.59126,1,2,1,70.0,,5.0,,0,0,80,3.0,0.0
14255606,1,2015,5,9,11,0,13,12,0,7,0,0,8,14,10,6,0,6,0,0.26282,1,2,1,60.0,32.0,3.0,,0,0,76,,12.0
14255697,0,2015,0,0,9,0,12,13,11,8,14,0,0,0,10,0,0,4,0,0.22821,1,2,1,60.0,,4.0,,0,0,75,6.0,0.0
14255807,0,2015,7,8,9,0,13,14,4,6,0,4,12,11,10,0,0,3,1,0.49838,1,2,1,50.0,,4.0,,0,0,74,20.0,
14255924,0,2015,7,6,13,0,10,14,8,9,0,5,0,0,12,11,0,4,1,0.36473,1,2,1,60.0,,5.0,,0,0,82,31.0,
14256106,1,2015,0,0,12,0,7,10,0,0,14,11,8,0,9,13,0,2,1,0.41863,1,2,1,80.0,29.0,4.0,,0,0,70,,
14256118,0,2015,7,6,11,0,14,13,8,4,12,10,0,0,9,5,0,4,0,0.27212,1,2,1,70.0,,4.0,,0,0,80,,0.0
14256133,0,2015,9,0,11,0,12,14,8,0,0,7,0,0,13,10,0,4,1,0.50665,1,2,1,60.0,,5.0,,0,0,80,0.0,0.0
14256135,1,2015,0,8,12,0,10,14,9,0,13,7,0,0,11,0,0,2,1,0.53668,1,2,1,80.0,30.0,6.0,,0,0,73,,14.0
14256457,0,2015,14,0,11,0,8,13,6,7,0,10,0,0,12,9,0,3,0,0.27730,1,2,1,70.0,,5.0,,0,0,71,6.0,
14256913,0,2015,14,8,13,0,6,10,12,0,0,9,7,5,11,0,0,4,0,0.22424,1,2,1,70.0,,7.0,,0,0,82,,
14257379,0,2015,9,10,11,0,12,14,13,0,0,5,6,0,8,7,0,2,1,0.65183,1,2,1,60.0,,4.0,,0,0,76,31.0,36.0
14257947,1,2015,7,0,9,0,11,10,5,6,14,0,13,0,12,7,0,4,0,0.19555,1,2,0,70.0,33.0,7.0,,0,0,0,,
14257996,1,2015,8,0,0,13,10,14,10,9,0,0,0,0,12,0,0,3,2,0.35629,1,2,1,60.0,29.0,5.0,,0,0,81,,18.0
14258193,1,2015,0,0,0,0,14,13,0,11,0,0,0,0,12,0,0,2,1,0.49646,1,2,1,60.0,31.0,5.0,,0,0,71,,45.0
14258270,1,2015,8,10,8,0,14,13,4,6,0,6,5,11,12,0,0,3,0,0.22617,1,2,1,60.0,25.0,4.0,,0,0,79,58.0,48.0
14258745,0,2015,0,9,8,0,13,14,12,0,0,0,7,0,11,10,0,4,2,0.36871,1,2,1,80.0,,3.0,,0,0,83,75.0,44.0
14259030,1,2015,12,0,11,14,7,13,10,0,9,6,0,0,8,0,0,1,1,0.59898,1,2,1,60.0,27.0,3.0,,0,0,73,,
14259118,1,2015,10,0,8,0,14,13,11,0,0,0,8,0,12,0,0,5,1,0.31873,1,2,1,60.0,27.0,3.0,,0,0,82,47.0,
14259194,0,2015,0,0,10,0,12,13,0,14,0,11,8,0,9,0,0,3,1,0.31825,1,2,1,60.0,,4.0,,0,0,75,36.0,
14259211,0,2015,11,5,7,0,12,10,0,13,0,14,5,0,9,8,0,5,0,0.27167,1,2,1,60.0,,4.0,,0,0,84,13.0,
14259357,1,2015,10,0,11,0,9,14,7,6,0,0,5,8,12,13,0,4,0,0.23967,1,2,1,60.0,24.0,7.0,,0,0,79,,23.0
14259807,0,2015,4,5,10,0,8,11,14,13,0,9,0,6,12,6,0,2,1,0.61335,1,2,1,80.0,,7.0,,0,0,80,30.0,
14259844,1,2015,11,5,12,0,14,13,6,0,0,8,0,7,9,10,0,5,0,0.29525,1,2,1,70.0,29.0,4.0,,0,1,83,,
14259877,0,2015,12,10,9,0,5,8,0,4,0,13,14,0,11,6,7,2,2,0.40832,1,2,1,60.0,,6.0,,0,0,77,26.0,
14259958,0,2015,0,10,11,0,9,14,8,0,0,13,12,0,0,0,0,4,1,0.50029,1,2,1,70.0,,5.0,,0,0,78,6.0,
14260519,0,2015,8,0,11,0,13,14,0,10,0,9,0,0,12,0,0,3,2,0.36787,1,2,1,60.0,,3.0,,0,0,73,0.0,
14260602,0,2015,0,0,8,0,13,12,10,9,14,0,7,0,11,0,0,3,0,0.28968,1,2,1,60.0,,6.0,,0,0,75,,15.0
14260740,0,2015,4,6,13,5,8,14,0,9,6,10,0,0,11,12,0,2,2,0.35559,1,2,1,60.0,,3.0,,0,0,73,26.0,39.0
14260828,0,2015,12,6,10,0,7,13,0,8,0,0,9,5,11,0,14,4,1,0.45182,1,2,1,50.0,,4.0,,0,0,82,25.0,32.0
14261219,1,2015,0,0,13,0,11,14,0,0,0,0,0,0,10,12,0,3,1,0.38161,1,2,1,60.0,28.0,2.0,,0,0,74,,
14261227,0,2015,0,0,13,0,12,14,8,0,0,10,7,11,9,0,0,3,0,0.20508,1,2,1,70.0,,5.0,,0,0,81,0.0,0.0
14261240,1,2015,9,0,11,14,8,13,12,0,0,10,0,0,7,0,0,3,1,0.51108,1,2,1,60.0,30.0,6.0,,0,0,83,42.0,
14261268,1,2015,0,8,12,0,9,14,10,13,0,7,0,0,11,0,0,3,0,0.23947,1,2,1,60.0,24.0,3.0,,0,0,84,50.0,
14261295,1,2015,0,0,12,0,8,14,10,0,0,7,9,0,11,13,0,5,1,0.35017,1,2,1,80.0,31.0,3.0,,0,0,81,,0.0
14261318,0,2015,5,6,4,0,13,10,8,0,14,7,8,0,12,0,11,3,0,0.26669,1,2,1,70.0,,3.0,,0,0,69,57.0,
14261366,0,2015,11,0,13,0,14,10,0,0,0,8,0,12,9,0,0,2,1,0.39786,1,2,1,60.0,,5.0,,0,0,80,61.0,
14261461,0,2015,0,8,12,0,5,9,6,10,0,7,0,13,11,0,14,3,1,0.46042,1,2,1,60.0,,5.0,,0,0,81,43.0,46.0
14261569,0,2015,10,0,8,0,12,9,6,0,0,0,7,0,11,13,14,5,1,0.37447,1,2,1,80.0,,6.0,,0,0,77,,4.0
14261649,0,2015,6,7,10,14,9,12,11,0,0,0,0,0,7,0,13,3,1,0.41336,1,2,1,70.0,,6.0,,0,0,85,,
14261752,0,2015,5,10,12,0,13,11,9,0,0,0,7,0,14,6,8,4,2,0.35796,1,2,1,70.0,,5.0,,0,0,75,64.0,84.0
14261780,0,2015,7,11,6,14,8,12,13,0,4,0,9,10,4,0,0,4,1,0.48161,1,2,1,80.0,,6.0,,0,0,83,65.0,
14261981,0,2015,8,6,11,0,10,13,0,0,0,7,14,0,12,0,9,7,0,0.22961,1,2,1,70.0,,6.0,,0,0,75,0.0,
14262267,0,2015,5,6,11,0,13,14,7,8,0,12,0,10,8,0,0,3,0,0.29039,1,2,1,60.0,,7.0,,0,0,79,15.0,
14262543,0,2015,6,12,11,14,0,8,0,0,13,0,10,7,5,9,0,3,1,0.35952,1,2,1,70.0,,4.0,,0,0,69,30.0,
14262606,0,2015,12,5,4,14,3,9,11,13,0,7,10,8,6,0,0,3,1,0.35631,1,2,1,60.0,,5.0,,0,0,79,,
14263533,0,2015,7,11,14,0,10,13,8,9,0,6,0,0,12,0,0,2,1,0.46061,1,2,1,70.0,,4.0,,0,0,80,0.0,
14263860,1,2015,0,12,13,0,9,14,8,0,0,7,0,11,10,0,0,3,1,0.53041,1,2,1,70.0,27.0,4.0,,0,0,74,,
14264526,1,2015,0,11,10,14,13,12,8,7,0,0,0,0,9,0,0,4,0,0.24266,1,2,1,70.0,32.0,2.0,,0,0,79,36.0,
14264727,1,2015,10,0,9,0,13,12,0,0,14,0,0,11,0,0,0,3,0,0.26157,1,2,1,70.0,25.0,4.0,,0,0,80,44.0,
14264730,0,2015,0,0,11,0,12,14,6,0,0,9,7,13,10,8,0,3,1,0.41312,1,2,1,60.0,,4.0,,0,0,75,,
14265348,1,2015,0,10,11,0,14,12,0,0,0,9,0,0,13,0,0,3,1,0.41383,1,2,1,90.0,26.0,4.0,,0,0,77,,
14265368,1,2015,7,11,9,0,10,14,12,0,0,0,0,0,8,0,13,3,1,0.37639,1,2,1,80.0,23.0,5.0,,0,0,75,36.0,
14265414,1,2015,0,0,12,0,11,14,0,9,0,7,8,0,10,13,0,2,2,0.41342,1,2,1,60.0,32.0,3.0,,0,0,76,0.0,12.0
14265417,0,2015,11,0,7,0,9,13,0,0,0,0,10,12,8,0,14,5,0,0.27005,1,2,1,70.0,,4.0,,0,0,66,0.0,
14265931,0,2015,5,10,8,0,14,11,8,13,0,5,0,0,7,12,0,3,1,0.38831,1,2,1,60.0,,4.0,,0,0,83,,
14266102,1,2015,0,0,12,0,11,13,0,9,14,7,0,8,10,0,0,4,1,0.43026,1,2,1,70.0,25.0,4.0,,0,0,77,11.0,
14266129,0,2015,8,11,14,0,10,9,0,0,12,0,7,0,13,0,0,4,1,0.49822,1,2,1,90.0,,6.0,,0,0,73,,65.0
14266142,0,2015,0,7,12,0,10,13,9,0,0,7,11,0,14,0,0,4,1,0.34072,1,2,1,60.0,,4.0,,0,0,81,33.0,
14266339,0,2015,0,0,5,0,10,6,4,12,14,8,9,13,11,7,0,5,0,0.23416,1,2,1,70.0,,6.0,,0,0,84,62.0,68.0
14267065,1,2015,0,0,8,0,9,11,12,13,14,10,0,0,7,0,0,5,0,0.20786,1,2,1,60.0,40.0,4.0,,0,0,82,,
14267301,0,2015,12,11,7,0,10,14,9,8,0,5,0,0,13,6,0,5,0,0.28628,1,2,1,90.0,,5.0,,0,0,80,14.0,
14267347,0,2015,9,7,12,0,13,14,8,10,0,6,0,0,11,0,0,3,1,0.36794,1,2,1,70.0,,7.0,,0,0,82,99.0,
14267502,1,2015,9,0,12,0,14,13,0,10,0,0,0,0,11,0,0,4,0,0.29523,1,2,1,70.0,25.0,4.0,,0,0,73,29.0,
14267738,0,2015,14,0,7,0,9,13,6,0,12,8,0,0,11,10,5,3,1,0.31966,1,2,1,60.0,,7.0,,0,0,84,21.0,
14267856,0,2015,10,0,12,0,6,7,0,11,9,8,0,0,13,0,14,3,0,0.26671,1,2,1,60.0,,5.0,,0,0,70,27.0,
14268020,1,2015,0,8,14,0,12,10,0,7,0,11,9,0,13,0,0,3,1,0.37020,1,2,1,60.0,31.0,3.0,,0,1,81,43.0,
14268251,1,2015,13,10,8,0,12,14,0,9,0,11,0,7,6,0,0,1,1,0.53333,1,2,1,60.0,27.0,4.0,,0,0,80,25.0,
14268306,0,2015,0,6,9,0,8,10,0,13,14,7,5,0,11,12,0,4,1,0.31153,1,2,1,60.0,,4.0,,0,0,77,,
14268630,0,2015,0,7,9,12,0,11,0,10,0,0,13,14,8,0,0,5,0,0.18217,1,2,1,60.0,,4.0,,0,0,82,39.0,
14268800,0,2015,6,4,13,0,8,14,7,5,0,9,11,0,10,12,0,2,1,0.70538,1,2,1,90.0,,5.0,,0,0,82,,
14268802,0,2015,8,0,7,0,12,10,0,0,6,14,13,5,11,9,0,3,1,0.38974,1,2,1,50.0,,3.0,,0,0,76,50.0,60.0
14268917,0,2015,5,8,12,14,7,9,11,0,13,10,0,0,6,0,0,3,1,0.35707,1,2,1,50.0,,5.0,,0,0,79,38.0,33.0
14269063,0,2015,12,0,0,0,13,0,0,0,14,0,0,0,0,0,0,4,1,0.30423,1,2,0,80.0,,4.0,,0,0,0,2.0,
14270673,0,2015,0,0,10,0,10,8,0,0,14,7,12,13,9,0,0,2,1,0.46548,1,2,1,70.0,,6.0,,0,0,79,,
14270715,1,2015,11,0,12,0,10,13,0,7,14,6,0,0,9,8,0,1,1,0.48598,1,2,1,80.0,24.0,4.0,,0,0,76,23.0,
14270753,1,2015,0,12,0,0,14,9,0,0,0,10,8,0,13,11,0,4,1,0.50476,1,2,0,90.0,20.0,2.0,,0,0,0,,
14270781,0,2015,9,13,0,0,11,10,14,0,0,0,0,0,12,0,0,2,2,0.36118,1,2,0,60.0,,3.0,,0,0,0,30.0,
14271059,0,2015,0,8,11,0,14,13,7,6,0,10,9,0,12,0,0,3,1,0.68463,1,2,1,50.0,,4.0,,0,0,84,23.0,13.0
14271528,0,2015,14,7,11,0,10,12,13,8,0,6,0,0,9,0,0,2,1,0.38679,1,2,1,60.0,,6.0,,0,0,83,,33.0
14271859,1,2015,0,0,10,0,9,14,8,0,0,7,0,12,11,13,0,7,0,0.27988,1,2,0,60.0,28.0,3.0,,0,0,0,82.0,
14271970,0,2015,6,0,12,0,8,14,9,13,10,7,5,0,11,0,0,2,1,0.78518,1,2,1,60.0,,3.0,,0,0,78,8.0,24.0
14272053,0,2015,0,11,9,0,14,13,10,0,0,0,8,0,12,0,0,3,0,0.26669,1,2,1,70.0,,4.0,,0,0,68,,
14272116,1,2015,7,5,8,0,12,14,0,0,13,11,6,0,10,0,9,3,1,0.41303,1,2,1,90.0,24.0,4.0,,0,0,81,14.0,
14272118,0,2015,0,0,10,0,12,14,11,9,0,0,0,13,8,7,0,3,1,0.46642,1,2,1,60.0,,3.0,,0,0,73,18.0,7.0
14272145,0,2015,0,12,0,0,13,10,11,0,14,8,7,0,9,0,0,5,0,0.23139,1,2,1,60.0,,5.0,,0,0,79,,4.0
14272272,0,2015,8,4,7,0,6,11,3,5,14,12,13,10,9,0,0,2,1,0.50884,1,2,1,60.0,,4.0,,0,0,76,,
14272371,0,2015,0,7,12,0,9,13,6,0,0,11,10,0,14,8,0,3,1,0.51170,1,2,1,60.0,,6.0,,0,0,80,8.0,29.0
14272373,0,2015,10,14,8,0,12,9,11,0,0,7,0,0,13,0,0,4,1,0.30237,1,2,1,60.0,,6.0,,0,0,82,,
14272468,1,2015,9,0,0,0,11,8,14,12,0,0,7,13,10,0,0,4,1,0.33057,1,2,1,60.0,31.0,5.0,,0,0,66,3.0,6.0
14272483,1,2015,0,11,9,0,14,12,0,8,0,7,0,13,10,0,0,4,1,0.38451,1,2,1,90.0,28.0,4.0,,0,0,81,8.0,
14272811,1,2015,0,9,12,0,13,14,10,0,0,8,0,0,11,0,0,6,1,0.40666,1,2,0,70.0,26.0,3.0,,0,0,0,11.0,
14272914,1,2015,10,0,13,14,0,12,0,0,0,9,0,0,11,0,0,3,0,0.23593,1,2,1,70.0,23.0,5.0,,0,0,63,12.0,
14273037,1,2015,11,0,0,0,13,10,0,7,14,9,8,12,6,0,5,4,0,0.25781,1,2,1,90.0,26.0,3.0,,0,0,77,48.0,
14273081,1,2015,0,9,13,0,10,12,0,0,0,11,0,0,14,0,0,3,0,0.26670,1,2,1,70.0,25.0,3.0,,0,0,79,6.0,12.0
14273236,0,2015,4,8,5,14,12,9,6,0,0,11,0,7,10,13,0,3,1,0.40705,1,2,1,90.0,,4.0,,0,0,68,,0.0
14273267,1,2015,11,0,13,0,14,8,9,0,0,0,9,0,12,0,0,3,1,0.38926,1,2,1,70.0,25.0,4.0,,0,0,77,,
14273390,0,2015,8,11,6,0,13,9,0,0,0,12,7,0,14,10,0,4,1,0.31293,1,2,1,80.0,,4.0,,0,0,82,10.0,37.0
14273647,0,2015,8,0,11,0,12,14,0,7,9,0,0,0,9,13,0,3,1,0.35946,1,2,1,60.0,,4.0,,0,0,84,36.0,
14274069,0,2015,9,10,13,14,5,5,4,8,0,2,3,11,12,7,0,3,0,0.27624,1,2,1,80.0,,3.0,,0,0,69,,
14274239,0,2015,8,6,9,0,10,14,13,7,0,0,0,11,12,0,0,2,1,0.46171,1,2,1,60.0,,4.0,,0,0,76,14.0,
14274588,0,2015,14,0,11,0,9,12,13,0,0,6,0,7,10,8,0,2,0,0.29883,1,2,1,60.0,,5.0,,0,0,77,,0.0
14274683,1,2015,0,6,8,0,11,13,0,7,14,10,0,12,9,0,0,3,1,0.41039,1,2,1,70.0,26.0,3.0,,0,0,76,70.0,
14274742,0,2015,12,7,8,0,14,10,6,0,0,13,9,0,11,0,0,3,1,0.37079,1,2,1,70.0,,4.0,,0,0,83,27.0,
14275811,0,2015,6,0,8,10,11,12,7,14,0,13,0,0,9,5,0,5,1,0.32631,1,2,1,90.0,,3.0,,0,0,83,0.0,
14275889,1,2015,7,0,12,0,10,11,6,0,13,8,0,0,9,0,14,3,1,0.43808,1,2,0,60.0,34.0,3.0,,0,0,0,9.0,0.0
14275927,0,2015,11,8,5,14,10,12,13,0,0,0,0,9,7,6,0,4,1,0.32532,1,2,1,60.0,,6.0,,0,0,85,5.0,
14276092,0,2015,6,7,13,0,8,14,0,0,0,9,0,11,12,10,0,4,1,0.48848,1,2,1,70.0,,4.0,,0,0,83,21.0,
14276140,0,2015,13,7,8,14,10,5,12,0,0,6,0,0,9,11,0,2,1,0.58510,1,2,1,50.0,,5.0,,0,0,72,29.0,7.0
14276163,1,2015,10,8,13,6,11,14,7,0,0,9,5,0,12,0,0,3,1,0.58438,1,2,1,70.0,31.0,3.0,,0,0,80,,
14276341,0,2015,10,5,9,0,13,11,6,0,0,12,0,0,7,8,14,1,1,0.60036,1,2,1,70.0,,5.0,,0,0,72,24.0,13.0
14276723,0,2015,6,8,9,0,14,12,0,0,0,10,7,13,11,0,0,3,1,0.36466,1,2,1,60.0,,5.0,,0,0,78,,41.0
14276916,0,2015,13,0,12,0,9,14,8,0,0,7,0,0,11,10,0,4,1,0.43895,1,2,1,60.0,,4.0,,0,0,84,64.0,14.0
14276955,0,2015,13,0,9,0,8,11,0,0,0,12,0,0,10,14,0,5,0,0.25837,1,2,0,50.0,,3.0,,0,0,0,,
14276956,0,2015,14,0,11,0,9,12,13,0,0,8,0,0,10,0,0,4,1,0.34771,1,2,1,80.0,,3.0,,0,0,82,50.0,
14276969,0,2015,0,7,13,0,9,14,0,0,6,8,10,0,11,12,0,3,1,0.50964,1,2,1,80.0,,5.0,,0,0,70,0.0,
14277012,0,2015,7,0,9,0,10,14,0,8,11,12,6,0,13,0,0,2,1,0.32390,1,2,1,60.0,,5.0,,0,0,80,6.0,
14277025,1,2015,0,14,13,0,8,11,6,0,0,9,12,0,10,7,0,3,2,0.44767,1,2,1,70.0,24.0,4.0,,0,0,78,25.0,
14277251,0,2015,9,0,12,0,11,14,0,0,0,8,0,0,13,10,0,2,1,0.48103,1,2,1,60.0,,4.0,,0,0,62,17.0,
14277306,0,2015,0,13,10,0,14,12,0,4,5,7,9,0,8,6,11,3,1,0.58094,1,2,1,60.0,,3.0,,0,0,84,38.0,70.0
14278033,1,2015,0,11,12,0,0,0,0,0,0,14,0,0,12,0,0,4,0,0.27550,1,2,1,60.0,25.0,4.0,,0,0,87,14.0,36.0
14278115,1,2015,0,9,12,14,10,13,0,0,0,0,0,0,11,0,0,3,1,0.48374,1,2,1,80.0,25.0,5.0,,0,0,81,44.0,
14278202,0,2015,10,10,7,0,12,13,0,9,0,8,0,0,14,0,0,4,1,0.33678,1,2,1,60.0,,4.0,,0,0,75,3.0,
14278271,1,2015,12,0,5,0,13,5,9,0,14,7,10,0,8,11,0,3,1,0.32353,1,2,1,60.0,26.0,5.0,,0,0,84,38.0,
14279586,0,2015,0,0,11,0,9,14,6,0,0,7,12,0,8,13,10,3,1,0.63294,1,2,1,70.0,,5.0,,0,0,75,36.0,
14279914,0,2015,12,11,5,0,7,9,13,6,0,10,0,0,8,14,0,2,1,0.61373,1,2,0,60.0,,5.0,,0,0,0,20.0,
14279960,0,2015,14,6,9,0,11,12,0,5,0,4,7,8,9,3,13,2,1,0.51663,1,2,1,60.0,,4.0,,0,0,76,,0.0
14279993,0,2015,0,8,12,14,13,10,0,7,0,0,0,0,11,0,9,4,0,0.23263,1,2,1,60.0,,5.0,,0,0,71,,0.0
14280571,0,2015,0,0,13,0,0,11,0,0,0,0,0,0,12,0,14,1,1,0.82424,1,2,1,70.0,,2.0,,0,0,80,,
14282895,0,2015,0,10,6,0,8,9,0,13,14,7,5,12,11,0,0,2,1,0.56474,1,2,1,70.0,,4.0,,0,0,81,0.0,
14286339,0,2015,0,8,10,0,14,12,0,9,13,0,0,11,7,0,0,5,1,0.30160,1,2,1,60.0,,4.0,,0,0,79,17.0,30.0
14286662,0,2015,0,0,9,0,11,8,0,6,14,11,13,0,10,7,0,2,1,0.34578,1,2,1,60.0,,5.0,,0,0,80,60.0,
14287867,0,2015,12,8,11,0,7,9,0,10,0,4,4,0,13,6,14,3,1,0.35759,1,2,1,80.0,,5.0,,0,0,80,29.0,
14288040,0,2015,0,7,13,0,9,14,8,0,0,6,0,10,11,12,0,5,1,0.40382,1,2,1,80.0,,6.0,,0,0,70,0.0,
14288171,0,2015,0,10,12,0,4,13,8,9,6,7,0,5,11,0,14,3,1,0.45732,1,2,1,70.0,,5.0,,0,0,86,,
14288510,1,2015,0,4,7,0,13,11,9,6,14,10,8,0,12,5,0,2,2,0.45948,1,2,1,60.0,35.0,3.0,,0,0,78,0.0,0.0
14289542,0,2015,12,9,11,0,7,14,0,8,0,6,0,0,10,13,0,3,1,0.40546,1,2,1,80.0,,4.0,,0,0,80,18.0,42.0
14291289,0,2015,0,8,13,0,12,11,0,7,14,0,9,0,10,6,0,5,0,0.22698,1,2,1,70.0,,5.0,,0,0,73,42.0,
14291521,0,2015,10,4,8,14,7,12,6,0,13,0,9,11,5,0,0,4,1,0.30043,1,2,1,60.0,,5.0,,0,0,83,14.0,
14293317,0,2015,0,0,7,13,14,10,8,12,0,0,9,0,11,0,0,3,1,0.33895,1,2,1,60.0,,6.0,,0,0,77,,
14293392,1,2015,5,0,7,14,12,9,0,0,0,11,8,13,9,6,0,4,1,0.34256,1,2,1,90.0,26.0,4.0,,0,0,73,,
14293463,0,2015,7,10,12,0,9,14,0,0,0,8,0,13,11,0,0,3,0,0.26680,1,2,1,80.0,,4.0,,0,0,81,8.0,
14293465,0,2015,11,8,9,0,14,12,7,6,10,4,5,0,13,0,0,2,1,0.35456,1,2,1,90.0,,4.0,,0,0,79,35.0,32.0
14293550,0,2015,8,7,9,14,10,11,4,6,0,5,0,0,12,0,13,3,1,0.37340,1,2,1,70.0,,4.0,,0,0,79,30.0,14.0
14293584,1,2015,0,0,0,0,13,11,0,0,0,0,0,0,14,12,0,3,1,0.56804,1,2,0,70.0,26.0,4.0,,0,0,0,,
14293618,0,2015,0,0,10,0,13,14,11,9,0,0,0,0,12,0,0,3,1,0.47066,1,2,1,70.0,,5.0,,0,0,76,0.0,0.0
14293669,0,2015,12,5,7,0,9,14,10,11,13,6,0,0,8,0,0,3,1,0.63334,1,2,1,70.0,,5.0,,0,0,78,,
14294340,0,2015,7,0,12,0,13,14,10,5,6,9,0,0,8,11,0,5,0,0.29905,1,2,1,60.0,,2.0,,0,0,70,13.0,11.0
14294669,0,2015,13,0,0,0,11,10,9,0,14,0,12,0,0,0,0,2,1,0.31322,1,2,1,70.0,,6.0,,0,0,81,,
14294760,0,2015,9,0,6,0,11,12,8,7,0,5,14,0,10,13,0,2,1,0.75832,1,2,1,60.0,,6.0,,0,0,74,10.0,
14295297,0,2015,5,7,11,0,14,13,9,12,0,6,7,0,10,0,0,4,0,0.16337,1,2,1,80.0,,4.0,,0,0,80,0.0,0.0
14295343,0,2015,14,9,10,0,8,11,5,7,0,0,13,0,12,6,0,2,1,0.47931,1,2,1,70.0,,5.0,,0,0,86,67.0,
14295657,0,2015,0,9,12,0,13,14,8,10,0,0,0,0,11,0,0,3,1,0.32632,1,2,0,70.0,,5.0,,0,0,0,63.0,0.0
14295719,1,2015,0,9,12,0,11,13,0,7,14,0,8,0,10,0,0,4,1,0.30441,1,2,1,80.0,26.0,3.0,,0,0,76,33.0,
14296428,0,2015,6,10,13,0,8,11,0,0,7,14,9,0,12,0,0,4,1,0.32673,1,2,1,60.0,,6.0,,0,0,82,27.0,21.0
14296676,0,2015,0,9,11,14,12,13,6,8,0,0,0,0,7,10,0,2,2,0.35557,1,2,1,70.0,,3.0,,0,0,74,15.0,
14297124,0,2015,0,8,11,7,12,10,0,6,0,0,9,14,13,0,0,6,0,0.22966,1,2,1,60.0,,3.0,,0,0,85,35.0,
14297687,0,2015,7,11,6,0,8,14,0,0,0,9,10,0,13,12,0,2,2,0.36970,1,2,0,80.0,,5.0,,0,0,0,14.0,
14297989,0,2015,0,9,13,0,11,14,8,0,10,0,0,0,12,0,0,4,1,0.42198,1,2,1,70.0,,4.0,,0,0,74,36.0,
14298697,1,2015,7,9,8,0,13,14,10,6,0,0,5,0,10,12,0,3,1,0.33739,1,2,1,50.0,24.0,3.0,,0,0,84,,
14299108,0,2015,7,5,11,10,12,13,9,6,0,4,0,0,8,0,14,3,1,0.36525,1,2,1,90.0,,4.0,,0,0,85,90.0,99.0
14300202,0,2015,13,0,10,0,11,14,9,7,0,6,0,8,12,0,0,5,1,0.30406,1,2,1,70.0,,5.0,,0,0,80,8.0,
14300519,0,2015,11,0,0,0,12,13,14,0,0,0,0,0,0,0,0,2,1,0.68627,1,2,1,80.0,,4.0,,0,0,79,25.0,8.0
14301738,0,2015,0,0,10,0,12,14,0,0,0,13,0,0,11,0,0,3,2,0.36172,1,2,0,60.0,,3.0,,0,0,0,47.0,
14302312,0,2015,4,11,13,14,12,10,6,8,0,9,0,0,5,7,0,3,1,0.33084,1,2,1,70.0,,5.0,,0,0,81,38.0,
14303991,0,2015,6,0,9,0,11,14,12,5,0,13,10,8,7,0,0,2,1,0.57657,1,2,1,60.0,,4.0,,0,0,82,,
14304645,0,2015,0,14,10,0,11,13,0,0,0,0,0,0,9,12,0,5,1,0.33678,1,2,1,80.0,,5.0,,0,0,77,,33.0
14305159,0,2015,14,11,8,0,10,12,0,0,0,13,0,0,9,0,0,4,1,0.37731,1,2,1,60.0,,4.0,,0,0,72,0.0,0.0
14305284,0,2015,0,6,10,0,9,14,13,5,0,11,7,0,8,0,12,4,1,0.34453,1,2,1,90.0,,5.0,,0,0,72,6.0,0.0
14305441,0,2015,5,0,9,0,13,10,8,11,12,0,4,7,14,6,0,3,0,0.25950,1,2,1,60.0,,5.0,,0,0,87,44.0,
14305938,0,2015,0,0,12,0,11,14,0,0,0,0,0,0,13,0,0,1,1,0.76667,1,2,1,70.0,,5.0,,0,0,81,29.0,
14306655,0,2015,9,11,0,13,12,10,0,8,14,0,0,0,7,0,0,2,1,0.43400,1,2,1,70.0,,6.0,,0,0,77,38.0,
14306665,0,2015,8,7,11,0,13,14,5,9,0,4,0,12,10,6,0,2,1,0.39613,1,2,1,60.0,,3.0,,0,0,81,50.0,64.0
14306833,1,2015,0,13,14,0,10,9,6,11,0,8,0,0,12,7,0,4,0,0.27577,1,2,1,60.0,25.0,6.0,,0,0,70,,
14306885,1,2015,8,0,10,0,11,14,0,0,0,13,9,0,12,0,0,3,1,0.38519,1,2,1,70.0,24.0,4.0,,0,0,77,,
14306953,0,2015,10,12,11,0,9,13,14,0,0,0,0,7,6,7,0,3,1,0.38297,1,2,1,90.0,,4.0,,0,0,86,40.0,20.0
14307578,0,2015,0,0,8,0,12,11,6,14,13,10,7,0,9,0,0,4,0,0.27401,1,2,1,60.0,,5.0,,0,0,81,,
14307587,0,2015,5,12,14,0,10,13,9,5,0,7,0,0,11,8,0,3,1,0.38267,1,2,1,70.0,,4.0,,0,0,77,74.0,
14307699,0,2015,6,9,12,0,8,14,0,10,0,5,0,7,13,11,0,3,1,0.46096,1,2,1,70.0,,4.0,,0,1,82,,14.0
14307925,0,2015,8,0,13,0,12,14,7,9,0,11,0,0,10,0,0,2,2,0.49105,1,2,1,60.0,,5.0,,0,0,78,40.0,
14308009,1,2015,7,0,8,14,12,11,0,0,13,0,6,0,10,9,0,2,1,0.58889,1,2,1,60.0,34.0,3.0,,0,0,81,61.0,64.0
14308974,0,2015,10,7,8,0,13,14,10,0,0,5,6,0,12,0,9,4,1,0.34445,1,2,1,70.0,,6.0,,0,0,69,,
14309250,1,2015,0,14,11,0,10,12,8,0,13,0,0,0,9,0,0,3,1,0.43811,1,2,1,60.0,28.0,4.0,,0,0,77,36.0,
14309579,1,2015,7,0,12,0,8,13,0,0,10,6,9,14,11,0,0,4,0,0.23968,1,2,1,70.0,25.0,4.0,,0,0,78,,12.0
14309655,0,2015,0,0,9,0,11,14,0,12,0,13,0,0,10,8,0,5,0,0.28643,1,2,1,50.0,,6.0,,0,0,81,0.0,0.0
14310169,0,2015,9,6,13,0,12,14,8,7,0,5,0,0,11,0,10,2,2,0.35561,1,2,1,70.0,,4.0,,0,0,83,2.0,14.0
14311480,0,2015,7,5,8,0,13,10,9,6,0,4,0,0,11,12,14,5,0,0.26881,1,2,0,80.0,,4.0,,0,0,0,,8.0
14311527,1,2015,0,14,8,0,12,10,0,0,13,9,7,0,11,0,0,2,2,0.35557,1,2,1,60.0,31.0,4.0,,0,0,77,9.0,
14312603,0,2015,5,7,11,14,9,13,0,6,0,4,10,12,8,0,0,4,1,0.36201,1,2,1,80.0,,3.0,,0,0,81,85.0,
14312670,0,2015,0,0,10,0,12,14,13,9,0,0,0,0,11,0,0,5,1,0.36507,1,2,1,60.0,,4.0,,0,0,79,29.0,23.0
14313366,0,2015,7,0,13,0,9,14,0,0,0,6,11,0,10,12,8,4,1,0.32377,1,2,0,70.0,,5.0,,0,0,0,,
14313616,0,2015,7,9,11,0,13,14,6,5,0,12,8,0,10,0,0,3,1,0.54502,1,2,1,80.0,,7.0,,0,0,87,32.0,10.0
14313889,1,2015,0,10,8,0,9,6,0,13,7,12,0,0,11,0,14,3,0,0.27444,1,2,1,70.0,34.0,4.0,,0,0,78,,
14314041,0,2015,0,13,9,0,10,8,0,12,14,11,0,0,7,0,0,3,1,0.38411,1,2,1,60.0,,5.0,,0,0,80,18.0,
14314323,0,2015,0,7,13,0,10,14,11,0,8,9,5,0,12,6,0,2,1,0.60807,1,2,1,70.0,,3.0,,0,0,73,6.0,4.0
14315377,0,2015,0,6,13,0,14,12,7,0,0,5,8,0,11,9,10,4,1,0.44474,1,2,1,60.0,,6.0,,0,0,74,,
14317497,0,2015,12,9,11,0,8,6,0,0,0,0,13,7,10,0,14,2,1,0.51668,1,2,1,50.0,,,93.0,0,0,81,46.0,
14318105,1,2015,0,0,0,0,11,13,0,0,14,0,12,10,9,0,0,2,2,0.35556,1,2,1,60.0,25.0,5.0,,0,0,75,,
14318191,0,2015,11,6,9,0,13,14,8,7,0,5,10,0,12,0,0,3,1,0.56292,1,2,1,60.0,,5.0,,0,0,80,0.0,
14318408,0,2015,0,8,10,14,9,11,0,0,13,6,7,0,12,0,0,3,1,0.39926,1,2,1,60.0,,3.0,,0,0,82,67.0,
14318602,0,2015,5,6,13,0,10,12,7,8,14,3,4,9,11,0,0,4,2,0.40671,1,2,1,60.0,,5.0,,0,0,74,4.0,
14318746,1,2015,0,8,13,14,6,12,10,0,0,9,6,0,11,0,0,3,1,0.30958,1,2,1,80.0,26.0,3.0,,0,0,80,22.0,
14318976,0,2015,11,0,13,0,10,8,9,0,0,14,0,0,12,0,0,5,1,0.30045,1,2,1,60.0,,4.0,,0,0,68,45.0,
14319224,1,2015,13,4,10,0,12,11,8,6,14,9,5,0,7,0,0,3,1,0.41333,1,2,1,70.0,27.0,6.0,,0,0,75,24.0,38.0
14319315,0,2015,5,11,10,7,13,14,9,0,8,6,0,0,12,0,0,1,1,0.61930,1,2,1,70.0,,4.0,,0,0,79,,
14321352,0,2015,0,0,10,14,13,11,8,4,0,7,9,12,5,0,6,4,1,0.33658,1,2,1,60.0,,4.0,,0,0,71,,8.0
14321698,1,2015,11,7,12,0,5,10,7,13,0,6,0,0,14,9,0,5,1,0.37125,1,2,1,60.0,26.0,5.0,,0,0,82,,
14322128,0,2015,13,7,11,0,9,14,0,8,0,6,0,10,12,0,0,3,1,0.31202,1,2,1,70.0,,4.0,,0,0,74,10.0,
14322222,0,2015,0,13,11,0,9,14,0,0,0,0,12,0,10,8,0,4,0,0.24631,1,2,1,60.0,,5.0,,0,0,82,20.0,
14322386,0,2015,10,0,0,0,12,13,14,0,0,9,8,0,11,0,0,5,1,0.37206,1,2,1,50.0,,4.0,,0,0,80,,25.0
14322429,0,2015,5,0,9,14,12,11,8,4,13,10,7,3,6,0,0,5,0,0.29525,1,2,1,70.0,,5.0,,0,0,70,7.0,
14322684,0,2015,0,10,12,0,6,8,0,0,14,9,7,13,11,0,0,3,1,0.35100,1,2,1,70.0,,6.0,,0,0,79,29.0,32.0
14323112,1,2015,0,9,0,0,12,14,8,13,0,11,0,0,10,0,0,2,2,0.59772,1,2,0,60.0,29.0,2.0,,0,0,0,46.0,
14323182,0,2015,9,0,7,0,6,14,11,0,12,10,0,0,8,12,0,2,0,0.27882,1,2,1,70.0,,4.0,,0,0,71,6.0,
14323285,0,2015,7,8,11,0,13,14,6,0,9,12,0,0,10,0,0,3,1,0.52706,1,2,1,60.0,,5.0,,0,0,81,69.0,
14323540,0,2015,14,0,7,0,7,12,0,11,0,5,9,0,10,6,13,2,1,0.68497,1,2,1,60.0,,4.0,,0,0,73,25.0,8.0
14324561,0,2015,11,13,0,0,14,12,0,10,0,0,0,0,0,0,0,4,0,0.28896,1,2,1,80.0,,4.0,,0,0,79,13.0,
14324682,0,2015,0,8,10,0,13,14,9,0,0,0,7,0,11,12,0,3,1,0.49190,1,2,1,90.0,,5.0,,0,0,84,20.0,
14324888,0,2015,0,11,0,0,10,6,0,7,14,12,0,0,9,13,8,4,0,0.27435,1,2,1,60.0,,5.0,,0,0,81,10.0,
14325064,1,2015,10,9,7,0,13,12,0,0,14,0,0,0,11,8,0,5,1,0.50237,1,2,1,80.0,32.0,6.0,,0,0,86,13.0,12.0
14325227,0,2015,0,0,0,0,12,10,0,0,0,0,0,13,11,14,0,2,1,0.69558,1,2,1,70.0,,4.0,,0,0,80,0.0,
14325607,0,2015,9,6,5,0,11,13,7,10,14,0,0,0,12,8,0,3,1,0.56400,1,2,1,60.0,,5.0,,0,0,79,18.0,13.0
14325743,0,2015,9,0,10,0,13,14,7,0,0,6,7,12,11,0,0,2,1,0.35271,1,2,1,60.0,,7.0,,0,0,79,,
14325951,1,2015,0,10,14,0,11,12,0,0,0,9,0,0,13,0,0,3,0,0.25889,1,2,1,60.0,24.0,5.0,,0,0,73,22.0,
14326151,0,2015,9,11,14,0,6,13,0,0,0,10,0,0,12,7,8,3,0,0.25041,1,2,1,70.0,,4.0,,0,0,78,14.0,
14326194,0,2015,0,0,0,0,11,13,10,0,0,0,0,14,12,0,0,4,0,0.28577,1,2,0,50.0,,5.0,,0,0,0,,
14326305,0,2015,14,7,12,0,11,13,9,6,0,8,0,0,10,0,0,3,2,0.43043,1,2,1,80.0,,5.0,,0,0,79,18.0,
14326367,0,2015,11,14,12,0,7,9,0,0,0,10,8,0,13,0,0,5,0,0.17039,1,2,1,60.0,,5.0,,0,0,79,,
14326490,0,2015,13,6,9,0,10,14,11,0,7,5,0,0,8,12,0,3,1,0.42311,1,2,1,70.0,,5.0,,0,0,72,,
14326541,1,2015,11,9,8,0,12,13,0,10,0,7,0,0,14,0,0,3,0,0.27022,1,2,1,80.0,25.0,4.0,,0,0,74,13.0,
14326549,0,2015,6,5,0,0,11,10,0,8,14,12,13,0,9,7,0,7,0,0.22964,1,2,1,60.0,,4.0,,0,0,81,10.0,36.0
14326755,0,2015,7,11,9,0,13,10,12,0,0,14,6,0,8,0,0,5,0,0.22254,1,2,1,60.0,,2.0,,0,0,69,55.0,
14326845,1,2015,0,8,13,0,7,12,0,10,14,9,0,0,11,0,0,3,1,0.49522,1,2,1,90.0,26.0,5.0,,0,0,87,38.0,
14326871,0,2015,0,12,13,0,0,8,7,0,14,9,0,0,11,10,0,2,2,0.35558,1,2,1,80.0,,5.0,,0,0,85,53.0,
14328223,0,2015,10,8,0,0,0,12,0,9,7,6,11,0,14,12,0,2,1,0.60444,1,2,1,70.0,,5.0,,0,0,80,17.0,
14329177,0,2015,0,10,9,0,14,12,8,6,0,0,7,13,11,0,0,3,1,0.48723,1,2,1,60.0,,2.0,,0,0,79,41.0,15.0
14329256,0,2015,0,0,11,0,13,14,12,8,0,0,0,0,9,10,0,3,2,0.32122,1,2,0,70.0,,4.0,,0,0,0,15.0,
14330511,0,2015,8,10,12,0,11,14,13,0,0,7,0,0,9,0,0,3,2,0.40667,1,2,1,70.0,,4.0,,0,0,81,64.0,
14336488,0,2015,12,5,13,0,4,14,7,6,0,11,8,0,10,0,9,4,0,0.28937,1,2,1,50.0,,5.0,,0,0,81,15.0,
14337233,0,2015,8,11,13,0,10,9,6,0,14,5,0,0,12,7,0,3,0,0.23049,1,2,1,70.0,,6.0,,0,0,80,30.0,38.0
14338273,1,2015,8,7,12,14,3,6,9,4,13,2,10,0,11,5,0,3,1,0.40140,1,2,1,60.0,28.0,4.0,,0,0,73,27.0,
14339224,0,2015,13,12,6,0,0,0,8,11,14,0,9,0,6,0,10,3,1,0.58885,1,2,1,60.0,,5.0,,0,0,77,6.0,
14344765,0,2015,0,13,11,0,0,9,0,0,0,0,14,10,12,8,0,4,0,0.26229,1,2,0,60.0,,5.0,,0,0,0,17.0,
14345486,0,2015,11,12,9,14,6,8,7,5,13,4,0,10,3,0,0,5,1,0.32738,1,2,1,80.0,,7.0,,0,0,83,58.0,
14346378,0,2015,14,0,0,11,13,9,7,12,0,0,0,0,8,10,0,4,0,0.29361,1,2,1,80.0,,4.0,,0,0,78,34.0,
14347270,0,2015,7,9,13,8,2,9,4,11,14,5,3,0,12,6,0,5,0,0.23615,1,2,1,60.0,,5.0,,0,0,77,7.0,
14349640,0,2015,4,8,12,14,5,11,6,9,13,10,0,0,7,0,0,2,1,0.57014,1,2,1,60.0,,4.0,,0,0,76,,
14349940,1,2015,6,0,7,0,12,13,11,14,0,9,5,0,10,7,0,4,1,0.41015,1,2,0,80.0,26.0,4.0,,0,0,0,45.0,20.0
14351784,0,2015,7,5,8,0,13,14,6,0,12,11,0,0,9,10,0,4,0,0.21627,1,2,1,60.0,,5.0,,0,0,79,,13.0
14352092,0,2015,0,5,6,0,11,12,8,10,0,0,7,9,13,0,14,4,1,0.33410,1,2,1,50.0,,5.0,,0,0,80,17.0,
14352147,1,2015,0,12,13,0,9,14,10,0,8,0,0,0,11,0,0,4,0,0.24452,1,2,1,70.0,29.0,4.0,,0,0,70,17.0,18.0
14354180,0,2015,9,0,7,0,10,14,8,0,0,0,0,13,12,0,11,3,0,0.28431,1,2,1,70.0,,4.0,,0,0,79,,
14356949,1,2015,6,0,13,0,12,11,5,7,14,8,10,0,9,0,0,3,1,0.37010,1,2,1,70.0,29.0,5.0,,0,0,78,70.0,
14358142,0,2015,12,0,7,0,14,13,8,0,0,10,0,0,11,9,0,3,1,0.38791,1,2,1,80.0,,4.0,,0,0,80,,
14358685,0,2015,10,0,8,0,14,13,9,7,0,6,0,0,11,12,0,3,1,0.36859,1,2,1,60.0,,5.0,,0,0,79,,
14359910,0,2015,0,0,0,0,7,12,9,13,0,9,11,0,8,13,0,4,1,0.33069,1,2,1,60.0,,5.0,,0,0,70,21.0,
14370456,1,2015,0,10,13,0,12,14,8,0,0,0,0,0,11,9,0,3,1,0.42464,1,2,1,80.0,25.0,4.0,,0,0,85,0.0,5.0
14374839,0,2015,0,9,0,0,14,12,0,13,0,10,8,0,11,0,0,3,2,0.31415,1,2,1,60.0,,4.0,,0,0,72,17.0,
14380141,0,2015,8,0,14,0,12,10,0,0,0,11,0,0,7,9,13,4,1,0.30668,1,2,0,80.0,,5.0,,0,0,0,13.0,
14387115,0,2015,13,0,6,0,8,10,9,11,12,0,14,0,7,0,0,3,0,0.29025,1,2,0,80.0,,3.0,,0,0,0,0.0,
14387384,0,2015,0,0,11,9,12,14,13,0,0,0,0,0,10,8,0,2,1,0.48890,1,2,0,70.0,,,94.0,0,0,0,22.0,24.0
14442471,0,2015,5,7,11,10,13,14,12,6,0,4,0,0,9,8,0,2,1,0.60450,1,2,1,90.0,,,93.0,0,0,89,85.0,
14499605,1,2015,9,11,14,0,4,8,13,4,0,10,3,7,12,4,0,3,1,0.30864,1,2,1,90.0,24.0,2.0,,0,0,79,0.0,
